id,clap_embedding,clap_status,clap_error
1dff287a-bf34-4e80-9505-52766d2bfda8,,failed,[Errno 2] No such file or directory: 'ffmpeg'
d30d00f8-633d-4c85-9f10-e41fc0ea4780,,failed,[Errno 2] No such file or directory: 'ffmpeg'
4368c30e-a587-483c-86df-749ee160e930,,failed,[Errno 2] No such file or directory: 'ffmpeg'
a4ba958a-994b-43ca-bae2-a60cd84ad3d3,,failed,[Errno 2] No such file or directory: 'ffmpeg'
f6ad8d62-e425-4e99-bd61-ec460691dfc6,,failed,[Errno 2] No such file or directory: 'ffmpeg'
6bc7b6cd-ff35-434b-b9f9-8fb1105a0cf3,,failed,[Errno 2] No such file or directory: 'ffmpeg'
1860aaba-71e2-49cd-8f0f-0ce1807e21c2,,failed,[Errno 2] No such file or directory: 'ffmpeg'
a7c269ed-f38b-4f15-a7b2-b692cdb53a29,,failed,[Errno 2] No such file or directory: 'ffmpeg'
3a7a8ebd-5b75-4c20-89cb-bd9906d8591b,,failed,[Errno 2] No such file or directory: 'ffmpeg'
83ab625b-736c-4ec9-acc9-6f037cd42d84,,failed,[Errno 2] No such file or directory: 'ffmpeg'
ad49e621-f522-4ff2-a665-2c2fbad16fc2,,failed,[Errno 2] No such file or directory: 'ffmpeg'
6e7fd4fd-d72a-4fcd-a29a-02f7c9267278,,failed,[Errno 2] No such file or directory: 'ffmpeg'
ca6f5410-ca34-42bc-a16d-b76d78e82435,,failed,[Errno 2] No such file or directory: 'ffmpeg'
da974a87-3062-4084-9f08-387eaa2dd9e0,,failed,[Errno 2] No such file or directory: 'ffmpeg'
c0fe394b-6f0e-4cb1-934b-52248c1fa505,,failed,[Errno 2] No such file or directory: 'ffmpeg'
46f2b755-0cbf-4e34-bbc0-701c794ab643,,failed,[Errno 2] No such file or directory: 'ffmpeg'
84cb5b23-465f-44fc-8366-5913a9350efb,,failed,[Errno 2] No such file or directory: 'ffmpeg'
a1674039-a3bb-46e7-aefb-2a1d13b11b19,,failed,[Errno 2] No such file or directory: 'ffmpeg'
3f4d5feb-8109-4f15-9d6b-93f35b6bb5b1,,failed,[Errno 2] No such file or directory: 'ffmpeg'
f11559d7-d8ac-4e78-9868-c3352e02ce66,,failed,[Errno 2] No such file or directory: 'ffmpeg'
456295c9-0560-482d-8d13-86624c48106a,,failed,[Errno 2] No such file or directory: 'ffmpeg'
a0362d27-0c3b-4259-9d59-e755da5f0833,,failed,[Errno 2] No such file or directory: 'ffmpeg'
e7215ae1-080f-493b-8d28-d04e3a1ff722,,failed,[Errno 2] No such file or directory: 'ffmpeg'
9afb3472-9dc9-498c-8948-dcf411ceb133,,failed,[Errno 2] No such file or directory: 'ffmpeg'
8e0d2a58-2a1d-4230-a358-ec74e38696f5,,failed,[Errno 2] No such file or directory: 'ffmpeg'
54a2f4b1-f5cc-4fd1-9234-f91db69a0651,,failed,[Errno 2] No such file or directory: 'ffmpeg'
d46ac973-f1f5-474d-a411-eda690d228cd,,failed,[Errno 2] No such file or directory: 'ffmpeg'
110a3f7c-1c07-4415-bc46-9e07910032ff,,failed,[Errno 2] No such file or directory: 'ffmpeg'
8cba9da9-5890-401c-92aa-f9765887ecac,,failed,[Errno 2] No such file or directory: 'ffmpeg'
115bc709-6202-4795-9efa-fe95d022de12,,failed,[Errno 2] No such file or directory: 'ffmpeg'
a6c9a674-7b08-4f06-86f5-e0f8bc375b87,,failed,[Errno 2] No such file or directory: 'ffmpeg'
750ce8bd-0652-46fd-a65c-adea236a61a4,,failed,[Errno 2] No such file or directory: 'ffmpeg'
61eeb5fc-410e-4b36-93b2-54faa0bb511f,,failed,[Errno 2] No such file or directory: 'ffmpeg'
39df7bcd-fddf-40a8-a559-0e9b3eea6b9e,,failed,[Errno 2] No such file or directory: 'ffmpeg'
52848e2d-336b-4941-9e6d-33ce4f219285,,failed,[Errno 2] No such file or directory: 'ffmpeg'
870ba226-3df5-4eef-aa42-9bc3426741c8,,failed,[Errno 2] No such file or directory: 'ffmpeg'
fcceed0d-ac1a-4c2f-ad2b-c480a46c18d0,,failed,[Errno 2] No such file or directory: 'ffmpeg'
941b4b23-d7a2-4345-abb6-c63d912ffcf7,,failed,[Errno 2] No such file or directory: 'ffmpeg'
0bc35cf6-92c1-4592-8a15-d32dec311312,,failed,[Errno 2] No such file or directory: 'ffmpeg'
f63cb54c-be18-4692-b355-36de8ffea43c,,failed,[Errno 2] No such file or directory: 'ffmpeg'
e25bf79d-0fe9-477a-a664-d36ac24290e8,,failed,[Errno 2] No such file or directory: 'ffmpeg'
55433d7b-ce8c-428c-baaf-79de97e0ac5b,,failed,[Errno 2] No such file or directory: 'ffmpeg'
d8d1b47e-a030-4d0c-a89f-ae2b3602e0df,,failed,[Errno 2] No such file or directory: 'ffmpeg'
40a67bd5-c092-45c7-b966-e02a7100e496,,failed,[Errno 2] No such file or directory: 'ffmpeg'
9b40c149-b3ac-49d3-8a2a-70cdc1d4686b,,failed,[Errno 2] No such file or directory: 'ffmpeg'
d0c6ddfc-b407-4b71-85d9-713111f4d316,,failed,[Errno 2] No such file or directory: 'ffmpeg'
2f3fd8bb-251b-4676-a9f7-ea4dded5f768,,failed,[Errno 2] No such file or directory: 'ffmpeg'
69c74b49-ac74-4f2b-bc5c-0182c417226c,,failed,[Errno 2] No such file or directory: 'ffmpeg'
8ddd3ac9-625c-4cb9-8b59-b3ae4ef137d5,,failed,[Errno 2] No such file or directory: 'ffmpeg'
bb5dace1-3c09-45a3-a33c-a5bf90f2a3c5,,failed,[Errno 2] No such file or directory: 'ffmpeg'
194417cb-c135-49ab-a406-c7a3a2874c2c,,failed,[Errno 2] No such file or directory: 'ffmpeg'
027e2793-4234-4fb5-bcdd-61f273cef42c,,failed,[Errno 2] No such file or directory: 'ffmpeg'
0fb6ae03-c8a0-4614-b54e-b4333c356c4f,,failed,[Errno 2] No such file or directory: 'ffmpeg'
421acfa2-8cf2-4dc2-a47d-b1a11d82b3eb,,failed,[Errno 2] No such file or directory: 'ffmpeg'
0b641cda-ac8e-4b1f-bf01-94d8ec5009cd,,failed,[Errno 2] No such file or directory: 'ffmpeg'
cd64d997-7203-4d0e-aa6b-3e14d440f2b2,,failed,[Errno 2] No such file or directory: 'ffmpeg'
47bac8ea-0019-4a79-8e67-393cf749ec41,,failed,[Errno 2] No such file or directory: 'ffmpeg'
2c16fe40-c1b1-4eed-969e-2e7d9e4577f5,,failed,[Errno 2] No such file or directory: 'ffmpeg'
23195349-89ec-4aa6-adbf-a38775209c77,,failed,[Errno 2] No such file or directory: 'ffmpeg'
f89fec61-59ac-46c9-a50c-04cc4a3a7892,,failed,[Errno 2] No such file or directory: 'ffmpeg'
37e2702d-d7d7-4b04-a34c-be183452c003,,failed,[Errno 2] No such file or directory: 'ffmpeg'
2d6849a9-3f10-424d-a652-a6f7f6a111af,,failed,[Errno 2] No such file or directory: 'ffmpeg'
8175d02c-4cd1-422d-acde-72d9fd95268d,,failed,[Errno 2] No such file or directory: 'ffmpeg'
afec44c3-9e35-415d-b868-d554f420b731,,failed,[Errno 2] No such file or directory: 'ffmpeg'
40933365-0929-4020-92b7-127cca462c06,,failed,[Errno 2] No such file or directory: 'ffmpeg'
7c397f7c-1aaf-4f36-a567-d13c2cd366fc,,failed,[Errno 2] No such file or directory: 'ffmpeg'
784a48b2-d020-4c86-8e14-0289d09c31f9,,failed,[Errno 2] No such file or directory: 'ffmpeg'
0bc7d2ef-d9d7-47f6-9459-e477f6933186,,failed,[Errno 2] No such file or directory: 'ffmpeg'
66708cfa-b436-4c19-9aaa-874d73a2f70d,,failed,[Errno 2] No such file or directory: 'ffmpeg'
21d5931b-b996-4ef7-9546-7df8ac7af36e,,failed,[Errno 2] No such file or directory: 'ffmpeg'
0ccccd0f-f5f4-4957-9311-ec738fb1a339,,failed,[Errno 2] No such file or directory: 'ffmpeg'
bb3a8518-4ab5-4e81-afd0-bd866bf31594,,failed,[Errno 2] No such file or directory: 'ffmpeg'
e1d440d4-6b72-427d-a681-1308ff193023,,failed,[Errno 2] No such file or directory: 'ffmpeg'
727a4fe9-8e0d-4a71-88ef-39414fe2c933,,failed,[Errno 2] No such file or directory: 'ffmpeg'
0762c8c5-d52c-48e1-8caf-510028e48e0d,,failed,[Errno 2] No such file or directory: 'ffmpeg'
d28886ec-b940-4e2f-9439-57616872fd69,,failed,[Errno 2] No such file or directory: 'ffmpeg'
3712c974-d1b2-4c8d-baca-9a932d3a98c8,,failed,[Errno 2] No such file or directory: 'ffmpeg'
9a7d44ba-ebf8-42fe-ba2b-6280704bf898,,failed,[Errno 2] No such file or directory: 'ffmpeg'
989ab65f-336d-44a7-9e4b-bbfa38ad8f20,,failed,[Errno 2] No such file or directory: 'ffmpeg'
dc5e7c3d-7c6a-49a7-8918-56d2042341be,,failed,[Errno 2] No such file or directory: 'ffmpeg'
1b7ec8d6-774e-4734-af4f-6cfb95150584,,failed,[Errno 2] No such file or directory: 'ffmpeg'
77920485-ff3a-48d1-bcc9-8574426cdb16,,failed,[Errno 2] No such file or directory: 'ffmpeg'
cce59760-efbb-4ca9-93a0-b2faccfb2feb,,failed,[Errno 2] No such file or directory: 'ffmpeg'
129c1dc3-d9af-45e3-bba1-c9d0f57640d3,,failed,[Errno 2] No such file or directory: 'ffmpeg'
15e5670d-1018-4d23-935b-0695f38ffa7d,,failed,[Errno 2] No such file or directory: 'ffmpeg'
3a2277b0-3a05-451e-bf76-588e42d2e4a9,,failed,[Errno 2] No such file or directory: 'ffmpeg'
ea39e580-d6fb-4052-af48-4439fee24ff6,,failed,[Errno 2] No such file or directory: 'ffmpeg'
1f476f39-b112-404a-a0fd-dc229ac13761,,failed,[Errno 2] No such file or directory: 'ffmpeg'
708d03bb-29fd-485c-81de-da54702ba599,,failed,[Errno 2] No such file or directory: 'ffmpeg'
d752fdbb-e9d5-41af-ac31-05eddfa18e3f,,failed,[Errno 2] No such file or directory: 'ffmpeg'
ee73a0bb-ac1c-46f7-89e3-9832d21203a7,,failed,[Errno 2] No such file or directory: 'ffmpeg'
51d9300a-dc7d-4758-af24-ebdf846d8d19,,failed,[Errno 2] No such file or directory: 'ffmpeg'
e02bf449-0214-4f0f-b6f2-9ad974db919d,,failed,[Errno 2] No such file or directory: 'ffmpeg'
7abc8b0e-27da-487b-a57d-17bb2c1f60a6,,failed,[Errno 2] No such file or directory: 'ffmpeg'
a2d71567-2c92-45c0-9e68-a7ba5d37200e,,failed,[Errno 2] No such file or directory: 'ffmpeg'
a9849e74-9e5e-4a37-8be5-ff45808c7720,,failed,[Errno 2] No such file or directory: 'ffmpeg'
671b7cd4-ec16-44bf-bb01-a7fba134e37c,,failed,[Errno 2] No such file or directory: 'ffmpeg'
2567a9a7-f8c3-4093-923d-feb3bb2909c9,,failed,[Errno 2] No such file or directory: 'ffmpeg'
e6510e16-7d9a-4018-b15b-88cbc76f2c6d,,failed,[Errno 2] No such file or directory: 'ffmpeg'
8c64790c-a97b-4e57-974f-b9f36478bb87,,failed,[Errno 2] No such file or directory: 'ffmpeg'
df2fecfb-259b-41fa-b2ea-e6bb84f15b72,,failed,[Errno 2] No such file or directory: 'ffmpeg'
86f7c9ee-0eb0-4937-a476-a0fd36affc61,,failed,[Errno 2] No such file or directory: 'ffmpeg'
a06ea007-86db-488f-a178-072b77dd8843,,failed,[Errno 2] No such file or directory: 'ffmpeg'
bff25035-81b0-4aa2-b828-07a8de84b393,,failed,[Errno 2] No such file or directory: 'ffmpeg'
2299e466-2c6c-4227-bf2e-5543489ac896,,failed,[Errno 2] No such file or directory: 'ffmpeg'
15b0b948-690e-4b03-9dcb-631caccc2f5d,,failed,[Errno 2] No such file or directory: 'ffmpeg'
6c7650a8-fce7-4895-8607-a26e8dd6901c,,failed,[Errno 2] No such file or directory: 'ffmpeg'
637f50bc-e5aa-4037-87e1-cdb284ec5559,,failed,[Errno 2] No such file or directory: 'ffmpeg'
3ddb2c52-c5b6-4925-a878-f6243cd59c81,,failed,[Errno 2] No such file or directory: 'ffmpeg'
64de7541-dfaf-41f3-b85b-509de7628722,,failed,[Errno 2] No such file or directory: 'ffmpeg'
6352aabe-739c-4d1b-b822-3cbd78a5923c,,failed,[Errno 2] No such file or directory: 'ffmpeg'
737ee65b-c8fb-4dc6-8dbe-69a893d9868b,,failed,[Errno 2] No such file or directory: 'ffmpeg'
46d4e5a0-102e-4b3f-9e75-96e1c2b17fec,,failed,[Errno 2] No such file or directory: 'ffmpeg'
3c331eaf-514c-4b20-b394-6037ab946921,,failed,[Errno 2] No such file or directory: 'ffmpeg'
c2ffc36d-0bc8-4fa5-8d61-2b125f410262,,failed,[Errno 2] No such file or directory: 'ffmpeg'
38b44438-40e0-4009-8084-e3ec2c03859c,,failed,[Errno 2] No such file or directory: 'ffmpeg'
4325ec54-c092-40d6-acfe-bcd29f271fa9,,failed,[Errno 2] No such file or directory: 'ffmpeg'
0492878a-ed36-437f-bf8c-126573eeb0d9,,failed,[Errno 2] No such file or directory: 'ffmpeg'
b82e2bfc-9de1-4137-8e9b-7a94d18385f5,,failed,[Errno 2] No such file or directory: 'ffmpeg'
31e7e1a4-7da1-44eb-8940-4f1f467ea47f,,failed,[Errno 2] No such file or directory: 'ffmpeg'
06f68473-c18c-4001-8a4a-c505a81102f4,,failed,[Errno 2] No such file or directory: 'ffmpeg'
846aa572-5f33-48a4-a067-f1295ee6f172,,failed,[Errno 2] No such file or directory: 'ffmpeg'
f44c7793-4c52-419c-a5dc-65c0d991b764,,failed,[Errno 2] No such file or directory: 'ffmpeg'
6ef133aa-a8a8-48cf-a4c5-7b05e8b7f417,,failed,[Errno 2] No such file or directory: 'ffmpeg'
0012d176-c941-4c93-96cb-a710b0790c55,,failed,[Errno 2] No such file or directory: 'ffmpeg'
5bd94a8e-f1a0-40ca-9185-1968327a8585,,failed,[Errno 2] No such file or directory: 'ffmpeg'
f40ee37b-eddb-4c63-bdd9-d99c74f0568c,,failed,[Errno 2] No such file or directory: 'ffmpeg'
beea320e-4f29-4aa9-b2f2-58bec3486666,,failed,[Errno 2] No such file or directory: 'ffmpeg'
8d0a86a2-4fbb-4c36-95b3-ea0c94bb785e,,failed,[Errno 2] No such file or directory: 'ffmpeg'
a2be19ed-9931-4146-8e01-93ff60575f65,,failed,[Errno 2] No such file or directory: 'ffmpeg'
17cd6366-8d99-4903-8c05-c22df28e93e2,,failed,[Errno 2] No such file or directory: 'ffmpeg'
fa059a86-423c-40fe-8438-57924ad3789e,,failed,[Errno 2] No such file or directory: 'ffmpeg'
578b159f-0d0a-4026-8748-3aaec6b4f628,,failed,[Errno 2] No such file or directory: 'ffmpeg'
188e67a3-5cb1-4337-886c-b9052556867e,,failed,[Errno 2] No such file or directory: 'ffmpeg'
a5955f32-7a93-4445-8ad0-e75e42b5afc8,,failed,[Errno 2] No such file or directory: 'ffmpeg'
af180310-400b-4ccc-bb2f-f25caff7d65d,,failed,[Errno 2] No such file or directory: 'ffmpeg'
a0138d66-90cf-4e16-81cc-df1f26207b1e,,failed,[Errno 2] No such file or directory: 'ffmpeg'
c2bd4488-4d6e-47f9-903b-be79c7808ded,,failed,[Errno 2] No such file or directory: 'ffmpeg'
fc927468-3d34-4483-ab1b-0e4a1f6ea0ee,,failed,[Errno 2] No such file or directory: 'ffmpeg'
8496d1e1-9c4e-442e-9139-97ac11afb765,,failed,[Errno 2] No such file or directory: 'ffmpeg'
6ac24838-c9d5-473f-a84e-5d888dc07815,,failed,[Errno 2] No such file or directory: 'ffmpeg'
9cfa502b-69b1-4a56-bc77-222e70e46a35,,failed,[Errno 2] No such file or directory: 'ffmpeg'
2fef0048-8c80-4d54-9d29-fd69417a0398,,failed,[Errno 2] No such file or directory: 'ffmpeg'
9136d3bb-c25a-473d-aaa5-6b304bda2b89,,failed,[Errno 2] No such file or directory: 'ffmpeg'
102e1aed-c52b-4cc1-aca4-89d2b7bd7e7f,,failed,[Errno 2] No such file or directory: 'ffmpeg'
4cbf703e-eea0-45c4-834f-dab7ba113142,,failed,[Errno 2] No such file or directory: 'ffmpeg'
f88d7de5-d8ff-4e2b-a726-dae097a037f4,,failed,[Errno 2] No such file or directory: 'ffmpeg'
50414907-f61c-42dc-b3e4-6044794a9985,,failed,[Errno 2] No such file or directory: 'ffmpeg'
879d1f73-6133-4e73-a4e1-86abe306bf9a,,failed,[Errno 2] No such file or directory: 'ffmpeg'
54a71a41-5c75-4a69-8581-7ead5cc6c4fa,,failed,[Errno 2] No such file or directory: 'ffmpeg'
7edcd001-c73c-4fc8-9cda-ec0715182e1a,,failed,[Errno 2] No such file or directory: 'ffmpeg'
b2b94096-a1a4-4f56-acfd-c25ecfa2980e,,failed,[Errno 2] No such file or directory: 'ffmpeg'
a2a44120-84ba-435b-b0e5-83d99e342500,,failed,[Errno 2] No such file or directory: 'ffmpeg'
a0dd6fbc-e38e-44d4-b732-bb7d5776fb42,,failed,[Errno 2] No such file or directory: 'ffmpeg'
ed50d2be-5a75-43e6-91ed-0919049aa5d3,,failed,[Errno 2] No such file or directory: 'ffmpeg'
6b585123-85ec-4198-aede-7de13bb29de8,,failed,[Errno 2] No such file or directory: 'ffmpeg'
4d77b8d6-65fa-42da-a63f-a4868cbabd80,,failed,[Errno 2] No such file or directory: 'ffmpeg'
43a07889-33fb-4118-b7dd-1af60b242c37,,failed,[Errno 2] No such file or directory: 'ffmpeg'
ae904463-f16a-4f1d-b855-1038d4b85836,,failed,[Errno 2] No such file or directory: 'ffmpeg'
9b164cbb-c816-4d56-8cda-318a05426f35,,failed,[Errno 2] No such file or directory: 'ffmpeg'
8be4c01c-4f86-41e5-94ad-bdedbe9af647,,failed,[Errno 2] No such file or directory: 'ffmpeg'
d55aedb6-bf53-45c0-8540-34d149ce4c04,,failed,[Errno 2] No such file or directory: 'ffmpeg'
a3a77e76-6b70-48b4-92ab-8458858c29a4,,failed,[Errno 2] No such file or directory: 'ffmpeg'
37071301-4944-42b1-ab3c-c619337130e9,,failed,[Errno 2] No such file or directory: 'ffmpeg'
54276b62-83c8-4114-8437-bce1b8e74eb7,,failed,[Errno 2] No such file or directory: 'ffmpeg'
891957f9-4a53-4ae1-ae42-83a577e50f94,,failed,[Errno 2] No such file or directory: 'ffmpeg'
e5c5dad2-7707-4806-ada5-dc02f975ffad,,failed,[Errno 2] No such file or directory: 'ffmpeg'
61a6f0ab-c2c2-412b-b6eb-1e3afa0b0636,,failed,[Errno 2] No such file or directory: 'ffmpeg'
96069d7d-c459-4bd7-a404-4b2904764aac,,failed,[Errno 2] No such file or directory: 'ffmpeg'
6741b9e2-dc09-4a8f-8b8a-26c788d75971,,failed,[Errno 2] No such file or directory: 'ffmpeg'
25b5319b-49c0-4446-aa8e-97894301dcb3,,failed,[Errno 2] No such file or directory: 'ffmpeg'
5b9c6cdf-711b-4490-8130-a8f402be5772,,failed,[Errno 2] No such file or directory: 'ffmpeg'
00bd12dd-3ecc-47dc-bd8a-2fbe3fb845a8,,failed,[Errno 2] No such file or directory: 'ffmpeg'
517e482d-b62c-4477-8ef2-e54d80c63d99,,failed,[Errno 2] No such file or directory: 'ffmpeg'
36854b6b-1337-4550-9ccf-e0c0d75b598e,,failed,[Errno 2] No such file or directory: 'ffmpeg'
1ddba0a7-7f20-4c02-8162-8cd94662a288,,failed,[Errno 2] No such file or directory: 'ffmpeg'
c4b11aa1-1e7c-48c4-8902-40eeec288a11,,failed,[Errno 2] No such file or directory: 'ffmpeg'
58a144c5-a3d4-4755-bac1-894ebc1954a2,,failed,[Errno 2] No such file or directory: 'ffmpeg'
ad7daad8-6cdd-4d8b-af7e-900f4441fbc2,,failed,[Errno 2] No such file or directory: 'ffmpeg'
2e9c64d1-35b3-448a-b840-82f54ef5f6a7,,failed,[Errno 2] No such file or directory: 'ffmpeg'
35a1bf09-23da-4ccd-80be-60fc8a5f85de,,failed,[Errno 2] No such file or directory: 'ffmpeg'
8564cac4-1aa1-4678-a8ca-f0c16e2e368a,,failed,[Errno 2] No such file or directory: 'ffmpeg'
f84c10c4-56c9-4a04-9c7b-684205dfa302,,failed,[Errno 2] No such file or directory: 'ffmpeg'
ee12f1c0-ad6b-4047-9ba6-cc29bac3e08b,,failed,[Errno 2] No such file or directory: 'ffmpeg'
bc396d75-5d4a-40be-a0df-af9aabf00b52,,failed,[Errno 2] No such file or directory: 'ffmpeg'
0c129fbc-06e7-4bd5-afe4-4222b9404d55,,failed,[Errno 2] No such file or directory: 'ffmpeg'
170a0781-2348-4235-a017-c922f42a3114,,failed,[Errno 2] No such file or directory: 'ffmpeg'
23df8f45-a50e-437f-a7c8-5ee06b2c0f16,,failed,[Errno 2] No such file or directory: 'ffmpeg'
4122448d-1c01-4d67-96fe-a708dbe46621,,failed,[Errno 2] No such file or directory: 'ffmpeg'
21d7ab49-0ef3-42c9-bd35-9752ef14ec70,,failed,[Errno 2] No such file or directory: 'ffmpeg'
71ab4e5e-0754-44e3-8b6f-ddf7f468337c,,failed,[Errno 2] No such file or directory: 'ffmpeg'
0b26fb9e-b22a-48ae-99c7-d3403bfb5421,,failed,[Errno 2] No such file or directory: 'ffmpeg'
7d36da8e-eadb-4f21-9a9f-8c7c6dce07cf,,failed,[Errno 2] No such file or directory: 'ffmpeg'
1d948e3c-2883-411a-ba04-68b1210382c4,,failed,[Errno 2] No such file or directory: 'ffmpeg'
d8bb0770-601a-4ac2-a879-4da293548a25,,failed,[Errno 2] No such file or directory: 'ffmpeg'
fadb2fed-418b-430f-a812-2a2ece8c846f,,failed,[Errno 2] No such file or directory: 'ffmpeg'
4b8dda46-e0f3-4812-a273-4fe59878e56e,,failed,[Errno 2] No such file or directory: 'ffmpeg'
00a698aa-4af9-4fb8-ad47-bf8c71d59110,,failed,[Errno 2] No such file or directory: 'ffmpeg'
b4dbb9bb-ba02-4513-8342-ccd92f397cd5,,failed,[Errno 2] No such file or directory: 'ffmpeg'
734a1efc-a505-4527-bfcf-00ce8c82c1c8,,failed,[Errno 2] No such file or directory: 'ffmpeg'
c63de5ab-b6c5-45df-a48d-336d1b08010c,,failed,[Errno 2] No such file or directory: 'ffmpeg'
05f96b85-3da5-42df-9110-e8a5ee563183,,failed,[Errno 2] No such file or directory: 'ffmpeg'
eac76972-dd00-4561-8646-c5192ab43983,,failed,[Errno 2] No such file or directory: 'ffmpeg'
bf78f066-2170-4cbb-bbf1-32a151fbf3f4,,failed,[Errno 2] No such file or directory: 'ffmpeg'
0ac02103-cb81-445c-9c01-700e3aafa802,,failed,[Errno 2] No such file or directory: 'ffmpeg'
acffa0fd-0a4d-4c42-a88b-d1c8a90805ec,,failed,[Errno 2] No such file or directory: 'ffmpeg'
e975e767-1442-414e-b234-e549411c4bbf,,failed,[Errno 2] No such file or directory: 'ffmpeg'
2c54f4a9-5bf0-4210-af7b-c149c749c9e4,,failed,[Errno 2] No such file or directory: 'ffmpeg'
ec0aa1e2-116c-4eab-9899-7384d7490263,,failed,[Errno 2] No such file or directory: 'ffmpeg'
3f2fcce2-5f80-4473-8ae7-adc8db292fe9,,failed,[Errno 2] No such file or directory: 'ffmpeg'
e0a59939-d328-4083-9e55-6d7674430bdb,,failed,[Errno 2] No such file or directory: 'ffmpeg'
179f92b8-7a00-4f75-8623-81d31888962d,,failed,[Errno 2] No such file or directory: 'ffmpeg'
d0de5c16-d034-4f2a-a6c4-903c63a4a55b,,failed,[Errno 2] No such file or directory: 'ffmpeg'
afdc26c9-762c-4b87-bd09-acee9adf4bbb,,failed,[Errno 2] No such file or directory: 'ffmpeg'
769e52ed-42c7-405d-82ba-6e9e2014f223,,failed,[Errno 2] No such file or directory: 'ffmpeg'
8b332ebe-4c8d-4b52-9f7b-91f3d4a7db53,,failed,[Errno 2] No such file or directory: 'ffmpeg'
e01a5ed3-8a09-42ea-b726-1b17bbe31188,,failed,[Errno 2] No such file or directory: 'ffmpeg'
2fd44fbe-3be1-4787-9699-053710da2bb4,,failed,[Errno 2] No such file or directory: 'ffmpeg'
ecd5a6ed-4cdc-4684-8ed5-73bf41fa1542,,failed,[Errno 2] No such file or directory: 'ffmpeg'
49a78dc0-82f8-4238-a27b-43638ee5fabc,,failed,[Errno 2] No such file or directory: 'ffmpeg'
ddda19e5-88b1-4ef5-a9e6-8b73cc945dd9,,failed,[Errno 2] No such file or directory: 'ffmpeg'
2e392c9d-2d1f-453c-9bfa-8110ee303a3d,,failed,[Errno 2] No such file or directory: 'ffmpeg'
eb7ebeb3-9289-4275-b951-6704f8d5da45,,failed,[Errno 2] No such file or directory: 'ffmpeg'
a4ed941c-144a-4444-ad47-a57a5eb54388,,failed,[Errno 2] No such file or directory: 'ffmpeg'
511d3d58-6786-4644-a4a1-a2292cd1c1b2,,failed,[Errno 2] No such file or directory: 'ffmpeg'
901af6c5-8472-4148-aa48-f696a7551b7f,,failed,[Errno 2] No such file or directory: 'ffmpeg'
356f4a15-9be8-42ec-9ab2-51378c0aa5d4,,failed,[Errno 2] No such file or directory: 'ffmpeg'
0d44c05e-542b-44bf-81fc-2ad3c13ccafd,,failed,[Errno 2] No such file or directory: 'ffmpeg'
0c57c40a-6047-47fb-9cf6-7426812457e9,,failed,[Errno 2] No such file or directory: 'ffmpeg'
5ca761ae-e21e-401c-ac40-47c5d10ab749,,failed,[Errno 2] No such file or directory: 'ffmpeg'
c678fea4-58ff-4a0a-a093-db5c1282cff2,,failed,[Errno 2] No such file or directory: 'ffmpeg'
795d0041-f448-4a9e-8d88-a8df63fa112d,,failed,[Errno 2] No such file or directory: 'ffmpeg'
8e12c8f5-418d-491b-8068-ebd6c51b65b8,,failed,[Errno 2] No such file or directory: 'ffmpeg'
562dcbe8-bb43-403d-b423-c9c42674485a,,failed,[Errno 2] No such file or directory: 'ffmpeg'
4c276cb6-e5fc-4858-8bbf-e292724c04d6,,failed,[Errno 2] No such file or directory: 'ffmpeg'
09b22b2c-e292-495d-8831-b558afdc8685,,failed,[Errno 2] No such file or directory: 'ffmpeg'
8599b47a-aea0-4e30-99b6-649dcbae0a9b,,failed,[Errno 2] No such file or directory: 'ffmpeg'
83800fb7-d5a0-4d6e-8313-ce6328df8939,,failed,[Errno 2] No such file or directory: 'ffmpeg'
b8582820-814c-404b-b71d-1c0bc45b15b9,,failed,[Errno 2] No such file or directory: 'ffmpeg'
623170c9-60cc-409a-af3e-17471dcf669f,,failed,[Errno 2] No such file or directory: 'ffmpeg'
e27b5b1e-839d-4aa9-ba2e-d9126f395f3d,,failed,[Errno 2] No such file or directory: 'ffmpeg'
2a8d5f41-f32e-452c-b942-b5db0fd54706,,failed,[Errno 2] No such file or directory: 'ffmpeg'
c5e34e06-a9cf-4722-8f6f-8690b15d4f80,,failed,[Errno 2] No such file or directory: 'ffmpeg'
f9953737-6005-4327-a9d2-11b81d9b2b74,,failed,[Errno 2] No such file or directory: 'ffmpeg'
338a05aa-5aec-41af-8eac-46a252dd3dde,,failed,[Errno 2] No such file or directory: 'ffmpeg'
0a50ebee-d6ab-4fbc-b85b-c29390d8620c,,failed,[Errno 2] No such file or directory: 'ffmpeg'
0aedae2d-4ef7-4f1b-96dc-6271c53e159c,,failed,[Errno 2] No such file or directory: 'ffmpeg'
56ed1abe-583b-40ff-9839-8044c73ce765,,failed,[Errno 2] No such file or directory: 'ffmpeg'
59f09de1-a701-4f8e-afd3-f764013fe468,,failed,[Errno 2] No such file or directory: 'ffmpeg'
67c3f235-c019-4253-8f39-aa1756476775,,failed,[Errno 2] No such file or directory: 'ffmpeg'
fc07b22e-0ada-4e86-a9c4-eed76ce02150,,failed,[Errno 2] No such file or directory: 'ffmpeg'
8ad6a023-f89c-403f-9138-a9330a57f648,,failed,[Errno 2] No such file or directory: 'ffmpeg'
0cdc8629-68c2-49b9-ac2e-3f9e1943e7eb,,failed,[Errno 2] No such file or directory: 'ffmpeg'
93778e15-1807-4569-9f04-b9b6b3c83844,,failed,[Errno 2] No such file or directory: 'ffmpeg'
0bed51c5-9a7d-4b32-9bea-b4daf9e05e6c,,failed,[Errno 2] No such file or directory: 'ffmpeg'
3b19c886-18c7-459f-a249-8d4cfc15b2a4,,failed,[Errno 2] No such file or directory: 'ffmpeg'
c66e7664-2ae2-46ae-b48c-a1aae068c828,,failed,[Errno 2] No such file or directory: 'ffmpeg'
25708c86-8ed8-496b-8bff-8f6052fc84b6,,failed,[Errno 2] No such file or directory: 'ffmpeg'
80d6d8e5-0d1a-4423-9732-ed6d6d1a9b10,,failed,[Errno 2] No such file or directory: 'ffmpeg'
91cd7a30-9ff9-4a76-9050-ac797b6d87c0,,failed,[Errno 2] No such file or directory: 'ffmpeg'
75e5274d-1ba6-4d99-a35d-86418de42ae6,,failed,[Errno 2] No such file or directory: 'ffmpeg'
dfede3e2-7789-4e91-9a45-f54f08e3c954,,failed,[Errno 2] No such file or directory: 'ffmpeg'
b52b7306-71ca-4fa5-98ff-727e5446cf28,,failed,[Errno 2] No such file or directory: 'ffmpeg'
fa2344a5-46cd-4620-84dd-98b03ce3588b,,failed,[Errno 2] No such file or directory: 'ffmpeg'
2d5572e1-cfac-4eb6-ab44-3c8a04e0b099,,failed,[Errno 2] No such file or directory: 'ffmpeg'
0b2fcde0-3f9f-43da-8905-d47debf0aaf8,,failed,[Errno 2] No such file or directory: 'ffmpeg'
5977ff03-4c4d-4436-a35b-cfa962a0e88e,,failed,[Errno 2] No such file or directory: 'ffmpeg'
024bd02e-0482-44dc-882b-c2893dfc9446,,failed,[Errno 2] No such file or directory: 'ffmpeg'
0204e66b-5236-4474-9140-a12203bdc598,,failed,[Errno 2] No such file or directory: 'ffmpeg'
9d541cd7-692e-44bf-827c-e9f0065b3240,,failed,[Errno 2] No such file or directory: 'ffmpeg'
d89b3b96-5cf0-4927-ba9c-a564e0113137,,failed,[Errno 2] No such file or directory: 'ffmpeg'
6e618261-af3c-4962-b3d3-5562fd5ac9dc,,failed,[Errno 2] No such file or directory: 'ffmpeg'
df083b52-9fe9-4c6f-aedc-c4f66d0d01b6,,failed,[Errno 2] No such file or directory: 'ffmpeg'
7024c8a3-abf7-40dd-881c-341da8caa412,,failed,[Errno 2] No such file or directory: 'ffmpeg'
c50756be-5084-4cbc-91f0-96d4d526e097,,failed,[Errno 2] No such file or directory: 'ffmpeg'
afff1136-c1d6-4a94-a84b-0eee302a6948,,failed,[Errno 2] No such file or directory: 'ffmpeg'
120f1cf0-bf34-49f7-b11a-596cbc21504f,,failed,[Errno 2] No such file or directory: 'ffmpeg'
12ca527d-344d-4b12-82e7-549f391295e1,,failed,[Errno 2] No such file or directory: 'ffmpeg'
59aae577-0a40-414c-8543-4fc2ef103fc1,,failed,[Errno 2] No such file or directory: 'ffmpeg'
76ac42f7-f2bb-46c0-93fc-bd0a005f6a85,,failed,[Errno 2] No such file or directory: 'ffmpeg'
6c474152-477f-4170-af41-97f924fea3ae,,failed,[Errno 2] No such file or directory: 'ffmpeg'
698ddb22-8984-483d-930e-aaf1862d1a58,,failed,[Errno 2] No such file or directory: 'ffmpeg'
9ba0c8be-2ddb-438f-bf5f-abfff015f344,,failed,[Errno 2] No such file or directory: 'ffmpeg'
61645802-b6f4-418b-bd23-73610e9ebeb3,,failed,[Errno 2] No such file or directory: 'ffmpeg'
67251f0d-e034-4dc4-be92-e0b6de3fb906,,failed,[Errno 2] No such file or directory: 'ffmpeg'
76fa6af3-b50e-400b-bf3b-a751a8f4e7d3,,failed,[Errno 2] No such file or directory: 'ffmpeg'
a5616369-521f-4d54-8eec-d334254d38a6,,failed,[Errno 2] No such file or directory: 'ffmpeg'
d41754b9-d995-45be-9104-b2c42ee1d9d6,,failed,[Errno 2] No such file or directory: 'ffmpeg'
4779f5d7-24af-4367-9ab1-31cf37d81a02,,failed,[Errno 2] No such file or directory: 'ffmpeg'
fd04ab10-a90b-4a01-97bd-00f3f3e75f59,,failed,[Errno 2] No such file or directory: 'ffmpeg'
d2307c91-4f79-4bcf-9e56-0aae8a6b3090,,failed,[Errno 2] No such file or directory: 'ffmpeg'
632e5b6c-45db-4c9d-ac8c-d38357054e55,,failed,[Errno 2] No such file or directory: 'ffmpeg'
91811d4a-5b0f-4575-877c-b5d5b150929b,,failed,[Errno 2] No such file or directory: 'ffmpeg'
60f08b28-6917-4ff3-93bf-c14172a76d74,,failed,[Errno 2] No such file or directory: 'ffmpeg'
0f0ee61e-a9b6-4a0e-b8d3-3c046e8d1886,,failed,[Errno 2] No such file or directory: 'ffmpeg'
d0eaa0e9-7f77-49ea-b1ef-adabdff9b1f1,,failed,[Errno 2] No such file or directory: 'ffmpeg'
83d27181-2546-484b-a3d9-42c88a4421a0,,failed,[Errno 2] No such file or directory: 'ffmpeg'
732c6bda-f9fd-4207-8699-139d2baf13ac,,failed,[Errno 2] No such file or directory: 'ffmpeg'
d875149a-9f42-469d-a12c-9fd243084271,,failed,[Errno 2] No such file or directory: 'ffmpeg'
bb48d3e3-7c91-4a6a-8ddd-ae7c62e484ab,,failed,[Errno 2] No such file or directory: 'ffmpeg'
8b6e4860-8278-4442-91f2-27893105f27f,,failed,[Errno 2] No such file or directory: 'ffmpeg'
f76dc2e1-f1e4-4a96-a5e8-0004e6f8f541,,failed,[Errno 2] No such file or directory: 'ffmpeg'
1f56dbaf-cb11-4c2b-bab0-7d2d6ed1e59a,,failed,[Errno 2] No such file or directory: 'ffmpeg'
efdae36a-20f0-492b-97e8-0db0744a6c14,,failed,[Errno 2] No such file or directory: 'ffmpeg'
3206b57e-32fc-445a-9b0f-62419da93438,,failed,[Errno 2] No such file or directory: 'ffmpeg'
e01a8eae-88df-40b8-85aa-5b1cfe2125b3,,failed,[Errno 2] No such file or directory: 'ffmpeg'
d300fdac-e07a-4e68-8f64-7b148c318dd4,,failed,[Errno 2] No such file or directory: 'ffmpeg'
78137fd9-83eb-45a1-8d96-68d0e2c59888,,failed,[Errno 2] No such file or directory: 'ffmpeg'
2704c2f9-ffe9-4baa-b86d-c4959e20b555,,failed,[Errno 2] No such file or directory: 'ffmpeg'
4a450064-50e0-4403-a3f8-48e2c5232102,,failed,[Errno 2] No such file or directory: 'ffmpeg'
521e5977-ef3c-4756-b3ef-72ef901f8bda,,failed,[Errno 2] No such file or directory: 'ffmpeg'
3dee0cd8-025f-41a0-8f4e-c77ec8cc4e1c,,failed,[Errno 2] No such file or directory: 'ffmpeg'
c343ef7e-bfd5-4173-b720-0b63c4439953,,failed,[Errno 2] No such file or directory: 'ffmpeg'
889ab680-9f66-46be-afcf-0fdba34a947e,,failed,[Errno 2] No such file or directory: 'ffmpeg'
5e6b76a3-a773-4aa9-a67f-e51f0fda2694,,failed,[Errno 2] No such file or directory: 'ffmpeg'
971d56df-a509-42a6-a009-9b2c5075b8a5,,failed,[Errno 2] No such file or directory: 'ffmpeg'
f035907e-0ecb-4bf1-ad8b-24dae9662166,,failed,[Errno 2] No such file or directory: 'ffmpeg'
1ed6cb0f-8cea-48f2-8453-4d1d33e2e5ba,,failed,[Errno 2] No such file or directory: 'ffmpeg'
9c5ab0d3-aeac-4343-b203-745846e0f23a,,failed,[Errno 2] No such file or directory: 'ffmpeg'
1717200d-2e50-4674-b10d-c230061f8b5e,,failed,[Errno 2] No such file or directory: 'ffmpeg'
222367b2-b619-49e6-8def-755aafc43a7a,,failed,[Errno 2] No such file or directory: 'ffmpeg'
c55d1c66-3e5b-4332-a4b4-68c85456340a,,failed,[Errno 2] No such file or directory: 'ffmpeg'
2ff14583-8b68-4763-99eb-a23c0d4a1645,,failed,[Errno 2] No such file or directory: 'ffmpeg'
dcd0c968-4923-4cde-ba2f-817362235473,,failed,[Errno 2] No such file or directory: 'ffmpeg'
0432147e-be4a-49f1-9f4f-b2fec78e7b72,,failed,[Errno 2] No such file or directory: 'ffmpeg'
48cd3e6e-4bd5-4d71-898c-d02cbf2b20ef,,failed,[Errno 2] No such file or directory: 'ffmpeg'
0cd3b377-8f6b-4df6-92d9-4e57e5571bcd,,failed,[Errno 2] No such file or directory: 'ffmpeg'
2b3ed371-f381-45ce-8590-964890926185,,failed,[Errno 2] No such file or directory: 'ffmpeg'
5669f0c0-a1c5-4b24-8a53-325444e37c62,,failed,[Errno 2] No such file or directory: 'ffmpeg'
970a37fa-ec89-4464-a826-a56acbce2f4f,,failed,[Errno 2] No such file or directory: 'ffmpeg'
e6502ce4-bc88-4d9e-baf4-a2773fe67668,,failed,[Errno 2] No such file or directory: 'ffmpeg'
76b78630-d62f-43fa-a0d3-4254a1e18a35,,failed,[Errno 2] No such file or directory: 'ffmpeg'
70161e15-d434-443f-aa65-13fbeeefdd1c,,failed,[Errno 2] No such file or directory: 'ffmpeg'
66021fd1-d702-40a1-8b18-d3dc8b9d8caa,,failed,[Errno 2] No such file or directory: 'ffmpeg'
cf7f8aa5-2fe5-4a0c-b281-caa7468b5d72,,failed,[Errno 2] No such file or directory: 'ffmpeg'
4f44ccf1-8682-4c16-af36-6a29787c7d3d,,failed,[Errno 2] No such file or directory: 'ffmpeg'
943258c7-fb02-41e6-8985-def020d93c39,,failed,[Errno 2] No such file or directory: 'ffmpeg'
e9f06081-f7ec-4ffd-a9ca-3a1df62500ab,,failed,[Errno 2] No such file or directory: 'ffmpeg'
5cc0b528-8b0b-40e1-ae6a-11b807e6d7b5,,failed,[Errno 2] No such file or directory: 'ffmpeg'
876f5055-29c4-4d6f-b451-6109accc3137,,failed,[Errno 2] No such file or directory: 'ffmpeg'
2e7f0489-5dac-469a-aa40-79c45f35537d,,failed,[Errno 2] No such file or directory: 'ffmpeg'
3ce179ca-af49-4b0d-be65-7affc0e60fc4,,failed,[Errno 2] No such file or directory: 'ffmpeg'
7df5d4e8-534d-46d0-a9a2-f0c855f903d5,,failed,[Errno 2] No such file or directory: 'ffmpeg'
71b92203-81af-4be9-a9fe-b5de07e2c4fc,,failed,[Errno 2] No such file or directory: 'ffmpeg'
6e14b2bc-16c2-4a04-8ae7-48d6193e0f94,,failed,[Errno 2] No such file or directory: 'ffmpeg'
8b2a248b-059b-4a73-940d-8c2688fcbf62,,failed,[Errno 2] No such file or directory: 'ffmpeg'
808fbfcb-db0f-418a-9e1a-b1581a7f39b0,,failed,[Errno 2] No such file or directory: 'ffmpeg'
f948efd6-7523-4c67-b1dc-3b5b21f1de04,,failed,[Errno 2] No such file or directory: 'ffmpeg'
3ccbad75-6e40-4ba4-b315-08796fa89a00,,failed,[Errno 2] No such file or directory: 'ffmpeg'
e0ec3ec2-a4bf-4c44-ad38-ec96ac2a4619,,failed,[Errno 2] No such file or directory: 'ffmpeg'
460d41bb-7b6d-4fdc-a6fd-2a15dfb4edbe,,failed,[Errno 2] No such file or directory: 'ffmpeg'
1870d7e3-25b1-478d-a0fd-c4b298d9ff89,,failed,[Errno 2] No such file or directory: 'ffmpeg'
a113544c-9094-47bb-a3f7-a6927a7b2226,,failed,[Errno 2] No such file or directory: 'ffmpeg'
560382b6-d168-4b80-93d5-3ecf99b44bb2,,failed,[Errno 2] No such file or directory: 'ffmpeg'
9fa15026-a59a-4619-8b34-fd0ec98a47b8,,failed,[Errno 2] No such file or directory: 'ffmpeg'
de91feac-6c1d-4d1c-a632-07911cc068f2,,failed,[Errno 2] No such file or directory: 'ffmpeg'
1a37f196-79b5-48a8-aa85-9e72b67b51cd,,failed,[Errno 2] No such file or directory: 'ffmpeg'
0a88dfaa-542c-4f25-b22f-7ca1a801f8bb,,failed,[Errno 2] No such file or directory: 'ffmpeg'
75c8f7cd-e36a-4b9c-b19d-4df1a1470543,,failed,[Errno 2] No such file or directory: 'ffmpeg'
f8157a2f-1a48-4704-8dcb-1c1b6d409782,,failed,[Errno 2] No such file or directory: 'ffmpeg'
f9b9f948-5f52-4fe6-b23b-844d5ed21653,,failed,[Errno 2] No such file or directory: 'ffmpeg'
2abe76ee-c581-461a-a161-7e3b90865718,,failed,[Errno 2] No such file or directory: 'ffmpeg'
bff0ff8c-f738-4474-98f5-78d2fead85b2,,failed,[Errno 2] No such file or directory: 'ffmpeg'
67e39df6-549b-495a-a910-93f9cae42d22,,failed,[Errno 2] No such file or directory: 'ffmpeg'
0ac4aa48-41f5-41e4-b700-c7e22e499929,,failed,[Errno 2] No such file or directory: 'ffmpeg'
f2996f4e-888a-4c71-bb36-ef37c3f0facb,,failed,[Errno 2] No such file or directory: 'ffmpeg'
0c5b666f-7072-4856-8a83-b3ea9f43b8b4,,failed,[Errno 2] No such file or directory: 'ffmpeg'
a869166a-cc92-48f2-b29c-5304449ff319,,failed,[Errno 2] No such file or directory: 'ffmpeg'
43fab597-7126-429b-a047-f155f1ffa54f,,failed,[Errno 2] No such file or directory: 'ffmpeg'
d0a0e4ac-b15f-4a21-955b-4fd3aa3ac471,,failed,[Errno 2] No such file or directory: 'ffmpeg'
9cdd8e36-c173-4b95-9dd8-4d1fbbfa7a65,,failed,[Errno 2] No such file or directory: 'ffmpeg'
6a6b2d71-5875-4d29-ad19-8a554987e039,,failed,[Errno 2] No such file or directory: 'ffmpeg'
e94e313f-0536-4e20-a9a3-bf9e058604d6,,failed,[Errno 2] No such file or directory: 'ffmpeg'
67e2cd61-c843-4c2d-8183-dbf4fc8d6250,,failed,[Errno 2] No such file or directory: 'ffmpeg'
39562ef4-a5fd-465a-9be9-5f1e8349c8f3,,failed,[Errno 2] No such file or directory: 'ffmpeg'
2342e840-6c4b-43d5-9ff8-7ec24ad16f82,,failed,[Errno 2] No such file or directory: 'ffmpeg'
98083186-207a-46ee-a0bd-9e89234151bb,,failed,[Errno 2] No such file or directory: 'ffmpeg'
850dda47-2c04-44ea-b922-a77f1216d6d4,,failed,[Errno 2] No such file or directory: 'ffmpeg'
5d5332b4-6ed2-4e58-a0d7-b882672a79d3,,failed,[Errno 2] No such file or directory: 'ffmpeg'
a6b77634-88d6-48c2-a4d7-d9c2ab60aa14,,failed,[Errno 2] No such file or directory: 'ffmpeg'
314f1a45-e07f-4e33-a3fd-80a04c098d38,,failed,[Errno 2] No such file or directory: 'ffmpeg'
6af657e9-c52c-4bf3-8dc0-d3951f0e2a2c,,failed,[Errno 2] No such file or directory: 'ffmpeg'
94b995d7-0fc2-4ef5-aa80-083b5cc0acc0,,failed,[Errno 2] No such file or directory: 'ffmpeg'
9919858c-4748-494e-9aa5-2b4ffc99ed99,,failed,[Errno 2] No such file or directory: 'ffmpeg'
182fb0b5-27ea-4c83-85ed-dea1571f6cff,,failed,[Errno 2] No such file or directory: 'ffmpeg'
15e9513c-ab94-4df2-972c-0c3b23b6a468,,failed,[Errno 2] No such file or directory: 'ffmpeg'
8f3de3f1-5dad-4546-8652-d49950f675ca,,failed,[Errno 2] No such file or directory: 'ffmpeg'
1659f866-5579-43dd-8472-973f9d6a078b,,failed,[Errno 2] No such file or directory: 'ffmpeg'
861f03ad-68e8-47f7-af0c-db2765a7e7c7,,failed,[Errno 2] No such file or directory: 'ffmpeg'
6c90fe1c-7f04-4bb9-b9d3-d41d261ff101,,failed,[Errno 2] No such file or directory: 'ffmpeg'
cbee7eb7-ac3c-4165-aeea-ceb03e019537,,failed,[Errno 2] No such file or directory: 'ffmpeg'
c5ca63ee-d0cd-44e6-a0df-4a0363e583dd,,failed,[Errno 2] No such file or directory: 'ffmpeg'
88781450-29a0-4a12-9520-20f4b9014bb5,,failed,[Errno 2] No such file or directory: 'ffmpeg'
25a62132-82bd-4d71-9eb4-681b9bf520b9,,failed,[Errno 2] No such file or directory: 'ffmpeg'
775f94df-c1d1-4779-a978-7cf50e64eb80,,failed,[Errno 2] No such file or directory: 'ffmpeg'
8b747e98-d623-4278-ac2d-83608dfc477e,,failed,[Errno 2] No such file or directory: 'ffmpeg'
41dfb0d7-1324-4787-a3d3-06b9e7da9c06,,failed,[Errno 2] No such file or directory: 'ffmpeg'
597ced60-8e3b-477c-ad16-5069b1bd6e25,,failed,[Errno 2] No such file or directory: 'ffmpeg'
6a322228-644c-4023-8f1b-59bdda4fb46b,,failed,[Errno 2] No such file or directory: 'ffmpeg'
46b02aa4-5622-4b95-b772-825a55e42054,,failed,[Errno 2] No such file or directory: 'ffmpeg'
25a562d4-956c-4eb2-8df0-7a8849c0499b,,failed,[Errno 2] No such file or directory: 'ffmpeg'
79e65ed5-2965-4883-8064-7c09aff8c6b0,,failed,[Errno 2] No such file or directory: 'ffmpeg'
1194b39e-5418-4313-908d-5fb2333ba35b,,failed,[Errno 2] No such file or directory: 'ffmpeg'
c5924a6c-421b-4dab-89df-289cd1ed2732,,failed,[Errno 2] No such file or directory: 'ffmpeg'
50f041a1-1ab8-4737-a4ce-8c7b6b930952,,failed,[Errno 2] No such file or directory: 'ffmpeg'
f3fcd140-13bd-4080-b460-7228a2be129d,,failed,[Errno 2] No such file or directory: 'ffmpeg'
85f754e3-24c6-442c-b5d6-57d1b9ae206c,,failed,[Errno 2] No such file or directory: 'ffmpeg'
3061b27b-4b21-43bd-9907-61ca1b0d8c4b,,failed,[Errno 2] No such file or directory: 'ffmpeg'
ac028dd2-f798-4450-ab6d-138141e9f4a3,,failed,[Errno 2] No such file or directory: 'ffmpeg'
26441754-7676-479c-8094-227b1fb12d26,,failed,[Errno 2] No such file or directory: 'ffmpeg'
008dd3d7-56f6-482b-ba32-119872ce49fa,,failed,[Errno 2] No such file or directory: 'ffmpeg'
b3470fde-f25d-4e25-ba2e-24fbe772a391,,failed,[Errno 2] No such file or directory: 'ffmpeg'
c1bd67c8-9171-41fe-923d-5cd34052f7dd,,failed,[Errno 2] No such file or directory: 'ffmpeg'
a83fcef5-8c1b-4a0e-a3cf-8d18e6ffaf33,,failed,[Errno 2] No such file or directory: 'ffmpeg'
27e84074-d5bb-4991-bc28-11312161a56f,,failed,[Errno 2] No such file or directory: 'ffmpeg'
9075b605-4173-4c18-ad92-f7ff8053acbc,,failed,[Errno 2] No such file or directory: 'ffmpeg'
0d3329a2-4d52-4db7-8717-00c6520ac22d,,failed,[Errno 2] No such file or directory: 'ffmpeg'
d65d099a-729d-42c1-9b00-e62cc4b2accb,,failed,[Errno 2] No such file or directory: 'ffmpeg'
0f85984c-5f50-4319-9f9b-1c4a4f892832,,failed,[Errno 2] No such file or directory: 'ffmpeg'
6d91af77-37c7-4ff1-b2c8-1c80f238e983,,failed,[Errno 2] No such file or directory: 'ffmpeg'
0987894b-08fb-4784-b456-63f7f0fab95e,,failed,[Errno 2] No such file or directory: 'ffmpeg'
325db788-8466-45a5-9577-f11d4781ce2f,,failed,[Errno 2] No such file or directory: 'ffmpeg'
1e50a934-88a5-4d7b-a7f9-248d46ee31ec,,failed,[Errno 2] No such file or directory: 'ffmpeg'
983381b8-546f-4a5a-ace5-9abd55f0a8f7,,failed,[Errno 2] No such file or directory: 'ffmpeg'
f98012c3-188a-4806-89e2-b887343ecf0c,,failed,[Errno 2] No such file or directory: 'ffmpeg'
f2ad47bf-3ac8-48b6-b6c1-e974b485dcea,,failed,[Errno 2] No such file or directory: 'ffmpeg'
c7f20eef-5a1b-4a0d-8b37-62c9ee843327,,failed,[Errno 2] No such file or directory: 'ffmpeg'
97a11325-0ed6-457a-a584-3217cc60a8f8,,failed,[Errno 2] No such file or directory: 'ffmpeg'
8746d75d-3103-48a6-9f47-7f8b8271f723,,failed,[Errno 2] No such file or directory: 'ffmpeg'
87d87e1f-c666-453d-9082-97b7116fa4e9,,failed,[Errno 2] No such file or directory: 'ffmpeg'
7ec22583-64fc-42ae-a517-5ac112c4fa96,,failed,[Errno 2] No such file or directory: 'ffmpeg'
89a936a7-e804-4f34-a438-4ebdaf2d9704,,failed,[Errno 2] No such file or directory: 'ffmpeg'
2ab2dad3-76ba-4684-8b32-204be71a3d56,,failed,[Errno 2] No such file or directory: 'ffmpeg'
71b28d50-241d-4f6a-9284-cd77148f9213,,failed,[Errno 2] No such file or directory: 'ffmpeg'
1baa1697-cb4c-473b-9591-f86eea76cb8d,,failed,[Errno 2] No such file or directory: 'ffmpeg'
63eb610a-3f41-4e78-8b4a-43f5dd723e4c,,failed,[Errno 2] No such file or directory: 'ffmpeg'
0d094c9d-997e-4fec-826f-6a5bcd9f7e80,,failed,[Errno 2] No such file or directory: 'ffmpeg'
36521338-4fed-4a3f-88ba-f94b02281402,,failed,[Errno 2] No such file or directory: 'ffmpeg'
d7c63af5-9620-4989-9d46-9fcfa5f0d867,,failed,[Errno 2] No such file or directory: 'ffmpeg'
2e5bdb6e-42ac-426c-9d3c-7b5a2298a7fd,,failed,[Errno 2] No such file or directory: 'ffmpeg'
1b8c87b7-7acf-4c15-b777-be356ea26e97,,failed,[Errno 2] No such file or directory: 'ffmpeg'
2bbca445-4c10-486b-8c47-2fd188cbc8fa,,failed,[Errno 2] No such file or directory: 'ffmpeg'
f029e1cd-5fc6-486b-9d37-0cce67ca7b3f,,failed,[Errno 2] No such file or directory: 'ffmpeg'
ce43a5d1-e98a-4d9b-8bd1-fa65ff1fec96,,failed,[Errno 2] No such file or directory: 'ffmpeg'
1e160fde-bc79-4351-bbe4-e1732a111189,,failed,[Errno 2] No such file or directory: 'ffmpeg'
cffd01c8-3b36-4803-8fb4-44d4542d6697,,failed,[Errno 2] No such file or directory: 'ffmpeg'
ae6af29c-5d51-4b5c-82a3-be02a057f7ba,,failed,[Errno 2] No such file or directory: 'ffmpeg'
5675d4cb-2f6d-4f8a-8f40-85ecb64c4604,,failed,[Errno 2] No such file or directory: 'ffmpeg'
03670f49-1c71-40cd-8412-0fc3d2b7042e,,failed,[Errno 2] No such file or directory: 'ffmpeg'
005d7ffe-a781-4320-9f4b-a39163d9727e,,failed,[Errno 2] No such file or directory: 'ffmpeg'
c6636526-7bbe-4365-9289-8f4666234b92,,failed,[Errno 2] No such file or directory: 'ffmpeg'
138c3d2b-0d60-4068-889b-4fc13249d6d3,,failed,[Errno 2] No such file or directory: 'ffmpeg'
c5b78bd9-9e36-4f47-8395-249d2679f4f0,,failed,[Errno 2] No such file or directory: 'ffmpeg'
075665ad-7ba0-4adf-b546-e46b1b110d87,,failed,[Errno 2] No such file or directory: 'ffmpeg'
c3948b86-e301-4dbe-8ab0-e806e8bdc741,,failed,[Errno 2] No such file or directory: 'ffmpeg'
e6cd9ce2-2435-44d6-8ee2-156d2d24fe51,,failed,[Errno 2] No such file or directory: 'ffmpeg'
8ea3e0ef-afd6-4318-af09-272cc1bf181c,,failed,[Errno 2] No such file or directory: 'ffmpeg'
b2babce0-5fc7-436b-8e4a-2935d786eee6,,failed,[Errno 2] No such file or directory: 'ffmpeg'
565df775-cf98-41bd-a400-df55ad892c40,,failed,[Errno 2] No such file or directory: 'ffmpeg'
8cc334da-60cb-4fdb-b48b-86e1d5a8ab2f,,failed,[Errno 2] No such file or directory: 'ffmpeg'
3e80d74e-1d64-44c2-99da-c09f1523170e,,failed,[Errno 2] No such file or directory: 'ffmpeg'
861b2859-cef0-495a-935c-da1faa91bb4a,,failed,[Errno 2] No such file or directory: 'ffmpeg'
ee6c2bba-525f-4384-b5cd-16877caff8b3,,failed,[Errno 2] No such file or directory: 'ffmpeg'
fc717670-c5d8-44ab-857c-386687b45bb3,,failed,[Errno 2] No such file or directory: 'ffmpeg'
8b0e3987-2a97-4dbf-a82b-e0ec58f03d58,,failed,[Errno 2] No such file or directory: 'ffmpeg'
3082091b-f3dd-4707-8a71-e7380a872428,,failed,[Errno 2] No such file or directory: 'ffmpeg'
d0f966ec-2ce1-4442-9c10-c44a8fee1760,,failed,[Errno 2] No such file or directory: 'ffmpeg'
1b1ab7c7-8cf3-45de-b05f-f194f25387ea,,failed,[Errno 2] No such file or directory: 'ffmpeg'
7e4e31c3-34b2-4400-88a6-0d52c4043513,,failed,[Errno 2] No such file or directory: 'ffmpeg'
9e6c32a0-b3d9-4282-bf93-aa29f10edf47,,failed,[Errno 2] No such file or directory: 'ffmpeg'
d8cbc556-fc34-4d9c-95ce-597da8ddc0ad,,failed,[Errno 2] No such file or directory: 'ffmpeg'
3ce6323f-ae88-4689-aa8f-d0e47c0ffb3d,,failed,[Errno 2] No such file or directory: 'ffmpeg'
aadd0e15-d5f7-460d-a44c-469056bcbc4f,,failed,[Errno 2] No such file or directory: 'ffmpeg'
5b1920c1-23dd-4953-93db-5279fa280aba,,failed,[Errno 2] No such file or directory: 'ffmpeg'
19518174-477d-424e-b4ab-cf5a4fbc0aa5,,failed,[Errno 2] No such file or directory: 'ffmpeg'
b55050d0-9d28-49e6-8408-8acfc1f1e428,,failed,[Errno 2] No such file or directory: 'ffmpeg'
eb9e1d28-41ad-4377-bcc6-7c84eef78fe8,,failed,[Errno 2] No such file or directory: 'ffmpeg'
194e83a8-34f4-49b4-b29b-62d853e7155e,,failed,[Errno 2] No such file or directory: 'ffmpeg'
bc271329-2e3f-4351-b16a-bcb7f87de2cc,,failed,[Errno 2] No such file or directory: 'ffmpeg'
4b02454c-24e3-4aff-b68b-92e3d97d093e,,failed,[Errno 2] No such file or directory: 'ffmpeg'
2f9d5378-0d5f-4603-a78c-24123fa4e026,,failed,[Errno 2] No such file or directory: 'ffmpeg'
a43eb5ce-f8c3-4bd4-bd05-223d628557a1,,failed,[Errno 2] No such file or directory: 'ffmpeg'
ac15310a-a501-4599-8f3e-115fdf5c9ca5,,failed,[Errno 2] No such file or directory: 'ffmpeg'
fc74cf3f-0ce7-4237-9cba-277857693ddf,,failed,[Errno 2] No such file or directory: 'ffmpeg'
8ebf87e7-4805-46c9-a112-c2ba8cdd6a13,,failed,[Errno 2] No such file or directory: 'ffmpeg'
60887d6a-260a-4f7d-b36e-aa2f3ab97b53,,failed,[Errno 2] No such file or directory: 'ffmpeg'
5a37a898-53fd-4728-996e-5ef03e1a717e,,failed,[Errno 2] No such file or directory: 'ffmpeg'
c518cf09-b76a-4179-8e14-afed461e6334,,failed,[Errno 2] No such file or directory: 'ffmpeg'
69713642-dfe4-4c79-b776-37d0a2265853,,failed,[Errno 2] No such file or directory: 'ffmpeg'
30ddfc12-eb17-48b9-af3b-8db1a38f1772,,failed,[Errno 2] No such file or directory: 'ffmpeg'
ec7de9c8-539c-4f98-aa2a-241c69ce42a6,,failed,[Errno 2] No such file or directory: 'ffmpeg'
fc984b20-2778-41a2-abba-201eea9fdcf9,,failed,[Errno 2] No such file or directory: 'ffmpeg'
f44f7d3d-efc1-4900-8e1f-adcfc18059eb,,failed,[Errno 2] No such file or directory: 'ffmpeg'
3269fec9-20c8-460d-9ccf-0360b4512cb9,,failed,[Errno 2] No such file or directory: 'ffmpeg'
82ee5ae8-76aa-42d9-a713-01981495f42f,,failed,[Errno 2] No such file or directory: 'ffmpeg'
ae8f6ada-0356-4e38-bdae-2b523e286501,,failed,[Errno 2] No such file or directory: 'ffmpeg'
f2d1eade-756b-4d35-bb49-9db8952cff38,,failed,[Errno 2] No such file or directory: 'ffmpeg'
c4cc585f-f9b8-44dc-b5a0-86547c8a8da9,,failed,[Errno 2] No such file or directory: 'ffmpeg'
3c3b6335-426a-4d93-be95-4dd8638f456d,,failed,[Errno 2] No such file or directory: 'ffmpeg'
f43f949a-23f1-4d5e-ba60-3fcae1f07374,,failed,[Errno 2] No such file or directory: 'ffmpeg'
7a35cd91-985e-448f-a700-eccfd36adcb9,,failed,[Errno 2] No such file or directory: 'ffmpeg'
b21fe4e5-6ccf-4ca0-9ab5-ebb3cd4c840a,,failed,[Errno 2] No such file or directory: 'ffmpeg'
7cb69c69-d6ce-466c-831a-a927b096a634,,failed,[Errno 2] No such file or directory: 'ffmpeg'
65e11076-1911-4232-b06d-6e0a1e801dc2,,failed,[Errno 2] No such file or directory: 'ffmpeg'
748f3b3b-2725-46ea-a53b-882731c4552f,,failed,[Errno 2] No such file or directory: 'ffmpeg'
aed544c0-68f3-4f2e-8ca0-0a6edaa3641d,,failed,[Errno 2] No such file or directory: 'ffmpeg'
258d5473-05a2-48e5-9533-72ab2ac5cb8c,,failed,[Errno 2] No such file or directory: 'ffmpeg'
a9b1d56a-ce79-423c-a915-5eaef525103d,,failed,[Errno 2] No such file or directory: 'ffmpeg'
b3a89d8c-bf4f-4dcd-8537-5f369b992c3d,,failed,[Errno 2] No such file or directory: 'ffmpeg'
ca2d8bf0-76eb-462f-b4cd-1edd26823772,,failed,[Errno 2] No such file or directory: 'ffmpeg'
1b47ae41-874b-4c84-94d6-9ee4f952979b,,failed,[Errno 2] No such file or directory: 'ffmpeg'
c80d28eb-ba1e-4b23-8422-0a1e44f1df51,,failed,[Errno 2] No such file or directory: 'ffmpeg'
98a1f71d-b28a-451f-b7a1-68ae9609327c,,failed,[Errno 2] No such file or directory: 'ffmpeg'
d1dfd224-0664-4a69-8565-7d777e264e1e,,failed,[Errno 2] No such file or directory: 'ffmpeg'
4b49870d-b2e9-472f-a420-e462e0560754,,failed,[Errno 2] No such file or directory: 'ffmpeg'
892a3fd2-bd5a-43d6-a09e-b041d04aa8de,,failed,[Errno 2] No such file or directory: 'ffmpeg'
622c588a-e2b5-4d47-9dcc-dc408aca4986,,failed,[Errno 2] No such file or directory: 'ffmpeg'
05543c27-7849-48de-a178-432b23c4097c,,failed,[Errno 2] No such file or directory: 'ffmpeg'
35fd644c-7262-4a03-ae29-4e6dec65b344,,failed,[Errno 2] No such file or directory: 'ffmpeg'
713fae7f-f488-45d6-8855-355e4a736fab,,failed,[Errno 2] No such file or directory: 'ffmpeg'
a00486ec-4d94-4a4f-830f-1ccb5bf0b466,,failed,[Errno 2] No such file or directory: 'ffmpeg'
3f0b8a49-e530-4baf-9393-c22f572d6f8e,,failed,[Errno 2] No such file or directory: 'ffmpeg'
0495434b-508f-483a-a6c9-3d299b00574b,,failed,[Errno 2] No such file or directory: 'ffmpeg'
2778fc6e-38b8-4493-bc37-25ffab716602,,failed,[Errno 2] No such file or directory: 'ffmpeg'
e7e9f87e-3654-4512-a198-e934e8091ddf,,failed,[Errno 2] No such file or directory: 'ffmpeg'
9b0a5585-7c6e-47fd-838d-829d6018389a,,failed,[Errno 2] No such file or directory: 'ffmpeg'
37774fcc-facf-4887-907a-8b2966eba80c,,failed,[Errno 2] No such file or directory: 'ffmpeg'
cdd619b4-3c85-4e39-922b-4e3d63aa4811,,failed,[Errno 2] No such file or directory: 'ffmpeg'
d11eba4b-c80f-4c2d-8db4-e4a7cca61f2d,,failed,[Errno 2] No such file or directory: 'ffmpeg'
6efcdefe-2ff6-41c8-80c2-d0f2ad8fd6b2,,failed,[Errno 2] No such file or directory: 'ffmpeg'
742cdcc0-02e0-4b7e-9393-f840ee8c42a4,,failed,[Errno 2] No such file or directory: 'ffmpeg'
9a004e0b-e4ed-4b35-8866-46d8be02e178,,failed,[Errno 2] No such file or directory: 'ffmpeg'
d856cd57-87c5-4cf8-8543-e08394156d4f,,failed,[Errno 2] No such file or directory: 'ffmpeg'
4dd004d4-4565-48b1-8efa-ed07a0161c6f,,failed,[Errno 2] No such file or directory: 'ffmpeg'
55cac0d6-019f-4b8c-b9c9-e8c570247e62,,failed,[Errno 2] No such file or directory: 'ffmpeg'
ea80cf6f-5781-4d41-b362-baa507c0f4f2,,failed,[Errno 2] No such file or directory: 'ffmpeg'
e8a38c42-4431-4e98-b516-0e2e629de8b8,,failed,[Errno 2] No such file or directory: 'ffmpeg'
018e8087-de65-4d5b-a96c-d6ac006acfaa,,failed,[Errno 2] No such file or directory: 'ffmpeg'
9cc1c36c-b705-4b01-af25-e6de49104573,,failed,[Errno 2] No such file or directory: 'ffmpeg'
8e0a6123-d6b2-4507-bfb6-2a84d3234ac2,,failed,[Errno 2] No such file or directory: 'ffmpeg'
f9594423-96ce-4973-a3ae-18ca068b8ec2,,failed,[Errno 2] No such file or directory: 'ffmpeg'
37dfa56b-8ff9-4b45-a125-c46b817e5908,,failed,[Errno 2] No such file or directory: 'ffmpeg'
ff19dd00-b93c-4c20-9558-4e8d9965ac4c,,failed,[Errno 2] No such file or directory: 'ffmpeg'
24e63b74-786a-4c16-a5e7-a6ca68e6b887,,failed,[Errno 2] No such file or directory: 'ffmpeg'
1c34c74b-d9d8-4e2c-bfe1-2ebb1eb7fb25,,failed,[Errno 2] No such file or directory: 'ffmpeg'
c7140002-5ba2-417c-ad95-e0ce8c8c5ab9,,failed,[Errno 2] No such file or directory: 'ffmpeg'
6938dca5-08d6-428e-9591-c2f2070ead9f,,failed,[Errno 2] No such file or directory: 'ffmpeg'
f0d709f3-a755-4f2c-9e4d-55e8db49cd1e,,failed,[Errno 2] No such file or directory: 'ffmpeg'
fa0750c4-4b4f-4da8-9a9e-6076fa3fd31e,,failed,[Errno 2] No such file or directory: 'ffmpeg'
ce798bd0-4f16-493f-ac20-1f9641a4338c,,failed,[Errno 2] No such file or directory: 'ffmpeg'
21404a8b-bb02-4e61-874c-144b4fdcb788,,failed,[Errno 2] No such file or directory: 'ffmpeg'
27199b6b-f0d0-40ff-8362-8f753132d646,,failed,[Errno 2] No such file or directory: 'ffmpeg'
2e97a36e-6711-4aa7-9c4f-4595c19ccae9,,failed,[Errno 2] No such file or directory: 'ffmpeg'
7ccc9025-9b49-4843-a1f1-ae01966c011e,,failed,[Errno 2] No such file or directory: 'ffmpeg'
7f552195-c087-4d61-afc7-98e35cde3e73,,failed,[Errno 2] No such file or directory: 'ffmpeg'
eb896a94-9862-44f3-b484-30da45e40753,,failed,[Errno 2] No such file or directory: 'ffmpeg'
4d6d886e-9deb-4c39-9e1f-2c31dabadd43,,failed,[Errno 2] No such file or directory: 'ffmpeg'
80060d09-34af-49f2-90c2-a677ad6466c0,,failed,[Errno 2] No such file or directory: 'ffmpeg'
ac9999b4-48d9-481b-8faa-55be18f03dd5,,failed,[Errno 2] No such file or directory: 'ffmpeg'
acf6ce96-7dc2-4d5f-9ba9-4d50757176ef,,failed,[Errno 2] No such file or directory: 'ffmpeg'
cdc6c49a-3c10-4224-a895-d72a0c5b038e,,failed,[Errno 2] No such file or directory: 'ffmpeg'
244f534a-a854-4d77-b4de-8af8ba74177d,,failed,[Errno 2] No such file or directory: 'ffmpeg'
01606fda-3ecb-4426-86f8-ad2593efd084,,failed,[Errno 2] No such file or directory: 'ffmpeg'
2fb5f4d7-b99d-438a-8fc5-07cb5c0a6cb7,,failed,[Errno 2] No such file or directory: 'ffmpeg'
b2522436-af13-4c65-b789-b130944917d6,,failed,[Errno 2] No such file or directory: 'ffmpeg'
7d837d61-1cba-46b9-afeb-d41f226942a4,,failed,[Errno 2] No such file or directory: 'ffmpeg'
94fbd7c7-340d-4d6d-bf51-89a842fec6b9,,failed,[Errno 2] No such file or directory: 'ffmpeg'
a05ff16c-fca6-4b95-86ac-95224943fe4a,,failed,[Errno 2] No such file or directory: 'ffmpeg'
8fc81794-706a-4e54-83dd-6d16a3496572,,failed,[Errno 2] No such file or directory: 'ffmpeg'
5ad075c1-9b57-49df-b798-e083d0ec834a,,failed,[Errno 2] No such file or directory: 'ffmpeg'
9dada9c3-0cba-4c41-84aa-17bd461f8530,,failed,[Errno 2] No such file or directory: 'ffmpeg'
d622f69f-c96a-4a3b-b206-c6a671104052,,failed,[Errno 2] No such file or directory: 'ffmpeg'
0a2cebb4-1990-409a-91c1-202374a887dc,,failed,[Errno 2] No such file or directory: 'ffmpeg'
f789b642-f8c6-46ee-a468-e44e5d60a5e1,,failed,[Errno 2] No such file or directory: 'ffmpeg'
8ace63fc-ad47-4e1e-bb81-aaab00646f54,,failed,[Errno 2] No such file or directory: 'ffmpeg'
f3739c1b-a69c-4117-83d1-5889fcc8a640,,failed,[Errno 2] No such file or directory: 'ffmpeg'
6c1a68fa-ba87-4598-ad49-dc75b047019f,,failed,[Errno 2] No such file or directory: 'ffmpeg'
dc2ed79c-96e4-432b-8f35-59ab96ecedef,,failed,[Errno 2] No such file or directory: 'ffmpeg'
4c15e02e-6267-45d6-a9fa-f9325c3e8a12,,failed,[Errno 2] No such file or directory: 'ffmpeg'
b4292720-e799-465f-a702-3917341ab780,,failed,[Errno 2] No such file or directory: 'ffmpeg'
da5be626-976a-4729-bcb5-7e27ba6e9a53,,failed,[Errno 2] No such file or directory: 'ffmpeg'
ac0ba1e0-868b-4b6e-b1f9-54a366311cfb,,failed,[Errno 2] No such file or directory: 'ffmpeg'
e509886d-d9e6-4896-b0ac-9b8fa1d0798d,,failed,[Errno 2] No such file or directory: 'ffmpeg'
611984f6-16d6-4180-b594-f6aa4dbb9cc7,,failed,[Errno 2] No such file or directory: 'ffmpeg'
9ae1ece4-22a9-485d-af41-726d9d1ea0cb,,failed,[Errno 2] No such file or directory: 'ffmpeg'
3c205d39-51fe-47ec-a35d-ee2deff79f90,,failed,[Errno 2] No such file or directory: 'ffmpeg'
ab9918be-0e35-4a4d-9769-030c66be9adc,,failed,[Errno 2] No such file or directory: 'ffmpeg'
33ce8365-0124-4a52-9f6e-c69c84093720,,failed,[Errno 2] No such file or directory: 'ffmpeg'
a4509faf-b615-4d75-9a64-7589364851bb,,failed,[Errno 2] No such file or directory: 'ffmpeg'
54fbcb38-8db0-4c8c-bf1e-94a69c5909ec,,failed,[Errno 2] No such file or directory: 'ffmpeg'
ac4bff38-f255-4586-a5c6-3d81f9e550ea,,failed,[Errno 2] No such file or directory: 'ffmpeg'
5a9d1705-7bf0-45c5-a713-7f5dbaf78aa1,,failed,[Errno 2] No such file or directory: 'ffmpeg'
fedc5ff4-82ab-4419-aec4-4aee982e4d47,,failed,[Errno 2] No such file or directory: 'ffmpeg'
0124c734-5f5c-4e62-b284-9d8d10e05ebe,,failed,[Errno 2] No such file or directory: 'ffmpeg'
56f4cd14-573e-4167-9336-a9d338cfb46a,,failed,[Errno 2] No such file or directory: 'ffmpeg'
1da6a3e9-27e3-40d6-980a-58ead2b4db78,,failed,[Errno 2] No such file or directory: 'ffmpeg'
c75650a7-1e9a-4722-b5b8-6ca631a33aaf,,failed,[Errno 2] No such file or directory: 'ffmpeg'
9b9b3533-5f80-4761-a943-af4e656ebff5,,failed,[Errno 2] No such file or directory: 'ffmpeg'
81471fda-cb17-4099-8bf1-a8a78e8fd335,,failed,[Errno 2] No such file or directory: 'ffmpeg'
4025b967-5f56-416c-a91d-66c863d86667,,failed,[Errno 2] No such file or directory: 'ffmpeg'
fb13d595-565e-4f70-aa02-b4bf9145d3bb,,failed,[Errno 2] No such file or directory: 'ffmpeg'
7972dddd-47ad-4388-9ea4-9a06216d3588,,failed,[Errno 2] No such file or directory: 'ffmpeg'
fe56b9e7-506b-4c96-add3-86393defbfbe,,failed,[Errno 2] No such file or directory: 'ffmpeg'
6939cd87-4e68-4aa2-a90e-a11f43d77249,,failed,[Errno 2] No such file or directory: 'ffmpeg'
7e3e7864-81f7-43d1-804a-e78018263fbf,,failed,[Errno 2] No such file or directory: 'ffmpeg'
532c57bb-cba3-4464-87a7-364c645663d0,,failed,[Errno 2] No such file or directory: 'ffmpeg'
f956fc0a-6952-421b-836b-6291f9519f06,,failed,[Errno 2] No such file or directory: 'ffmpeg'
ad65b105-5d34-4c6f-b6de-fe6963d02ff8,,failed,[Errno 2] No such file or directory: 'ffmpeg'
13adbb9a-3911-46b5-80eb-02b298f2783e,,failed,[Errno 2] No such file or directory: 'ffmpeg'
a76c2b3d-ccbb-45df-bb87-7cc72d8c9368,,failed,[Errno 2] No such file or directory: 'ffmpeg'
fab08988-1008-494e-9370-a959918dd500,,failed,[Errno 2] No such file or directory: 'ffmpeg'
7593ad99-687c-4aeb-a0a0-8025aed4e472,,failed,[Errno 2] No such file or directory: 'ffmpeg'
278563c7-455d-48d1-bf12-c0808952a75a,,failed,[Errno 2] No such file or directory: 'ffmpeg'
7c3055f9-fd86-4e4d-a012-066335c8655d,,failed,[Errno 2] No such file or directory: 'ffmpeg'
d88c9b4c-8433-4ded-bd1f-212b6cc735cd,,failed,[Errno 2] No such file or directory: 'ffmpeg'
7fb8f3df-2788-4204-a15c-9c57195cbcd8,,failed,[Errno 2] No such file or directory: 'ffmpeg'
0160746c-80fb-49c8-ae6c-2a7725c89e44,,failed,[Errno 2] No such file or directory: 'ffmpeg'
ad81bc95-0f57-4a61-94c5-0208617b9385,,failed,[Errno 2] No such file or directory: 'ffmpeg'
fddbef93-320d-4c16-82ea-0ccd9ba9e794,,failed,[Errno 2] No such file or directory: 'ffmpeg'
1fa735e1-4f53-4804-9aa2-bb79b99c175b,,failed,[Errno 2] No such file or directory: 'ffmpeg'
95713967-6928-4468-8a57-7be8bbdf4501,,failed,[Errno 2] No such file or directory: 'ffmpeg'
f8fd0781-766a-4f39-bf9e-596b62112955,,failed,[Errno 2] No such file or directory: 'ffmpeg'
b7cb16f1-86ea-4e55-a2e0-ec61b541f869,,failed,[Errno 2] No such file or directory: 'ffmpeg'
028a0f23-3d07-4177-878c-8ac902dc8d13,,failed,[Errno 2] No such file or directory: 'ffmpeg'
865c52d4-e81d-4cc8-9629-36080f4f715b,,failed,[Errno 2] No such file or directory: 'ffmpeg'
81b49960-77dc-4484-9ed3-bf41b738fbb0,,failed,[Errno 2] No such file or directory: 'ffmpeg'
586ac786-f67f-4ba7-b8f6-124e9baeb548,,failed,[Errno 2] No such file or directory: 'ffmpeg'
5f9981eb-052b-4543-ad3c-bdc0c44b6f94,,failed,[Errno 2] No such file or directory: 'ffmpeg'
c5b5ae54-8ca3-452f-996c-a6c3589c1f58,,failed,[Errno 2] No such file or directory: 'ffmpeg'
98d0fc38-b494-42e4-8f51-e5676d906ea2,,failed,[Errno 2] No such file or directory: 'ffmpeg'
09452159-7ae4-4668-8a18-5c10f47d1bc8,,failed,[Errno 2] No such file or directory: 'ffmpeg'
6351d7ea-c7ac-4ff8-b033-ef5e1a649d53,,failed,[Errno 2] No such file or directory: 'ffmpeg'
9daaa0e1-0405-4205-8f4c-4e2cbfa44465,,failed,[Errno 2] No such file or directory: 'ffmpeg'
bdc9f90f-8c61-45c8-bc96-cb91ff64c3ee,,failed,[Errno 2] No such file or directory: 'ffmpeg'
cf19d7c3-05f8-409e-9610-1e9e4c00fcc2,,failed,[Errno 2] No such file or directory: 'ffmpeg'
98e78919-82f4-4135-a42b-319322e07f21,,failed,[Errno 2] No such file or directory: 'ffmpeg'
fd1c68d9-74bf-470f-872c-fa4eabc4ac89,,failed,[Errno 2] No such file or directory: 'ffmpeg'
f6ffad38-1784-4992-9951-0c5340195f5a,,failed,[Errno 2] No such file or directory: 'ffmpeg'
e2afbbeb-106a-4ebc-89a0-3bc5844ad19c,,failed,[Errno 2] No such file or directory: 'ffmpeg'
6feaa8fb-e721-4350-ad2a-0134c719461d,,failed,[Errno 2] No such file or directory: 'ffmpeg'
5ba430aa-4656-4e4a-91be-f8baba61f73f,,failed,[Errno 2] No such file or directory: 'ffmpeg'
c050aed5-e718-4a3a-951a-7b0c99b22817,,failed,[Errno 2] No such file or directory: 'ffmpeg'
658dd320-f579-4acf-b5e8-841861de6d19,,failed,[Errno 2] No such file or directory: 'ffmpeg'
247383bf-86a9-4426-a0b0-2a82d787822e,,failed,[Errno 2] No such file or directory: 'ffmpeg'
204a61ad-13d4-48ec-a432-c240221c0595,,failed,[Errno 2] No such file or directory: 'ffmpeg'
13fdbfb2-909c-444f-bccf-a5dd69ff1561,,failed,[Errno 2] No such file or directory: 'ffmpeg'
2ad21be9-0b15-4a27-8220-bfa472ec77d9,,failed,[Errno 2] No such file or directory: 'ffmpeg'
fa0e22bb-ae79-4338-be90-3eb2b760014b,,failed,[Errno 2] No such file or directory: 'ffmpeg'
4e9f1f88-f10d-41ab-9ba6-ee8d3294e8a4,,failed,[Errno 2] No such file or directory: 'ffmpeg'
9ac5bb90-c86f-4c4b-8979-9f655f6ee7a3,,failed,[Errno 2] No such file or directory: 'ffmpeg'
6c91f83b-1419-4920-965e-2d27392d1be7,,failed,[Errno 2] No such file or directory: 'ffmpeg'
3a02d242-fb88-4a57-a0c9-1d26b048b4e5,,failed,[Errno 2] No such file or directory: 'ffmpeg'
db8a494c-67a6-4e1f-a133-a4059b0e414c,,failed,[Errno 2] No such file or directory: 'ffmpeg'
7a3c5645-abc0-4f34-a844-1b3f9f6081ba,,failed,[Errno 2] No such file or directory: 'ffmpeg'
c1fa02f3-a4c8-4024-b103-1eb5d2d27f2f,,failed,[Errno 2] No such file or directory: 'ffmpeg'
b2a2437b-2df8-4243-bced-bf14e85f872b,,failed,[Errno 2] No such file or directory: 'ffmpeg'
8c65b352-e396-4129-9195-e66345a951c9,,failed,[Errno 2] No such file or directory: 'ffmpeg'
b4da044a-62a1-4630-abf4-7b5689d46470,,failed,[Errno 2] No such file or directory: 'ffmpeg'
034f075c-a068-4c0a-ab84-05ddb05d834a,,failed,[Errno 2] No such file or directory: 'ffmpeg'
0febd81a-fe0b-491b-bde8-9198f8de9b79,,failed,[Errno 2] No such file or directory: 'ffmpeg'
40c8352b-bfd4-410a-8c81-d454f7855e02,,failed,[Errno 2] No such file or directory: 'ffmpeg'
cdd90290-19f7-479e-b6a4-9bce1cea35dd,,failed,[Errno 2] No such file or directory: 'ffmpeg'
0e9db999-03b9-4c8c-9c73-734a6b277e65,,failed,[Errno 2] No such file or directory: 'ffmpeg'
e20cb3ec-9c9b-4382-beae-91f2a356544c,,failed,[Errno 2] No such file or directory: 'ffmpeg'
cfa11104-ccd8-4bc4-a23f-5083227b0ee7,,failed,[Errno 2] No such file or directory: 'ffmpeg'
4d7f4a35-8787-469d-8c36-24ec6a160b98,,failed,[Errno 2] No such file or directory: 'ffmpeg'
a1c396d9-5523-4375-97aa-3348e1849a13,,failed,[Errno 2] No such file or directory: 'ffmpeg'
836cf64f-6031-46e3-80ba-880e2e989436,,failed,[Errno 2] No such file or directory: 'ffmpeg'
c41d1524-5bf1-49a0-b53e-be24a3bc20cd,,failed,[Errno 2] No such file or directory: 'ffmpeg'
76ff315a-0b76-47be-ba0f-5320e3fa0f86,,failed,[Errno 2] No such file or directory: 'ffmpeg'
a36e1bcd-f0cf-4478-8260-35b5a2301151,,failed,[Errno 2] No such file or directory: 'ffmpeg'
8c4d26f8-77dd-46e7-97c1-9e176e10d0fa,,failed,[Errno 2] No such file or directory: 'ffmpeg'
ec77efb5-1944-404a-9c2f-5b16b709df36,,failed,[Errno 2] No such file or directory: 'ffmpeg'
a8201204-acd7-4dfd-a6e3-a28665334882,,failed,[Errno 2] No such file or directory: 'ffmpeg'
d10efdce-4f0c-414f-b0b8-12125a2e607d,,failed,[Errno 2] No such file or directory: 'ffmpeg'
1a0521cd-349e-4675-a4d0-d135e561ddef,,failed,[Errno 2] No such file or directory: 'ffmpeg'
f07608f4-732a-43ed-bc33-6fbdfeff7da1,,failed,[Errno 2] No such file or directory: 'ffmpeg'
7e55403c-e103-417d-aa7c-40eaf3b548fe,,failed,[Errno 2] No such file or directory: 'ffmpeg'
f178db19-2845-4e2b-8b60-39e4fd8b2003,,failed,[Errno 2] No such file or directory: 'ffmpeg'
a4a55354-5213-4aa9-8a75-09a51fed3a42,,failed,[Errno 2] No such file or directory: 'ffmpeg'
7bdc33bb-4114-4f3a-9e9d-dcecc8034722,,failed,[Errno 2] No such file or directory: 'ffmpeg'
ff4fba54-37aa-4485-a806-a2a6913029f4,,failed,[Errno 2] No such file or directory: 'ffmpeg'
94004c88-7f46-4a46-b86d-9cfdaea812e7,,failed,[Errno 2] No such file or directory: 'ffmpeg'
8ae49df4-6f59-4d1c-94eb-1782e1418484,,failed,[Errno 2] No such file or directory: 'ffmpeg'
54ff585b-d151-4d2e-be7d-c59685610042,,failed,[Errno 2] No such file or directory: 'ffmpeg'
6ae47e0e-9b1f-4d16-8ff7-239c0681a5d0,,failed,[Errno 2] No such file or directory: 'ffmpeg'
e3d34034-1f5d-4cde-b320-45de1c832a84,,failed,[Errno 2] No such file or directory: 'ffmpeg'
b4750e89-273d-499b-9d71-5ab0cb21f7fe,,failed,[Errno 2] No such file or directory: 'ffmpeg'
54e4a579-3062-4fb1-aa56-31b4e6b1aa59,,failed,[Errno 2] No such file or directory: 'ffmpeg'
80071c1d-c2b7-4d05-a884-a476aae6d17a,,failed,[Errno 2] No such file or directory: 'ffmpeg'
7475f1ae-1545-4cb5-8081-f95674388e19,,failed,[Errno 2] No such file or directory: 'ffmpeg'
d2994271-a711-4279-8914-a354cdd8bcc0,,failed,[Errno 2] No such file or directory: 'ffmpeg'
f01192d8-bd84-48ba-96b9-9a238d0de30b,,failed,[Errno 2] No such file or directory: 'ffmpeg'
f9d74bca-5a69-4997-8def-1d50795eef03,,failed,[Errno 2] No such file or directory: 'ffmpeg'
5faa2d9e-77a5-466e-8954-32a6e58f4e21,,failed,[Errno 2] No such file or directory: 'ffmpeg'
7bbf7e47-cba2-47d7-a01d-da3d6050382b,,failed,[Errno 2] No such file or directory: 'ffmpeg'
db02f91b-15d6-4635-98b5-86fe2833fe7d,,failed,[Errno 2] No such file or directory: 'ffmpeg'
14f66007-7958-4ee7-8dd9-fcebc8ceebdc,,failed,[Errno 2] No such file or directory: 'ffmpeg'
d43e2315-1def-475e-87dd-a2c6c58de83d,,failed,[Errno 2] No such file or directory: 'ffmpeg'
41e9d588-e778-4957-92d3-6c808fce1c70,,failed,[Errno 2] No such file or directory: 'ffmpeg'
728a08d3-a1e7-4b3a-a17c-e8bb01c89859,,failed,[Errno 2] No such file or directory: 'ffmpeg'
481ea3a4-4db3-42b8-8eaa-a43ff830a9c1,,failed,[Errno 2] No such file or directory: 'ffmpeg'
e6c98905-7a9b-4d68-a550-fe1bd589591c,,failed,[Errno 2] No such file or directory: 'ffmpeg'
c20eed84-cc00-4fba-9d66-76f2326a4356,,failed,[Errno 2] No such file or directory: 'ffmpeg'
9bed0eec-dfe7-478e-814c-7c4ccc8ba6db,,failed,[Errno 2] No such file or directory: 'ffmpeg'
ce6b5b5a-48d5-4f37-b64c-1796de7e827e,,failed,[Errno 2] No such file or directory: 'ffmpeg'
ab7a1478-e4d8-4d14-a034-6284d8d1849f,,failed,[Errno 2] No such file or directory: 'ffmpeg'
3ba47e91-0580-41fa-b5a7-5abb96a40550,,failed,[Errno 2] No such file or directory: 'ffmpeg'
b7cc96cd-7e85-4acf-a811-4bffd3e7bd26,,failed,[Errno 2] No such file or directory: 'ffmpeg'
f107dcaf-775b-4766-9a5a-47a8cbc9dab5,,failed,[Errno 2] No such file or directory: 'ffmpeg'
9af9607c-762f-4f67-8df2-eb6da8b28aae,,failed,[Errno 2] No such file or directory: 'ffmpeg'
d5c87bf7-be29-45b1-8c64-23ab9f4d8699,,failed,[Errno 2] No such file or directory: 'ffmpeg'
c293491e-384b-4415-a744-5d95a2912c18,,failed,[Errno 2] No such file or directory: 'ffmpeg'
02e2d300-a4fc-4cb0-811b-68ef133fa1c4,,failed,[Errno 2] No such file or directory: 'ffmpeg'
6d9e8799-2909-4dab-84d7-040ad3716486,,failed,[Errno 2] No such file or directory: 'ffmpeg'
aa3caee6-7b43-4571-b5c0-354d64d6c953,,failed,[Errno 2] No such file or directory: 'ffmpeg'
dad0a5ab-bd34-417a-a007-8a64b6482a64,,failed,[Errno 2] No such file or directory: 'ffmpeg'
6f65b3b9-bf27-490b-980c-0a4a7d6b20d1,,failed,[Errno 2] No such file or directory: 'ffmpeg'
e9a7c525-cf0e-4d65-b5c3-8dbb312578d9,,failed,[Errno 2] No such file or directory: 'ffmpeg'
dc67d999-6afb-4a15-8e3f-a69e86f8bbdf,,failed,[Errno 2] No such file or directory: 'ffmpeg'
a3eaf96e-ca3b-484e-86bb-b051bafe7d31,,failed,[Errno 2] No such file or directory: 'ffmpeg'
47a88879-2cd5-43ef-ba9e-991dace8a496,,failed,[Errno 2] No such file or directory: 'ffmpeg'
4decac47-77d7-4c1e-8ad0-16d3fb305efb,,failed,[Errno 2] No such file or directory: 'ffmpeg'
333393a5-d7ed-46f1-aeae-c832edefa292,,failed,[Errno 2] No such file or directory: 'ffmpeg'
5aa2533c-4ac8-4b25-95c7-ee420d93f523,,failed,[Errno 2] No such file or directory: 'ffmpeg'
fca665a8-fcd5-4720-955e-8dc75e09744f,,failed,[Errno 2] No such file or directory: 'ffmpeg'
867f25c8-ff15-462f-9545-fff3e7e9e0bb,,failed,[Errno 2] No such file or directory: 'ffmpeg'
fe4a43f9-a86b-4a61-a712-0762073aaff3,,failed,[Errno 2] No such file or directory: 'ffmpeg'
c27fb68f-3fae-42cd-8103-feaf863d0ad9,,failed,[Errno 2] No such file or directory: 'ffmpeg'
1297adea-3a71-408a-b8de-09bee1e44915,,failed,[Errno 2] No such file or directory: 'ffmpeg'
86d71b2f-d3a2-406b-8981-50fb3bb702ee,,failed,[Errno 2] No such file or directory: 'ffmpeg'
f5cb4cf8-d99c-4d3e-a03c-df41c6bdfb31,,failed,[Errno 2] No such file or directory: 'ffmpeg'
2c5e5da1-6f61-42dc-88a8-a9907a096ff5,,failed,[Errno 2] No such file or directory: 'ffmpeg'
882d17a8-fe28-49ad-ad69-b6e20fbdd94a,,failed,[Errno 2] No such file or directory: 'ffmpeg'
aac20a3e-d688-47bb-85c8-6d44968bc328,,failed,[Errno 2] No such file or directory: 'ffmpeg'
183c7931-4357-493e-b4ea-2fe2fb849a14,,failed,[Errno 2] No such file or directory: 'ffmpeg'
1a598954-9bcf-42fa-aab4-da530ef05a5f,,failed,[Errno 2] No such file or directory: 'ffmpeg'
3e727eb6-7c8f-4183-bc62-befab7346ef5,,failed,[Errno 2] No such file or directory: 'ffmpeg'
6f1d1c23-8f92-4e86-b431-9b7b4f7752e0,,failed,[Errno 2] No such file or directory: 'ffmpeg'
b5ca22cf-351e-4a5e-9fcb-d8bb415998d7,,failed,[Errno 2] No such file or directory: 'ffmpeg'
a2a3e2ba-d98a-4223-8cdd-af619105f33f,,failed,[Errno 2] No such file or directory: 'ffmpeg'
9375aa9b-130c-43c6-8af4-221838a2ee9c,,failed,[Errno 2] No such file or directory: 'ffmpeg'
a441b915-bfdc-4643-99b1-2872b5d42d64,,failed,[Errno 2] No such file or directory: 'ffmpeg'
c0581374-ecb5-458a-8574-839a456d0308,,failed,[Errno 2] No such file or directory: 'ffmpeg'
37b8efc4-afe7-421b-92ab-d2f49124e9f3,,failed,[Errno 2] No such file or directory: 'ffmpeg'
31c97dcd-72c2-4713-b92e-e95aeb3dd1c5,,failed,[Errno 2] No such file or directory: 'ffmpeg'
71ef7c1f-62e3-4d56-a2f1-2d64b89c56e9,,failed,[Errno 2] No such file or directory: 'ffmpeg'
b5e7117b-c0e1-43af-9ec1-b7bd6ca155f8,,failed,[Errno 2] No such file or directory: 'ffmpeg'
2de29815-c3ba-4bd3-962f-9b6b97d42a46,,failed,[Errno 2] No such file or directory: 'ffmpeg'
4834ee94-5667-463c-afbf-c86484ab3e2b,,failed,[Errno 2] No such file or directory: 'ffmpeg'
de1259a8-9690-466d-80fb-ede105b6ee29,,failed,[Errno 2] No such file or directory: 'ffmpeg'
f03fb8e6-f631-4273-917e-5c08f5d96eca,,failed,[Errno 2] No such file or directory: 'ffmpeg'
ef5e20cc-31a6-4198-8e8d-89f30f40ae29,,failed,[Errno 2] No such file or directory: 'ffmpeg'
d22a5e73-e28d-440c-801c-15837e324a7f,,failed,[Errno 2] No such file or directory: 'ffmpeg'
52c456f5-aed1-4f94-9b64-7cda6f51d6ff,,failed,[Errno 2] No such file or directory: 'ffmpeg'
490dea2a-2a4d-434d-907b-ad769eadd56f,,failed,[Errno 2] No such file or directory: 'ffmpeg'
60f2f2df-c787-40ff-9efc-aade16dcc54e,,failed,[Errno 2] No such file or directory: 'ffmpeg'
01e48fe5-1d22-4081-8d47-1528dc0d8e1f,,failed,[Errno 2] No such file or directory: 'ffmpeg'
3c3923ad-2020-42ff-8c40-b9d49dbb693a,,failed,[Errno 2] No such file or directory: 'ffmpeg'
664e0d51-95de-4bb1-9308-4af5dd8c2b74,,failed,[Errno 2] No such file or directory: 'ffmpeg'
59f37854-3e09-46bd-978b-600b976a6943,,failed,[Errno 2] No such file or directory: 'ffmpeg'
b269c754-b8b2-4fde-ae7d-c0b4cc7ec205,,failed,[Errno 2] No such file or directory: 'ffmpeg'
7daba715-cab0-4264-99c8-2a71829a862a,,failed,[Errno 2] No such file or directory: 'ffmpeg'
1281c126-ee26-4e70-83cf-42520ab98f01,,failed,[Errno 2] No such file or directory: 'ffmpeg'
bd1218e0-04a5-4464-8506-246e88a1f499,,failed,[Errno 2] No such file or directory: 'ffmpeg'
683d45ee-225d-4f98-8f7f-599246abce55,,failed,[Errno 2] No such file or directory: 'ffmpeg'
1cd88677-aa73-4b42-a6ad-fa99f7ecf175,,failed,[Errno 2] No such file or directory: 'ffmpeg'
2ffb4396-101b-4ce8-9fa6-307f2625b5f2,,failed,[Errno 2] No such file or directory: 'ffmpeg'
00d09cd1-9da9-4309-9265-6a478328f914,,failed,[Errno 2] No such file or directory: 'ffmpeg'
90053271-1949-41ee-b534-d8304b76f927,,failed,[Errno 2] No such file or directory: 'ffmpeg'
1618bb3e-7145-43c0-b5f2-59182491bb79,,failed,[Errno 2] No such file or directory: 'ffmpeg'
0029513c-e141-42c4-9a17-6bec518cacca,,failed,[Errno 2] No such file or directory: 'ffmpeg'
178b95c9-cf7a-4422-869f-c24fd285ccbe,,failed,[Errno 2] No such file or directory: 'ffmpeg'
b4c9382f-d2bd-4bf9-aaa3-4f3f706faba9,,failed,[Errno 2] No such file or directory: 'ffmpeg'
b13a620c-05bd-4e3e-bbb6-be53e40e32d0,,failed,[Errno 2] No such file or directory: 'ffmpeg'
2149fbff-f73a-4a01-91a0-f134495e9ee5,,failed,[Errno 2] No such file or directory: 'ffmpeg'
30aa42b2-5f73-4458-b768-2554f2c0f94f,,failed,[Errno 2] No such file or directory: 'ffmpeg'
6ad72c31-51be-4f6e-bcf4-8e39b0f80991,,failed,[Errno 2] No such file or directory: 'ffmpeg'
466dd350-222c-4d7a-9e34-db85e0a56fff,,failed,[Errno 2] No such file or directory: 'ffmpeg'
164416d7-5662-43df-91b6-0b2afd6999c3,,failed,[Errno 2] No such file or directory: 'ffmpeg'
230a2345-97e3-4656-a997-b77ad27e3954,,failed,[Errno 2] No such file or directory: 'ffmpeg'
3e435bc0-020f-48e6-b557-b5ff2189ffa7,,failed,[Errno 2] No such file or directory: 'ffmpeg'
c35ee5e1-8b35-4448-9bf0-1cd9844c740f,,failed,[Errno 2] No such file or directory: 'ffmpeg'
9c33cbf8-5903-4d52-bbd3-46844fe95455,,failed,[Errno 2] No such file or directory: 'ffmpeg'
3f1ff9e5-6cdb-425e-b391-89bce62d7036,,failed,[Errno 2] No such file or directory: 'ffmpeg'
9c14a8ca-54d2-4e5b-a47e-dd69b16f9c0f,,failed,[Errno 2] No such file or directory: 'ffmpeg'
b7f5acf9-876d-42e5-933a-c6f9dfebbef2,,failed,[Errno 2] No such file or directory: 'ffmpeg'
fce17a03-7536-4e86-8686-a0040c0cfe04,,failed,[Errno 2] No such file or directory: 'ffmpeg'
832b644d-2453-4af0-8ec4-1a1988df6620,,failed,[Errno 2] No such file or directory: 'ffmpeg'
69706014-f8be-4e8c-a2a8-192a54a2fc01,,failed,[Errno 2] No such file or directory: 'ffmpeg'
548cc8df-9746-40ab-bfcf-7f962db6a356,,failed,[Errno 2] No such file or directory: 'ffmpeg'
15917750-e2cf-488d-bd0b-f992e8e3550c,,failed,[Errno 2] No such file or directory: 'ffmpeg'
cdda2568-bfb8-4e7d-829f-9603d3fd00ee,,failed,[Errno 2] No such file or directory: 'ffmpeg'
e3312b77-e455-4c02-a4b0-9579dc5a9fda,,failed,[Errno 2] No such file or directory: 'ffmpeg'
0e8053a8-6ca0-4e2f-b0fd-c25a8ccf9e2e,,failed,[Errno 2] No such file or directory: 'ffmpeg'
bcb9fd83-5487-4228-aaac-db7ddd89450c,,failed,[Errno 2] No such file or directory: 'ffmpeg'
267daed7-9b9a-420a-a965-2c58a8bbcebe,,failed,[Errno 2] No such file or directory: 'ffmpeg'
b20ec3d2-580a-4965-9abf-12aa6a3a9c3b,,failed,[Errno 2] No such file or directory: 'ffmpeg'
881dbab8-7d68-4c24-9002-42688e0c98d2,,failed,[Errno 2] No such file or directory: 'ffmpeg'
2d8dde5f-4d90-4951-aa99-96fcb454befd,,failed,[Errno 2] No such file or directory: 'ffmpeg'
1d978f4e-06d4-4b2b-aab9-22745aaefdfa,,failed,[Errno 2] No such file or directory: 'ffmpeg'
4f24be18-a7be-4985-8ece-e25d4565e079,,failed,[Errno 2] No such file or directory: 'ffmpeg'
783e2207-cd54-43ca-a8c8-53276e2f9584,,failed,[Errno 2] No such file or directory: 'ffmpeg'
e2d2a36d-c017-4d62-89ea-01fdfa4b9a14,,failed,[Errno 2] No such file or directory: 'ffmpeg'
bac69faa-5c78-4a90-a326-cbab9797fc9c,,failed,[Errno 2] No such file or directory: 'ffmpeg'
3e664480-296c-408a-9938-fe0a7d6d9184,,failed,[Errno 2] No such file or directory: 'ffmpeg'
e96b2a2c-b5f2-44bb-b10a-46f8fa9dc7e5,,failed,[Errno 2] No such file or directory: 'ffmpeg'
249031ce-1609-404a-a18f-d5110def4282,,failed,[Errno 2] No such file or directory: 'ffmpeg'
c650ee18-cb24-44d5-9ebe-92d5f6024c19,,failed,[Errno 2] No such file or directory: 'ffmpeg'
62272723-0946-4bb3-9a2f-61477c6432d2,,failed,[Errno 2] No such file or directory: 'ffmpeg'
bc666cff-462d-4993-bdd2-d7e2275f71fc,,failed,[Errno 2] No such file or directory: 'ffmpeg'
40ee1598-2a76-4b69-b7a2-0bbeb991b3ad,,failed,[Errno 2] No such file or directory: 'ffmpeg'
5468f0bf-b422-4f0e-908b-6032cc9862e2,,failed,[Errno 2] No such file or directory: 'ffmpeg'
d775a6d2-928c-4d19-aeaa-5f5b1970a6cc,,failed,[Errno 2] No such file or directory: 'ffmpeg'
e0ed3d89-6a14-4e60-88dc-4bb9e9954c2d,,failed,[Errno 2] No such file or directory: 'ffmpeg'
60d02bd4-6441-42b0-809e-7f6d56ffcd86,,failed,[Errno 2] No such file or directory: 'ffmpeg'
83259ace-26bb-43ac-8f27-716214b198c4,,failed,[Errno 2] No such file or directory: 'ffmpeg'
03841607-48fc-402e-989d-175d4c17fb0b,,failed,[Errno 2] No such file or directory: 'ffmpeg'
8d9043e4-9207-4854-acf2-5880f8fa56d6,,failed,[Errno 2] No such file or directory: 'ffmpeg'
bfd964d8-bba8-4c71-b5d5-ddeedcec374c,,failed,[Errno 2] No such file or directory: 'ffmpeg'
b1322b00-f2ee-4423-bf68-270f0a980066,,failed,[Errno 2] No such file or directory: 'ffmpeg'
37e2d3cb-cf05-4f73-80a9-dc9279661c4b,,failed,[Errno 2] No such file or directory: 'ffmpeg'
52d3457f-f1d6-4a30-8531-3ea09ee47e71,,failed,[Errno 2] No such file or directory: 'ffmpeg'
6d9073a3-4bdf-49ae-aca6-d7277f8c9a03,,failed,[Errno 2] No such file or directory: 'ffmpeg'
980ba249-de1c-4fd8-8c83-2085947e7a27,,failed,[Errno 2] No such file or directory: 'ffmpeg'
b1c8b418-6345-4d51-835b-788a59136f8f,,failed,[Errno 2] No such file or directory: 'ffmpeg'
b216dffd-cd8e-4347-8fbe-2b8a625b90c8,,failed,[Errno 2] No such file or directory: 'ffmpeg'
33248b74-1546-478f-af0f-a28fbb36f504,,failed,[Errno 2] No such file or directory: 'ffmpeg'
7b35fa47-2380-4ecb-9f48-12911e5894ee,,failed,[Errno 2] No such file or directory: 'ffmpeg'
b0cea15a-b445-44bd-b25f-8336ac24ce99,,failed,[Errno 2] No such file or directory: 'ffmpeg'
0f192aa2-7725-4ecf-a738-1a5ba9288f21,,failed,[Errno 2] No such file or directory: 'ffmpeg'
316031d9-153f-41bf-84f2-abb9132137f6,,failed,[Errno 2] No such file or directory: 'ffmpeg'
e74c944b-f78b-4d60-8dce-dfa028ee140a,,failed,[Errno 2] No such file or directory: 'ffmpeg'
d117ad19-2bf2-4cd6-a267-5403cfdf7f39,,failed,[Errno 2] No such file or directory: 'ffmpeg'
a0fafa9a-d3f1-4eef-855d-9f303e1145af,,failed,[Errno 2] No such file or directory: 'ffmpeg'
3282eb81-077a-41f3-be99-f9c571684476,,failed,[Errno 2] No such file or directory: 'ffmpeg'
a855e788-e4f0-4c61-b7c4-6056827a3bdf,,failed,[Errno 2] No such file or directory: 'ffmpeg'
a37a90dd-f279-4be4-ba7a-63fc4c3693a8,,failed,[Errno 2] No such file or directory: 'ffmpeg'
a9e328a6-f006-468a-80eb-d4dc78a14a6c,,failed,[Errno 2] No such file or directory: 'ffmpeg'
0a615acd-d62b-4134-8bb7-c4e36a191cf4,,failed,[Errno 2] No such file or directory: 'ffmpeg'
c6f99065-eec1-4e6b-80da-445b0d8e5398,,failed,[Errno 2] No such file or directory: 'ffmpeg'
5e6c34ec-12ba-44c6-9dd8-741c21161f75,,failed,[Errno 2] No such file or directory: 'ffmpeg'
bb558af6-c7a2-4d93-b3b3-cb41f7a7847d,,failed,[Errno 2] No such file or directory: 'ffmpeg'
47ced384-35f5-43a7-b915-7297bd4a5f82,,failed,[Errno 2] No such file or directory: 'ffmpeg'
7ff7686c-8119-4aca-b6cb-6e3ca6919c99,,failed,[Errno 2] No such file or directory: 'ffmpeg'
deba1e92-860e-486a-930a-e73a9698e084,,failed,[Errno 2] No such file or directory: 'ffmpeg'
2d29322a-c57b-4acd-8134-efb0fc22ac3b,,failed,[Errno 2] No such file or directory: 'ffmpeg'
2a43571b-718f-4afb-ab2a-9c0e9c58ea0c,,failed,[Errno 2] No such file or directory: 'ffmpeg'
0c77123a-85e2-48e6-81df-591570ec4706,,failed,[Errno 2] No such file or directory: 'ffmpeg'
0d7997cb-a181-483f-8e40-8ea3adcc3174,,failed,[Errno 2] No such file or directory: 'ffmpeg'
0220efd7-c14a-4572-a280-dfb4f07dd2df,,failed,[Errno 2] No such file or directory: 'ffmpeg'
56746264-f701-4dc6-b271-fd4126846974,,failed,[Errno 2] No such file or directory: 'ffmpeg'
9eb14333-5ac9-4053-859c-e88b82ee201d,,failed,[Errno 2] No such file or directory: 'ffmpeg'
f413068c-33e6-455c-b0b6-7dfd5d6dd766,,failed,[Errno 2] No such file or directory: 'ffmpeg'
d9ac9035-1626-4037-b1f2-f0aedfd3bc0a,,failed,[Errno 2] No such file or directory: 'ffmpeg'
4791af49-cce5-48d8-b81c-3187a419f12d,,failed,[Errno 2] No such file or directory: 'ffmpeg'
2b2419f8-55b5-4fc3-bd73-47d3bceeb0aa,,failed,[Errno 2] No such file or directory: 'ffmpeg'
e7a8d520-f8fa-4641-b614-6c1f6baa5daa,,failed,[Errno 2] No such file or directory: 'ffmpeg'
29122720-276c-42ad-a12a-332104c5ce2b,,failed,[Errno 2] No such file or directory: 'ffmpeg'
b8d50004-3b9c-468d-8c92-960c3aa2a042,,failed,[Errno 2] No such file or directory: 'ffmpeg'
8c1c88d5-31fa-4ae6-81d8-3af93b9fc467,,failed,[Errno 2] No such file or directory: 'ffmpeg'
1909d3ea-4ee8-4a95-93ee-b0837d07f67e,,failed,[Errno 2] No such file or directory: 'ffmpeg'
a4a4874a-2b27-4b89-af5c-e11414b6bfbd,,failed,[Errno 2] No such file or directory: 'ffmpeg'
433386a9-348d-44a1-a224-7f6d59c0f934,,failed,[Errno 2] No such file or directory: 'ffmpeg'
033e0aff-f6e8-4407-b3a6-f9bec02f6f36,,failed,[Errno 2] No such file or directory: 'ffmpeg'
895bf0a5-0647-47f4-b022-b33a1293cf96,,failed,[Errno 2] No such file or directory: 'ffmpeg'
39af460c-a543-4532-bd7b-d7bc2bc742d7,,failed,[Errno 2] No such file or directory: 'ffmpeg'
a8ba6504-7948-49eb-abfe-9b65f867a958,,failed,[Errno 2] No such file or directory: 'ffmpeg'
aa7fbca6-cd9c-4ac0-9340-ee0515b78104,,failed,[Errno 2] No such file or directory: 'ffmpeg'
03c8bdc9-daaa-4c8c-810c-1e6cbf0fe903,,failed,[Errno 2] No such file or directory: 'ffmpeg'
0b3e2ae3-fb51-46d3-a52a-e19e44efaa58,,failed,[Errno 2] No such file or directory: 'ffmpeg'
81bc6acd-45d1-438c-bd4e-78d5a2f6d0e8,,failed,[Errno 2] No such file or directory: 'ffmpeg'
3fdda836-e776-465c-a9e3-1c268ffb4e04,,failed,[Errno 2] No such file or directory: 'ffmpeg'
622d08c8-a005-4374-9196-98c3222d3f10,,failed,[Errno 2] No such file or directory: 'ffmpeg'
23c0a83f-5af7-4aa8-b9b4-04fa155d4e5b,,failed,[Errno 2] No such file or directory: 'ffmpeg'
59f70bff-675d-42c2-8b88-e343e28a6aca,,failed,[Errno 2] No such file or directory: 'ffmpeg'
3ce82c51-cc64-4a01-9eef-d84e08294c55,,failed,[Errno 2] No such file or directory: 'ffmpeg'
255ebd32-65b4-4bbd-b7bd-169c73d2fd6c,,failed,[Errno 2] No such file or directory: 'ffmpeg'
c038b2c6-f72b-443f-9b7b-6163b28b005c,,failed,[Errno 2] No such file or directory: 'ffmpeg'
90e2d61b-7c1a-4d41-8d88-7d5ebaf7458a,,failed,[Errno 2] No such file or directory: 'ffmpeg'
a5414e7a-524c-4fe6-b523-e1c5965d1a0e,,failed,[Errno 2] No such file or directory: 'ffmpeg'
829228a3-fb7d-4213-b349-fc21e999153a,,failed,[Errno 2] No such file or directory: 'ffmpeg'
a0c5918d-88f2-4073-b2a0-8aa11f0b9321,,failed,[Errno 2] No such file or directory: 'ffmpeg'
322bcc63-c1fc-4c9f-99ef-261730e539f2,,failed,[Errno 2] No such file or directory: 'ffmpeg'
38f5d02e-90d6-4c4b-856d-2615c7358a76,,failed,[Errno 2] No such file or directory: 'ffmpeg'
04481356-b6d0-421e-a679-c9084cacbc2e,,failed,[Errno 2] No such file or directory: 'ffmpeg'
71e9846e-1758-4499-8a0e-52f975c501af,,failed,[Errno 2] No such file or directory: 'ffmpeg'
d5bd7db5-2970-473a-82a9-127d09098a5f,,failed,[Errno 2] No such file or directory: 'ffmpeg'
3016592a-bd2e-4075-b95b-7b770d8edcd4,,failed,[Errno 2] No such file or directory: 'ffmpeg'
ede88507-74a5-43b2-b585-c818209bc3b6,,failed,[Errno 2] No such file or directory: 'ffmpeg'
88bf8078-2449-432c-af2f-ef6eb337f5bc,,failed,[Errno 2] No such file or directory: 'ffmpeg'
204f1bfa-b157-4064-aae4-f1992aa41a87,,failed,[Errno 2] No such file or directory: 'ffmpeg'
a81f99d6-fea7-4ed8-a152-ff8fc251f592,,failed,[Errno 2] No such file or directory: 'ffmpeg'
e70aa34b-43c9-4231-93b1-0c2bb5e26399,,failed,[Errno 2] No such file or directory: 'ffmpeg'
49cb6685-f37c-44a6-b1d2-a0d0e97aeec9,,failed,[Errno 2] No such file or directory: 'ffmpeg'
62bc1f2e-3693-48ef-b78b-d6ca96f60151,,failed,[Errno 2] No such file or directory: 'ffmpeg'
4b058e40-df83-47d2-ba32-c466eb820396,,failed,[Errno 2] No such file or directory: 'ffmpeg'
57897fd9-0175-4fb7-869f-dd2d12f7af8a,,failed,[Errno 2] No such file or directory: 'ffmpeg'
804c29c3-7abb-4e8c-a9c2-6d3551d88844,,failed,[Errno 2] No such file or directory: 'ffmpeg'
31cd67eb-22d4-4935-bd7e-fde9766e2d33,,failed,[Errno 2] No such file or directory: 'ffmpeg'
fdc12215-1e89-4d85-9a40-4deef7e73d92,,failed,[Errno 2] No such file or directory: 'ffmpeg'
3641b060-d1a2-4079-873b-c6cd580b07d0,,failed,[Errno 2] No such file or directory: 'ffmpeg'
3dac9a34-9999-4758-880b-32e00a628873,,failed,[Errno 2] No such file or directory: 'ffmpeg'
fbf1957b-e936-4904-93d7-07ecaf1a48d0,,failed,[Errno 2] No such file or directory: 'ffmpeg'
267e005d-a275-46ad-abe3-86e1188a6438,,failed,[Errno 2] No such file or directory: 'ffmpeg'
3ca7f886-417f-4ab8-99d3-bdb87e22aa91,,failed,[Errno 2] No such file or directory: 'ffmpeg'
6bb72a2a-5e94-4d11-9686-a1a37c5508a1,,failed,[Errno 2] No such file or directory: 'ffmpeg'
2762f4f5-f639-4056-837c-8aafc246623a,,failed,[Errno 2] No such file or directory: 'ffmpeg'
1befb036-f400-4497-bb3d-0d3cb310af1e,,failed,[Errno 2] No such file or directory: 'ffmpeg'
fdf761f2-4e5c-43cb-ac71-8e5bbca80844,,failed,[Errno 2] No such file or directory: 'ffmpeg'
fd1a81bf-e764-4b35-bbb5-b79890c7113d,,failed,[Errno 2] No such file or directory: 'ffmpeg'
5cd7c248-c2d6-4e63-b2a4-988cf2fa7a8b,,failed,[Errno 2] No such file or directory: 'ffmpeg'
78c8bd5d-e27e-4a33-97d6-07e8049c715b,,failed,[Errno 2] No such file or directory: 'ffmpeg'
f58cfb14-c352-4ced-bb76-c07f32727af1,,failed,[Errno 2] No such file or directory: 'ffmpeg'
12601c11-2b18-4a1b-a263-e6bcec2b31ae,,failed,[Errno 2] No such file or directory: 'ffmpeg'
5726393f-cbc0-4d7b-806a-f4238a878887,,failed,[Errno 2] No such file or directory: 'ffmpeg'
58b05792-94c7-4b18-8940-11caaeb9e030,,failed,[Errno 2] No such file or directory: 'ffmpeg'
47fdbf74-0649-4199-941c-eb06dc494dec,,failed,[Errno 2] No such file or directory: 'ffmpeg'
a1919ab9-c80b-4d33-ba74-6ed15f5830ba,,failed,[Errno 2] No such file or directory: 'ffmpeg'
60b7ebf1-a652-4366-807e-e23885ab3fd8,,failed,[Errno 2] No such file or directory: 'ffmpeg'
0c090383-1897-4ebc-984c-80bd7bad7725,,failed,[Errno 2] No such file or directory: 'ffmpeg'
54796eb2-c874-4dcd-9391-739afbe05ab7,,failed,[Errno 2] No such file or directory: 'ffmpeg'
638cb482-6c67-4e62-83bb-b61edd71b2ed,,failed,[Errno 2] No such file or directory: 'ffmpeg'
eb37d74b-db3a-46a3-be23-4410ca5cbbf1,,failed,[Errno 2] No such file or directory: 'ffmpeg'
6be70a21-a330-48a2-bb32-0a13e2e38891,,failed,[Errno 2] No such file or directory: 'ffmpeg'
4995a205-484c-45bc-9518-06daf9beaade,,failed,[Errno 2] No such file or directory: 'ffmpeg'
d0afea4c-0a3c-4813-98d3-ab07a4c71193,,failed,[Errno 2] No such file or directory: 'ffmpeg'
511a3e19-37a9-43c7-a566-379e1ec3b237,,failed,[Errno 2] No such file or directory: 'ffmpeg'
68d79441-66dd-4076-b74f-1567c1e8cad8,,failed,[Errno 2] No such file or directory: 'ffmpeg'
c8f3879c-e1e1-4fd6-8508-c7d53a7bf6a7,,failed,[Errno 2] No such file or directory: 'ffmpeg'
488140c3-ee4a-4f60-b960-a97a54c7489e,,failed,[Errno 2] No such file or directory: 'ffmpeg'
fd162035-807c-464c-b34e-04c94d3cac4b,,failed,[Errno 2] No such file or directory: 'ffmpeg'
25d35707-7c6b-44ea-ad34-73fe579cbea0,,failed,[Errno 2] No such file or directory: 'ffmpeg'
cfc4a6f3-7448-44ab-bcb7-5ccedcee2248,,failed,[Errno 2] No such file or directory: 'ffmpeg'
6d3bd6e5-5f63-4e1e-bb2a-4f42528d7ab4,,failed,[Errno 2] No such file or directory: 'ffmpeg'
68149864-84ad-4143-8b7d-fe3a37028625,,failed,[Errno 2] No such file or directory: 'ffmpeg'
1cc95200-79c3-4006-9b85-30343b800979,,failed,[Errno 2] No such file or directory: 'ffmpeg'
4a389b30-2cb5-44c2-a78a-7e599b4565ab,,failed,[Errno 2] No such file or directory: 'ffmpeg'
4f3546b3-c796-4d17-9848-0c876d07515c,,failed,[Errno 2] No such file or directory: 'ffmpeg'
f9525ea7-770d-46f5-9781-077f5169fbe1,,failed,[Errno 2] No such file or directory: 'ffmpeg'
44927b8b-2251-4e91-8ae3-fdf4f9eb1cbd,,failed,[Errno 2] No such file or directory: 'ffmpeg'
924ac4d4-9e2f-4228-9706-a0d768024870,,failed,[Errno 2] No such file or directory: 'ffmpeg'
1bfa5a56-b310-4e09-8e81-7bd8559590c8,,failed,[Errno 2] No such file or directory: 'ffmpeg'
cfa6c98b-1459-47d8-b13b-b10bdfa9299f,,failed,[Errno 2] No such file or directory: 'ffmpeg'
9675c775-436b-4b8f-9020-7cb4039b00a6,,failed,[Errno 2] No such file or directory: 'ffmpeg'
83a3cb63-6a3e-42cc-a24b-140a1122cacd,,failed,[Errno 2] No such file or directory: 'ffmpeg'
d5289873-688d-4b4e-aa94-e3ff9e6ef81e,,failed,[Errno 2] No such file or directory: 'ffmpeg'
86705d09-561b-436f-bbf6-4edf017e38a2,,failed,[Errno 2] No such file or directory: 'ffmpeg'
c61b536c-f6b8-4db7-bd30-d495c166660d,,failed,[Errno 2] No such file or directory: 'ffmpeg'
8c2e5c3c-281b-45fc-8805-e81823f3c6a6,,failed,[Errno 2] No such file or directory: 'ffmpeg'
6481358e-57ff-4e6c-b678-dda2311fe696,,failed,[Errno 2] No such file or directory: 'ffmpeg'
5cbb1ba8-4699-4893-a719-dadc593899fc,,failed,[Errno 2] No such file or directory: 'ffmpeg'
88044b07-9885-4582-9069-ed353f9c0b2f,,failed,[Errno 2] No such file or directory: 'ffmpeg'
2185cd1c-c781-4028-8c98-be677402483d,,failed,[Errno 2] No such file or directory: 'ffmpeg'
0935c8cd-ec72-4f4e-9a3e-ddfcce7a8723,,failed,[Errno 2] No such file or directory: 'ffmpeg'
cc3f0da2-af18-434f-ab16-5667143a4ce6,,failed,[Errno 2] No such file or directory: 'ffmpeg'
cbe520c5-d129-47a3-bb1d-4cf77889e67f,,failed,[Errno 2] No such file or directory: 'ffmpeg'
9977a172-39d6-428f-927d-7b52e58e5e71,,failed,[Errno 2] No such file or directory: 'ffmpeg'
a63b2ce1-db99-4fd1-b1bb-1e8ebb5f9b54,,failed,[Errno 2] No such file or directory: 'ffmpeg'
9ddc0686-a7c5-4173-acc6-41d2dcddcfb6,,failed,[Errno 2] No such file or directory: 'ffmpeg'
22d8762a-b50a-43b6-9ceb-94093cb6dab7,,failed,[Errno 2] No such file or directory: 'ffmpeg'
4bcf2b17-feb4-4bca-b3c1-4e11e81282dc,,failed,[Errno 2] No such file or directory: 'ffmpeg'
1f49ed0d-1c49-402a-a9d0-226bf79edb4d,,failed,[Errno 2] No such file or directory: 'ffmpeg'
f78454ee-48ed-4fc7-8c87-a94b53a8ad72,,failed,[Errno 2] No such file or directory: 'ffmpeg'
86052630-c709-4ebd-8cef-27670a390b64,,failed,[Errno 2] No such file or directory: 'ffmpeg'
5fbabfc7-ceba-4128-a91c-0a8035c59c94,,failed,[Errno 2] No such file or directory: 'ffmpeg'
4cafe40b-c23b-47f7-89ed-60aee9287f27,,failed,[Errno 2] No such file or directory: 'ffmpeg'
6f9be632-fc5c-4404-9c67-65c830fbe0de,,failed,[Errno 2] No such file or directory: 'ffmpeg'
064d8f61-b302-4d5d-8f65-2d1162256925,,failed,[Errno 2] No such file or directory: 'ffmpeg'
2bb66137-a53d-4b89-af6c-ec378636fc9f,,failed,[Errno 2] No such file or directory: 'ffmpeg'
f7ed5f1b-f436-4240-b4d9-753acbb86f48,,failed,[Errno 2] No such file or directory: 'ffmpeg'
e3077fe6-d8e2-430b-8250-58a3b6654cd7,,failed,[Errno 2] No such file or directory: 'ffmpeg'
27d32827-ee37-405f-9933-98aea8307e8d,,failed,[Errno 2] No such file or directory: 'ffmpeg'
e74cfb5b-e1b4-4b5c-ae54-a28da21ca583,,failed,[Errno 2] No such file or directory: 'ffmpeg'
7ec0edf0-7849-496b-a5db-1ec425939a02,,failed,[Errno 2] No such file or directory: 'ffmpeg'
0f1d4aca-23f6-4f8b-a5db-9edfcb777b4c,,failed,[Errno 2] No such file or directory: 'ffmpeg'
d7c4a554-8736-46f3-b210-97e0b1968851,,failed,[Errno 2] No such file or directory: 'ffmpeg'
ee5703e9-909e-4a70-83b5-5c10d8451366,,failed,[Errno 2] No such file or directory: 'ffmpeg'
7acffd45-b2c1-4c0a-a940-ced59e72bdfb,,failed,[Errno 2] No such file or directory: 'ffmpeg'
3912e556-964d-4b2c-ad0e-fe0f8a05904a,,failed,[Errno 2] No such file or directory: 'ffmpeg'
0021b5eb-c771-458e-9abf-c931b5b088d8,,failed,[Errno 2] No such file or directory: 'ffmpeg'
c59946f5-21eb-4039-8aa7-f60b9d32f606,,failed,[Errno 2] No such file or directory: 'ffmpeg'
13a3a90e-13b3-488c-b494-b26270d6b4c4,,failed,[Errno 2] No such file or directory: 'ffmpeg'
6e648d66-26a6-4d48-9808-35af9982d635,,failed,[Errno 2] No such file or directory: 'ffmpeg'
5fe90792-3194-4b07-a9e3-5086df861850,,failed,[Errno 2] No such file or directory: 'ffmpeg'
1e9c2c6b-ab4b-4d79-b985-6897902341be,,failed,[Errno 2] No such file or directory: 'ffmpeg'
b09b5463-a6ee-41c0-bded-c1b706f26367,,failed,[Errno 2] No such file or directory: 'ffmpeg'
a0c22ed5-da3d-4af2-be94-29208ac8aee3,,failed,[Errno 2] No such file or directory: 'ffmpeg'
dd661211-ee64-47fc-b24a-7ea1a37e4dc5,,failed,[Errno 2] No such file or directory: 'ffmpeg'
a1235329-1d7d-49eb-a6db-97153df7820c,,failed,[Errno 2] No such file or directory: 'ffmpeg'
6d7011c5-8b70-40f8-b62a-d2876a72a039,,failed,[Errno 2] No such file or directory: 'ffmpeg'
b3662a65-a92a-44ed-a2ba-ec1c0b314a3b,,failed,[Errno 2] No such file or directory: 'ffmpeg'
31d9329d-a35f-4555-b35b-f3d5d012e5db,,failed,[Errno 2] No such file or directory: 'ffmpeg'
7a51d5ef-976a-44a3-bf79-e6d0735352ad,,failed,[Errno 2] No such file or directory: 'ffmpeg'
a8e225d1-1b20-488e-b29d-81244eabd891,,failed,[Errno 2] No such file or directory: 'ffmpeg'
12dde4d4-342c-4c52-b20e-c4cca101039f,,failed,[Errno 2] No such file or directory: 'ffmpeg'
7e04f608-3f2b-451e-943a-9feff147713f,,failed,[Errno 2] No such file or directory: 'ffmpeg'
4e131724-048d-4303-bff3-76caf1136f83,,failed,[Errno 2] No such file or directory: 'ffmpeg'
cf34f1be-5981-4525-9969-6b17bb5e3a53,,failed,[Errno 2] No such file or directory: 'ffmpeg'
2f2b9119-c1f5-412d-9307-10606f86b696,,failed,[Errno 2] No such file or directory: 'ffmpeg'
7401c182-f69b-49b0-92bc-40c2d3c4397b,,failed,[Errno 2] No such file or directory: 'ffmpeg'
d46e39fa-ddf5-4050-a0be-268ec87b6dfd,,failed,[Errno 2] No such file or directory: 'ffmpeg'
5157b1eb-3e8d-44a9-902b-91676933f0c8,,failed,[Errno 2] No such file or directory: 'ffmpeg'
109ec4fb-37e9-4499-b730-5ae0ced9b93d,,failed,[Errno 2] No such file or directory: 'ffmpeg'
ab1f0a35-806a-4cc0-aaad-567e8dbcbcd1,,failed,[Errno 2] No such file or directory: 'ffmpeg'
c400c610-c0b2-44d9-b45d-0e286db11266,,failed,[Errno 2] No such file or directory: 'ffmpeg'
a98fa472-bdef-4c47-ad84-b32da0b79666,,failed,[Errno 2] No such file or directory: 'ffmpeg'
b1d36428-3229-4f1e-8f54-a594d9598b4b,,failed,[Errno 2] No such file or directory: 'ffmpeg'
3c6a5afd-e2b2-49ca-8708-1f8683422475,,failed,[Errno 2] No such file or directory: 'ffmpeg'
a0359890-4746-4420-9a82-c629121a8f45,,failed,[Errno 2] No such file or directory: 'ffmpeg'
b41c2238-932c-488a-a2a7-5c13e3dfa4ef,,failed,[Errno 2] No such file or directory: 'ffmpeg'
f19c31b3-daa8-403d-a484-7c09ffb708c4,,failed,[Errno 2] No such file or directory: 'ffmpeg'
92ab71c4-41c1-4ab7-8c8f-d36a455825f7,,failed,[Errno 2] No such file or directory: 'ffmpeg'
f4632d19-d8b6-48ce-8693-1228fead9df0,,failed,[Errno 2] No such file or directory: 'ffmpeg'
b9360d89-f816-45c1-b044-7031c5dd30fe,,failed,[Errno 2] No such file or directory: 'ffmpeg'
56ce54ac-6cc5-4d0c-97f9-f917f6d92572,,failed,[Errno 2] No such file or directory: 'ffmpeg'
5d3ca1ab-f9e3-4d2b-827e-104c39c0f9c5,,failed,[Errno 2] No such file or directory: 'ffmpeg'
6c05a90f-1127-434e-b5e9-507610361992,,failed,[Errno 2] No such file or directory: 'ffmpeg'
3d15e474-5a60-4ebe-9fb3-d2ea4c3b8ebc,,failed,[Errno 2] No such file or directory: 'ffmpeg'
1be0d182-cfbc-48ae-94ba-35b81ef1e119,,failed,[Errno 2] No such file or directory: 'ffmpeg'
5b903a74-c62f-4f05-ba6d-c42bee7da2f2,,failed,[Errno 2] No such file or directory: 'ffmpeg'
aee547a7-4ca5-4a24-94aa-a598474fd80f,,failed,[Errno 2] No such file or directory: 'ffmpeg'
ae0811cb-6ee9-4851-bdd8-2345cdd12a5e,,failed,[Errno 2] No such file or directory: 'ffmpeg'
ecbb3abe-0ce2-472a-9f61-7c64d43568d8,,failed,[Errno 2] No such file or directory: 'ffmpeg'
4653724e-694f-4013-8c12-0bd82b16f454,,failed,[Errno 2] No such file or directory: 'ffmpeg'
1115ba32-d2e0-4fd3-82cb-b61c5d17d14f,,failed,[Errno 2] No such file or directory: 'ffmpeg'
f7f0c00f-b20c-48c7-9c87-c9cb959799c0,,failed,[Errno 2] No such file or directory: 'ffmpeg'
82f9566e-cf3b-49ff-927b-af9b7e573811,,failed,[Errno 2] No such file or directory: 'ffmpeg'
c6e50eb8-ae55-4dbc-9fd9-47d95c5ebc03,,failed,[Errno 2] No such file or directory: 'ffmpeg'
8f31ecaf-3543-4e34-bb76-461d02da1e23,,failed,[Errno 2] No such file or directory: 'ffmpeg'
c3b54ce5-0a09-4c3b-8990-76d9eef6b0ed,,failed,[Errno 2] No such file or directory: 'ffmpeg'
4405dabe-574f-4b11-83cd-b5a3ba9320e7,,failed,[Errno 2] No such file or directory: 'ffmpeg'
5e35c9c9-88ab-4afd-b0a0-7516d7d6741d,,failed,[Errno 2] No such file or directory: 'ffmpeg'
55fa3584-f883-43db-834c-e1cad532fd9e,,failed,[Errno 2] No such file or directory: 'ffmpeg'
6be3603e-e9bc-4bea-8bee-d4e845380e16,,failed,[Errno 2] No such file or directory: 'ffmpeg'
6eced948-a4ca-44eb-8e44-70596c9734d8,,failed,[Errno 2] No such file or directory: 'ffmpeg'
0c963b67-28d7-4e3c-a69c-14f36ee940d9,,failed,[Errno 2] No such file or directory: 'ffmpeg'
8a9b5682-19d2-4e5d-ac12-f62a3496a805,,failed,[Errno 2] No such file or directory: 'ffmpeg'
45d3f3ae-c6b4-411d-bb4e-90ccf9098b78,,failed,[Errno 2] No such file or directory: 'ffmpeg'
56b6509a-6a41-4c94-84fd-232ce5ae37eb,,failed,[Errno 2] No such file or directory: 'ffmpeg'
d608c0d8-db9a-4cf0-a622-a9be642bb702,,failed,[Errno 2] No such file or directory: 'ffmpeg'
684c2eaf-17c0-42f9-90c7-9096d9ca74db,,failed,[Errno 2] No such file or directory: 'ffmpeg'
fad8fc72-0715-468f-a88d-197faed2b545,,failed,[Errno 2] No such file or directory: 'ffmpeg'
d599815c-03db-4e79-b514-3344a05816d1,,failed,[Errno 2] No such file or directory: 'ffmpeg'
b5660fdc-fd6e-4d9b-9d9d-fddfad3e8364,,failed,[Errno 2] No such file or directory: 'ffmpeg'
76a69cc4-a3b9-4ee0-9225-6feb584eabc7,,failed,[Errno 2] No such file or directory: 'ffmpeg'
00d3914c-c452-40e4-9c59-a7038871e5a1,,failed,[Errno 2] No such file or directory: 'ffmpeg'
aee19df7-7816-4b6a-9368-25001c6830be,,failed,[Errno 2] No such file or directory: 'ffmpeg'
7a6c8d0e-3482-4274-8085-b09e6da0f15f,,failed,[Errno 2] No such file or directory: 'ffmpeg'
9adc5df9-d6d8-405e-9499-06e4ad0d97dc,,failed,[Errno 2] No such file or directory: 'ffmpeg'
3e7258c8-cb90-4ec0-b740-2d92e4b56506,,failed,[Errno 2] No such file or directory: 'ffmpeg'
e031c4e5-ee2c-4f82-a6a7-e02f43190974,,failed,[Errno 2] No such file or directory: 'ffmpeg'
a6c7a33a-09b9-4687-b0a4-60e2e36f87d3,,failed,[Errno 2] No such file or directory: 'ffmpeg'
fd4ab862-2dba-46ea-a3bc-caf8371e548d,,failed,[Errno 2] No such file or directory: 'ffmpeg'
9263b5fa-19fa-439c-a6de-7c22c1d1a74e,,failed,[Errno 2] No such file or directory: 'ffmpeg'
a0b7dacf-fb87-41bb-9b5c-d5bc8989df41,,failed,[Errno 2] No such file or directory: 'ffmpeg'
441f48f4-d813-4a24-abc3-d06378cd1353,,failed,[Errno 2] No such file or directory: 'ffmpeg'
3cee8068-f99f-4e9b-a4d9-70b68924e2bd,,failed,[Errno 2] No such file or directory: 'ffmpeg'
aa9356d2-ae78-477b-a481-33c8c448b405,,failed,[Errno 2] No such file or directory: 'ffmpeg'
f7d01e78-7ad7-4348-9324-ca7a31fc63ff,,failed,[Errno 2] No such file or directory: 'ffmpeg'
9e5167fc-878a-4a8e-be95-4a2210996c04,,failed,[Errno 2] No such file or directory: 'ffmpeg'
eca01a53-606c-4e9c-b309-c4c8786b7cdb,,failed,[Errno 2] No such file or directory: 'ffmpeg'
707e8355-a6db-4f19-afee-19ab3def3753,,failed,[Errno 2] No such file or directory: 'ffmpeg'
d5c4e627-db2c-4364-8461-57c185c660aa,,failed,[Errno 2] No such file or directory: 'ffmpeg'
9afe8874-c552-4d6f-a0a1-355881d2ff57,,failed,[Errno 2] No such file or directory: 'ffmpeg'
2286b0f9-8794-4b86-a6c9-6f1d66413863,,failed,[Errno 2] No such file or directory: 'ffmpeg'
4e3a06a7-6d89-418b-ba44-fa19f233d501,,failed,[Errno 2] No such file or directory: 'ffmpeg'
e703821f-a40f-46a3-9acb-4566f0076223,,failed,[Errno 2] No such file or directory: 'ffmpeg'
04d2bc8d-8f95-41e5-bc3f-081bf2712692,,failed,[Errno 2] No such file or directory: 'ffmpeg'
1ded95c4-838a-4085-b342-f244f78832ea,,failed,[Errno 2] No such file or directory: 'ffmpeg'
92534561-63ff-4289-ba5d-c56f4c24c550,,failed,[Errno 2] No such file or directory: 'ffmpeg'
4fd8f14f-bbca-4fc9-b530-fd4ae1a1c90f,,failed,[Errno 2] No such file or directory: 'ffmpeg'
bbc63037-87fe-4fd3-95ad-7a6aec74a29d,,failed,[Errno 2] No such file or directory: 'ffmpeg'
4f6d251f-cb80-4f48-98d8-4e4b7380b552,,failed,[Errno 2] No such file or directory: 'ffmpeg'
e8d40ebb-7ba9-4f9e-9602-3e04218ff1e0,,failed,[Errno 2] No such file or directory: 'ffmpeg'
ca0848f0-976d-48d2-a9ef-14a551af5aaf,,failed,[Errno 2] No such file or directory: 'ffmpeg'
6728045f-79db-4f16-a24d-a23fbbdc6f43,,failed,[Errno 2] No such file or directory: 'ffmpeg'
06913cce-8e6e-470a-ba45-f06cf069c4c5,,failed,[Errno 2] No such file or directory: 'ffmpeg'
698ee151-159d-4ff3-9451-7d03070e1a3d,,failed,[Errno 2] No such file or directory: 'ffmpeg'
05017ce9-91d4-4d54-83c4-382ac4c4e042,,failed,[Errno 2] No such file or directory: 'ffmpeg'
547a5e78-0755-4cda-97c5-bbf4be0f3dea,,failed,[Errno 2] No such file or directory: 'ffmpeg'
f33c1398-fde4-47be-9f43-1ae42671c0bf,,failed,[Errno 2] No such file or directory: 'ffmpeg'
f193ffe9-1cfc-4bf2-898c-b55dd305d074,,failed,[Errno 2] No such file or directory: 'ffmpeg'
e02d3783-dee7-4c5e-8a38-6197053b9e31,,failed,[Errno 2] No such file or directory: 'ffmpeg'
641b84ec-d8e9-48a3-b5f3-4ce7ec8e7d1a,,failed,[Errno 2] No such file or directory: 'ffmpeg'
9eb56a01-e855-42ab-8522-b9c7cc1efd63,,failed,[Errno 2] No such file or directory: 'ffmpeg'
b1e1f77b-d961-45b5-911a-ce7470b0dbc5,,failed,[Errno 2] No such file or directory: 'ffmpeg'
4c26f36b-276c-4ffe-bd18-1017fba2be2b,,failed,[Errno 2] No such file or directory: 'ffmpeg'
6ad0051e-8523-4708-b46e-8b2ec263fa92,,failed,[Errno 2] No such file or directory: 'ffmpeg'
99a56909-51c7-4569-b717-ba4b4162282c,,failed,[Errno 2] No such file or directory: 'ffmpeg'
8432fb17-90e6-4590-a384-0f764f66bd89,,failed,[Errno 2] No such file or directory: 'ffmpeg'
0a575c85-cd8b-4561-8d80-67da1e70d297,,failed,[Errno 2] No such file or directory: 'ffmpeg'
2b62925b-832a-4e77-8440-919ec0a3b247,,failed,[Errno 2] No such file or directory: 'ffmpeg'
d414ee2c-bcf9-4637-b5ca-4660a678eb47,,failed,[Errno 2] No such file or directory: 'ffmpeg'
d2983836-7635-414d-ab97-b61ddddae618,,failed,[Errno 2] No such file or directory: 'ffmpeg'
23274e25-e33c-4f38-899c-5b0577523787,,failed,[Errno 2] No such file or directory: 'ffmpeg'
4902dc85-2fcd-4996-be40-dbf724fc0df2,,failed,[Errno 2] No such file or directory: 'ffmpeg'
1e941c41-e7e3-4372-b3ca-b4a8ddbeec19,,failed,[Errno 2] No such file or directory: 'ffmpeg'
8f9e2444-c2dd-4c44-aacf-6db44a2abb87,,failed,[Errno 2] No such file or directory: 'ffmpeg'
c24fe1e3-b21c-476f-bc28-d6d6d430dd73,,failed,[Errno 2] No such file or directory: 'ffmpeg'
52c2db2a-5ee9-4e50-9578-fab382edbe73,,failed,[Errno 2] No such file or directory: 'ffmpeg'
ad0fdc68-cfaf-4040-9916-63faa2037003,,failed,[Errno 2] No such file or directory: 'ffmpeg'
479d2187-0759-4330-affa-edeed6e9d141,,failed,[Errno 2] No such file or directory: 'ffmpeg'
126c082a-8458-4d18-9fbb-643780dac7cc,,failed,[Errno 2] No such file or directory: 'ffmpeg'
6562a809-8b4d-4375-92fd-8732495d2ce5,,failed,[Errno 2] No such file or directory: 'ffmpeg'
e389cbf6-5d89-4f54-babc-5d95cfe004ea,,failed,[Errno 2] No such file or directory: 'ffmpeg'
24740703-d216-4fd9-ac36-5ece3b6c3d62,,failed,[Errno 2] No such file or directory: 'ffmpeg'
f5e2e6ed-da9d-47d4-8282-3f53f5e85461,,failed,[Errno 2] No such file or directory: 'ffmpeg'
5225a102-7474-4f16-a36a-1ceccf2b71e1,,failed,[Errno 2] No such file or directory: 'ffmpeg'
39f52ce4-6e73-487e-8c3d-d3101b692848,,failed,[Errno 2] No such file or directory: 'ffmpeg'
8950591f-d7f2-409f-9c6e-13f48e33ed80,,failed,[Errno 2] No such file or directory: 'ffmpeg'
9a9415c6-a8a3-4806-bf69-5a834e772bca,,failed,[Errno 2] No such file or directory: 'ffmpeg'
d40bdf04-4f8a-4fa4-90a8-a87657edddbe,,failed,[Errno 2] No such file or directory: 'ffmpeg'
c734b33b-3cdc-4142-8d25-e871ff5ff1ed,,failed,[Errno 2] No such file or directory: 'ffmpeg'
a108e6d9-83c2-4b06-8791-82ce29eb82a4,,failed,[Errno 2] No such file or directory: 'ffmpeg'
9995c51e-ed7b-463a-aaf6-2b5c420abe92,,failed,[Errno 2] No such file or directory: 'ffmpeg'
6c669618-e196-41c6-9a8f-fb2f3aadc2ab,,failed,[Errno 2] No such file or directory: 'ffmpeg'
096135db-2961-4477-a385-13da7f3ff0d9,,failed,[Errno 2] No such file or directory: 'ffmpeg'
77cfdd86-f7ed-4f9b-b07f-6c2532c00499,,failed,[Errno 2] No such file or directory: 'ffmpeg'
d1672112-340e-4303-b123-2171216e1d54,,failed,[Errno 2] No such file or directory: 'ffmpeg'
cffba9e9-c609-4b08-bdc6-915d05ac1c91,,failed,[Errno 2] No such file or directory: 'ffmpeg'
bcdbcd1c-08ec-404a-a36b-348063d7d480,,failed,[Errno 2] No such file or directory: 'ffmpeg'
632596ca-ede7-40fe-bc26-59d500b773ff,,failed,[Errno 2] No such file or directory: 'ffmpeg'
5620966f-3c97-411b-a397-ad19957f984b,,failed,[Errno 2] No such file or directory: 'ffmpeg'
b60042d7-8b1c-4e6f-b1d1-40993fde8fc2,,failed,[Errno 2] No such file or directory: 'ffmpeg'
3a76717c-bff6-445c-bbac-8d4296545383,,failed,[Errno 2] No such file or directory: 'ffmpeg'
7eacdc06-a1b0-4d45-9192-1f407865cf6a,,failed,[Errno 2] No such file or directory: 'ffmpeg'
4501098d-7efc-49f4-83a0-b20a02d7f0d5,,failed,[Errno 2] No such file or directory: 'ffmpeg'
21c81f5f-16f1-4ad4-9b76-b7fb037a65d6,,failed,[Errno 2] No such file or directory: 'ffmpeg'
397d4506-27df-46e8-ae32-3539f52f6f19,,failed,[Errno 2] No such file or directory: 'ffmpeg'
b2e76dbe-9314-4098-bb72-6f95f490521c,,failed,[Errno 2] No such file or directory: 'ffmpeg'
7113f24a-27ad-490d-8e3c-183749acead9,,failed,[Errno 2] No such file or directory: 'ffmpeg'
fa21dad1-2181-4363-bfc3-9894e5eae661,,failed,[Errno 2] No such file or directory: 'ffmpeg'
aae9d49b-74b0-473d-a60d-3299987d824c,,failed,[Errno 2] No such file or directory: 'ffmpeg'
d0aa1e86-40a2-4778-8f0f-878c107ba096,,failed,[Errno 2] No such file or directory: 'ffmpeg'
3be69cc4-6f77-416e-8fbb-26fcc6240a31,,failed,[Errno 2] No such file or directory: 'ffmpeg'
d4e5e5a6-577c-4190-a361-0451d6117b17,,failed,[Errno 2] No such file or directory: 'ffmpeg'
57596d5f-1835-4f7e-998d-ef9af24bd394,,failed,[Errno 2] No such file or directory: 'ffmpeg'
edc183a7-3e78-4b79-9175-c0c51ba57f25,,failed,[Errno 2] No such file or directory: 'ffmpeg'
872cd452-76b8-4993-9b43-da2fb1a9206c,,failed,[Errno 2] No such file or directory: 'ffmpeg'
0e2dc05e-9263-4e26-8df8-c2e76bd472fe,,failed,[Errno 2] No such file or directory: 'ffmpeg'
aca25a35-2773-4cf1-a9a8-5ad936306705,,failed,[Errno 2] No such file or directory: 'ffmpeg'
cbb80348-cee1-42ab-909f-79b3629041b8,,failed,[Errno 2] No such file or directory: 'ffmpeg'
b7be8604-c6cb-45e3-87ea-979269d6b2fd,,failed,[Errno 2] No such file or directory: 'ffmpeg'
3f372c67-3b5e-4988-9d47-738703d09567,,failed,[Errno 2] No such file or directory: 'ffmpeg'
437608c5-8317-4821-a06a-4d896b2ecd63,,failed,[Errno 2] No such file or directory: 'ffmpeg'
797e7e6c-df4c-4cca-92a0-401a7fa84568,,failed,[Errno 2] No such file or directory: 'ffmpeg'
1a7e7e7d-3cbb-4682-897f-efd5a9369452,,failed,[Errno 2] No such file or directory: 'ffmpeg'
19bd48e1-7a86-4029-9a5f-c8df08f9b03c,,failed,[Errno 2] No such file or directory: 'ffmpeg'
0eaf3fb0-e5e7-4961-863b-69930a98bc4c,,failed,[Errno 2] No such file or directory: 'ffmpeg'
a72c2dcf-527e-443e-bc48-ecd25c65f0af,,failed,[Errno 2] No such file or directory: 'ffmpeg'
1145d7d1-0f4f-477a-bfad-ab0dd73aa485,,failed,[Errno 2] No such file or directory: 'ffmpeg'
d0e607e0-87fd-4c0c-be8b-c13f787d0c26,,failed,[Errno 2] No such file or directory: 'ffmpeg'
7286295d-88a4-49cc-a1b2-983324e6cbf0,,failed,[Errno 2] No such file or directory: 'ffmpeg'
625c7e3e-cb55-42d9-b271-942eb17ba133,,failed,[Errno 2] No such file or directory: 'ffmpeg'
87f9e2f5-ce2b-4432-a488-3e0442b8f3d8,,failed,[Errno 2] No such file or directory: 'ffmpeg'
41991db4-0d4c-4f71-9fde-63665966b3fb,,failed,[Errno 2] No such file or directory: 'ffmpeg'
88435d2e-cd16-4924-af21-e0696620b827,,failed,[Errno 2] No such file or directory: 'ffmpeg'
e48796ed-fb9c-492a-af1e-f2a71aa216a5,,failed,[Errno 2] No such file or directory: 'ffmpeg'
e3570213-972e-4728-b6bc-f8661b443dde,,failed,[Errno 2] No such file or directory: 'ffmpeg'
efa34d1d-97ca-40d3-9bc9-e3f92c06dc6a,,failed,[Errno 2] No such file or directory: 'ffmpeg'
6fbcf2c2-8197-4db7-a92a-a9781b1f86ab,,failed,[Errno 2] No such file or directory: 'ffmpeg'
4081e462-1962-49f0-881f-89faca5400ce,,failed,[Errno 2] No such file or directory: 'ffmpeg'
37a752d4-9456-45f5-a77a-9353fe9f68a8,,failed,[Errno 2] No such file or directory: 'ffmpeg'
dce8be8d-d0c3-4a88-bab7-12faf8719ab4,,failed,[Errno 2] No such file or directory: 'ffmpeg'
6ba15130-55d4-4bf9-9526-0aeaf17d64e3,,failed,[Errno 2] No such file or directory: 'ffmpeg'
9b9f0d55-1853-4b1c-a366-5d4116dd0296,,failed,[Errno 2] No such file or directory: 'ffmpeg'
cf149902-a4bc-42e5-a4c6-80d989d5113e,,failed,[Errno 2] No such file or directory: 'ffmpeg'
a273a8d6-9b8f-4b6f-a202-7d0a978e5c77,,failed,[Errno 2] No such file or directory: 'ffmpeg'
6d7cb1a7-83ea-4457-8d58-4091602d6dd8,,failed,[Errno 2] No such file or directory: 'ffmpeg'
f44ed9e8-ec47-4894-9921-53f96c231ed4,,failed,[Errno 2] No such file or directory: 'ffmpeg'
7b8510a3-447f-4ff0-abf7-9a67ebf3ca29,,failed,[Errno 2] No such file or directory: 'ffmpeg'
d0d1640a-7fd6-4c64-a900-84bb9b914438,,failed,[Errno 2] No such file or directory: 'ffmpeg'
af39425c-4b19-4ed5-9a19-658e42063a7a,,failed,[Errno 2] No such file or directory: 'ffmpeg'
ad030ca9-487d-4e43-9c28-61b69fccdc8a,,failed,[Errno 2] No such file or directory: 'ffmpeg'
0e1f8bcd-e461-43a0-a8f4-c2647fe595c2,,failed,[Errno 2] No such file or directory: 'ffmpeg'
4fcf5316-fd47-42a3-ad9f-bc38825c2070,,failed,[Errno 2] No such file or directory: 'ffmpeg'
5f466fd1-d2b2-4658-b2b1-f2714d650d1c,,failed,[Errno 2] No such file or directory: 'ffmpeg'
167ac80a-03af-4655-8f42-b03d73e42834,,failed,[Errno 2] No such file or directory: 'ffmpeg'
723a1550-857a-4e2c-8834-7d14c9117ec4,,failed,[Errno 2] No such file or directory: 'ffmpeg'
0eea2d14-a651-44be-a630-af79b50df5e8,,failed,[Errno 2] No such file or directory: 'ffmpeg'
432c983e-8404-4f93-87fb-a65373df0431,,failed,[Errno 2] No such file or directory: 'ffmpeg'
d7f8a9e0-5bae-4172-b115-f63985825d95,,failed,[Errno 2] No such file or directory: 'ffmpeg'
80fea60a-44be-48e5-a9dc-98e7f0d50073,,failed,[Errno 2] No such file or directory: 'ffmpeg'
8d19bea6-cf8b-4cb0-baa4-81dbce715a0e,,failed,[Errno 2] No such file or directory: 'ffmpeg'
aff0c2d9-ff7a-4140-a06b-2a416dc5219f,,failed,[Errno 2] No such file or directory: 'ffmpeg'
48619776-83e9-4c66-9cae-5c9526134960,,failed,[Errno 2] No such file or directory: 'ffmpeg'
fadcec6f-483a-4ff3-82af-340929994842,,failed,[Errno 2] No such file or directory: 'ffmpeg'
fb67e503-31c2-4a98-b9aa-78cff096d0e8,,failed,[Errno 2] No such file or directory: 'ffmpeg'
c449d224-ec4f-4f71-9902-8e923c8acef1,,failed,[Errno 2] No such file or directory: 'ffmpeg'
ca3c378f-fae5-4ff6-864a-12ce1dffe75b,,failed,[Errno 2] No such file or directory: 'ffmpeg'
4e368c3f-1e41-4837-8d04-874d3652322f,,failed,[Errno 2] No such file or directory: 'ffmpeg'
ee3105d7-23ef-46a5-a110-1424fe674734,,failed,[Errno 2] No such file or directory: 'ffmpeg'
3d20c8d9-b77f-4d80-b481-18c279d3cdf4,,failed,[Errno 2] No such file or directory: 'ffmpeg'
ae024403-acf4-4997-8b0a-4bd9740b51e5,,failed,[Errno 2] No such file or directory: 'ffmpeg'
f2bf31b4-5803-4f18-84be-95f0f1859e55,,failed,[Errno 2] No such file or directory: 'ffmpeg'
0e6f3cdc-a33c-44ce-836f-21ad93eeb3ef,,failed,[Errno 2] No such file or directory: 'ffmpeg'
4502f7ac-c46d-4b04-8a45-913104612620,,failed,[Errno 2] No such file or directory: 'ffmpeg'
d7beb814-d991-45bd-89da-4afdfbde6c74,,failed,[Errno 2] No such file or directory: 'ffmpeg'
619c7987-6d99-4974-a05e-bb6d86979261,,failed,[Errno 2] No such file or directory: 'ffmpeg'
aa8683a4-8d9d-4537-a24d-4cdd839b14f0,,failed,[Errno 2] No such file or directory: 'ffmpeg'
ff61bf85-fde6-4c13-8d61-87b75b6f44c7,,failed,[Errno 2] No such file or directory: 'ffmpeg'
5d31e968-7e60-4814-ad34-9ad858ed23e0,,failed,[Errno 2] No such file or directory: 'ffmpeg'
599f3e7c-7ae0-44b1-92d8-84bd8dfa4e86,,failed,[Errno 2] No such file or directory: 'ffmpeg'
293d788f-6168-4e14-9713-cfe1ffd37983,,failed,[Errno 2] No such file or directory: 'ffmpeg'
a94ff997-30d6-4a4d-8def-38bf95abff95,,failed,[Errno 2] No such file or directory: 'ffmpeg'
fea6a724-f27a-48da-b0e5-47c13601700d,,failed,[Errno 2] No such file or directory: 'ffmpeg'
b4fd1e5f-d5a2-4f6f-8ab9-61a1faf0df31,,failed,[Errno 2] No such file or directory: 'ffmpeg'
6bfbac9b-339b-46cd-93a6-50b4375de5cc,,failed,[Errno 2] No such file or directory: 'ffmpeg'
ca237497-390e-49ee-98c5-e9efd638a533,,failed,[Errno 2] No such file or directory: 'ffmpeg'
29b9c2be-6bbe-4694-a665-7877f796f49f,,failed,[Errno 2] No such file or directory: 'ffmpeg'
e89b305b-6221-44e3-8718-97223a53c9cc,,failed,[Errno 2] No such file or directory: 'ffmpeg'
5267800c-589a-4361-88f4-1d39dc922728,,failed,[Errno 2] No such file or directory: 'ffmpeg'
a2433fe2-dfb7-4eca-ba8f-ceb946a9529c,,failed,[Errno 2] No such file or directory: 'ffmpeg'
e29d7d72-1ed1-4ac2-932a-a9f3d0a0e8ca,,failed,[Errno 2] No such file or directory: 'ffmpeg'
6647c9da-138d-41db-ac9d-72dee83d72a7,,failed,[Errno 2] No such file or directory: 'ffmpeg'
11ee4692-7265-497e-80b6-6a4829e5d582,,failed,[Errno 2] No such file or directory: 'ffmpeg'
92131543-7773-4012-99fd-83187be2bf01,,failed,[Errno 2] No such file or directory: 'ffmpeg'
30d0aa36-62c0-4d4f-95ec-6114f9f8e130,,failed,[Errno 2] No such file or directory: 'ffmpeg'
bfa4904f-9c54-4de1-9492-35b3a1601a16,,failed,[Errno 2] No such file or directory: 'ffmpeg'
6f225626-2aed-4c23-bddd-359eff40a8f4,,failed,[Errno 2] No such file or directory: 'ffmpeg'
1de62427-9278-4021-8a3a-97296c60a3db,,failed,[Errno 2] No such file or directory: 'ffmpeg'
f5258d1d-c082-46fb-bbe7-ad3618a94639,,failed,[Errno 2] No such file or directory: 'ffmpeg'
2b8bc72c-613b-4140-afae-649164044ec9,,failed,[Errno 2] No such file or directory: 'ffmpeg'
73dabcdc-93fe-4990-978c-c7f49196be72,,failed,[Errno 2] No such file or directory: 'ffmpeg'
06428bfa-d38d-4913-921d-757ad5dba93a,,failed,[Errno 2] No such file or directory: 'ffmpeg'
57be729e-8223-4d24-80cd-7584f7c101e4,,failed,[Errno 2] No such file or directory: 'ffmpeg'
b205fd68-4511-486a-a166-d10bcfa59ae2,,failed,[Errno 2] No such file or directory: 'ffmpeg'
31f47b48-baa2-403d-90a9-b63a72098936,,failed,[Errno 2] No such file or directory: 'ffmpeg'
a854e88a-e94e-42ed-aef8-7991d8b8ac96,,failed,[Errno 2] No such file or directory: 'ffmpeg'
c11bb112-7cd1-4019-be64-fbf1e24709ae,,failed,[Errno 2] No such file or directory: 'ffmpeg'
e4962cd7-7e67-4195-9dfc-497e877425af,,failed,[Errno 2] No such file or directory: 'ffmpeg'
5721bc56-02a0-4058-942c-9f1d753f911a,,failed,[Errno 2] No such file or directory: 'ffmpeg'
224f8e02-20f7-44df-a52c-91824e863332,,failed,[Errno 2] No such file or directory: 'ffmpeg'
cbe6b048-ff79-4641-a377-673ffd528aaf,,failed,[Errno 2] No such file or directory: 'ffmpeg'
b1001c5e-5a2c-4ec7-a82a-33d72e004fe3,,failed,[Errno 2] No such file or directory: 'ffmpeg'
09da76fe-b16a-477c-88ca-b14b31611199,,failed,[Errno 2] No such file or directory: 'ffmpeg'
d619ceb5-4673-4bb4-a9a8-c471e01f87e7,,failed,[Errno 2] No such file or directory: 'ffmpeg'
6c29e1a4-74b2-4a17-938c-b622a3080565,,failed,[Errno 2] No such file or directory: 'ffmpeg'
dcadf3c5-568f-4ae5-8a76-103967c20409,,failed,[Errno 2] No such file or directory: 'ffmpeg'
c953ac01-643d-4143-8a9d-c1c4747e9b12,,failed,[Errno 2] No such file or directory: 'ffmpeg'
db956c10-b8ed-46c2-b95d-d91906a44360,,failed,[Errno 2] No such file or directory: 'ffmpeg'
5199806d-22bf-49ac-9ea1-e53e86e0d308,,failed,[Errno 2] No such file or directory: 'ffmpeg'
571b7a72-a215-4f3e-a45d-9cea9f6c3ce9,,failed,[Errno 2] No such file or directory: 'ffmpeg'
254f6ce0-dc97-4114-a339-e008f94be7c4,,failed,[Errno 2] No such file or directory: 'ffmpeg'
7b9dbcb2-4ed2-4969-b741-0b7aa67908fc,,failed,[Errno 2] No such file or directory: 'ffmpeg'
3a19a1ce-f069-4910-bfed-208d28860c27,,failed,[Errno 2] No such file or directory: 'ffmpeg'
93391796-0347-4e98-91bd-d72acca5717b,,failed,[Errno 2] No such file or directory: 'ffmpeg'
ef33c863-cdc8-46ae-bedd-d62703d78c2b,,failed,[Errno 2] No such file or directory: 'ffmpeg'
5ff6272a-74ff-475b-bf3c-b1e33d22a979,,failed,[Errno 2] No such file or directory: 'ffmpeg'
010ed915-1fa8-4ae0-8020-7c295fcc7116,,failed,[Errno 2] No such file or directory: 'ffmpeg'
f9b70929-6c43-4c0c-b882-3d141a3d6376,,failed,[Errno 2] No such file or directory: 'ffmpeg'
86ee6040-7ae4-4e27-8ffa-5650a8defd29,,failed,[Errno 2] No such file or directory: 'ffmpeg'
f429ecfd-84a3-4dab-8956-43f5eb42ada5,,failed,[Errno 2] No such file or directory: 'ffmpeg'
8098922c-d882-4e17-b27c-0da17d73cf8b,,failed,[Errno 2] No such file or directory: 'ffmpeg'
6b74a01f-6848-4556-aad4-0ad6c379597a,,failed,[Errno 2] No such file or directory: 'ffmpeg'
cf9d5d90-23ef-4905-b47c-4152413ea998,,failed,[Errno 2] No such file or directory: 'ffmpeg'
baf9baf9-2df5-401d-8453-32e7ca1208d3,,failed,[Errno 2] No such file or directory: 'ffmpeg'
df500e74-e6ad-4531-a283-753dc547c1d1,,failed,[Errno 2] No such file or directory: 'ffmpeg'
9241aebf-3d58-405f-bdc9-e568f13dbeeb,,failed,[Errno 2] No such file or directory: 'ffmpeg'
9e3c3aef-d408-46cb-88e8-f6fba867cfb1,,failed,[Errno 2] No such file or directory: 'ffmpeg'
a232d8c4-b3ab-4170-a863-826db352fb71,,failed,[Errno 2] No such file or directory: 'ffmpeg'
18cf2cff-00ff-4fd9-93a1-bc1d17146385,,failed,[Errno 2] No such file or directory: 'ffmpeg'
356651e7-4bfe-4e90-8241-a0c855033891,,failed,[Errno 2] No such file or directory: 'ffmpeg'
2024f4d5-f0b5-4e94-a6b5-449bdcc402fb,,failed,[Errno 2] No such file or directory: 'ffmpeg'
ef5484cb-e21a-4c27-a183-baaea5136e45,,failed,[Errno 2] No such file or directory: 'ffmpeg'
db308e28-54c3-43d0-a0c8-6d420364f8bd,,failed,[Errno 2] No such file or directory: 'ffmpeg'
ed7ce9d7-0081-44b2-8c8c-0d07e817c913,,failed,[Errno 2] No such file or directory: 'ffmpeg'
a1402856-7b06-448b-98e6-cd10f34bd094,,failed,[Errno 2] No such file or directory: 'ffmpeg'
f5a3835c-1500-4d35-bd61-22678b03b9f7,,failed,[Errno 2] No such file or directory: 'ffmpeg'
80a31632-93d6-42e6-896a-fb0f87a654d7,,failed,[Errno 2] No such file or directory: 'ffmpeg'
57b10126-6d10-4258-8494-8b9ca15b1ceb,,failed,[Errno 2] No such file or directory: 'ffmpeg'
4382a51e-77b1-4196-b574-76ebf0362e32,,failed,[Errno 2] No such file or directory: 'ffmpeg'
c5ab427f-8db1-4bbd-a46d-c0e365522db1,,failed,[Errno 2] No such file or directory: 'ffmpeg'
d7b6369c-afc8-41d8-9e75-41da1a8c906b,,failed,[Errno 2] No such file or directory: 'ffmpeg'
2ec3c389-8dc8-4fcf-bbdd-6717f266faab,,failed,[Errno 2] No such file or directory: 'ffmpeg'
33b92342-87fe-4092-a113-b0a460abfbe6,,failed,[Errno 2] No such file or directory: 'ffmpeg'
7f4de062-c8d9-460a-a973-4dda89e157f8,,failed,[Errno 2] No such file or directory: 'ffmpeg'
6b5b7cc1-7038-485d-a1b5-122e5e24fc7c,,failed,[Errno 2] No such file or directory: 'ffmpeg'
ce42e224-8a8d-4f64-ba78-9d0ab0229402,,failed,[Errno 2] No such file or directory: 'ffmpeg'
f2cba58e-1dfa-4659-9ef5-90e363aa11a8,,failed,[Errno 2] No such file or directory: 'ffmpeg'
6f691599-8878-4a6f-9695-365e849b5882,,failed,[Errno 2] No such file or directory: 'ffmpeg'
77240405-5815-456e-a9d2-872e85e6f740,,failed,[Errno 2] No such file or directory: 'ffmpeg'
fab3dcd2-30e2-4441-8f3d-d81c7e16d047,,failed,[Errno 2] No such file or directory: 'ffmpeg'
97e7647f-8336-416f-bc62-a90e12c3daa4,,failed,[Errno 2] No such file or directory: 'ffmpeg'
f8eb030c-1312-45ff-b1ed-7cb487393c89,,failed,[Errno 2] No such file or directory: 'ffmpeg'
4c57df6f-5be5-420e-9788-4cd915e96e0a,,failed,[Errno 2] No such file or directory: 'ffmpeg'
22074d01-f5b2-4862-bcd2-2f4fa5278b40,,failed,[Errno 2] No such file or directory: 'ffmpeg'
3fec5c70-657f-424b-aee6-99ed071e4415,,failed,[Errno 2] No such file or directory: 'ffmpeg'
2bc5af2b-0d85-4d5a-b1c8-98409563e56b,,failed,[Errno 2] No such file or directory: 'ffmpeg'
73f02a8a-ba17-4a20-bebd-7daab0c5908f,,failed,[Errno 2] No such file or directory: 'ffmpeg'
7bf95bea-748c-4e99-b94b-2e6a7a669112,,failed,[Errno 2] No such file or directory: 'ffmpeg'
1ba59114-b5c3-4636-a61c-5d0e267ef8cf,,failed,[Errno 2] No such file or directory: 'ffmpeg'
88400ae3-e155-4db6-be65-94513847a744,,failed,[Errno 2] No such file or directory: 'ffmpeg'
2f8f3b37-7953-4660-94e3-e4dd73016df0,,failed,[Errno 2] No such file or directory: 'ffmpeg'
b3ac8bbd-0653-4e82-ad7c-412b3827b7b2,,failed,[Errno 2] No such file or directory: 'ffmpeg'
c27204cd-7bd3-43f9-8094-62651d9dee77,,failed,[Errno 2] No such file or directory: 'ffmpeg'
086c1c63-a712-43b0-85a7-8c92ea632547,,failed,[Errno 2] No such file or directory: 'ffmpeg'
b7e795b3-cc56-423e-a943-23b12a5cbe67,,failed,[Errno 2] No such file or directory: 'ffmpeg'
108fa0dd-0d52-4a66-a6b6-938a6ded619f,,failed,[Errno 2] No such file or directory: 'ffmpeg'
b17428b9-9d43-4133-b92c-a7a5e2258a50,,failed,[Errno 2] No such file or directory: 'ffmpeg'
205c09e9-58e5-460f-b7f6-febb00ad7e75,,failed,[Errno 2] No such file or directory: 'ffmpeg'
6d03cb50-3ff9-42be-8a08-f78cfb6afc61,,failed,[Errno 2] No such file or directory: 'ffmpeg'
4736ec3b-3474-400f-9d9f-b70b0c69a24f,,failed,[Errno 2] No such file or directory: 'ffmpeg'
e32571cc-3e7b-491f-815e-06bdb10f4865,,failed,[Errno 2] No such file or directory: 'ffmpeg'
f584a2cd-1281-41aa-84b7-90509daebc54,,failed,[Errno 2] No such file or directory: 'ffmpeg'
05278120-de49-4fb5-864e-ec9ff8834259,,failed,[Errno 2] No such file or directory: 'ffmpeg'
f2473150-8893-4acc-aa56-28bccc61ed3f,,failed,[Errno 2] No such file or directory: 'ffmpeg'
1346e491-a4c1-40fc-ad32-6fce102bc537,,failed,[Errno 2] No such file or directory: 'ffmpeg'
be10bdbe-0f61-470f-a2ce-8e0c9d848f01,,failed,[Errno 2] No such file or directory: 'ffmpeg'
8bf0f3e3-d2ce-41ee-8a83-6181c80b46ab,,failed,[Errno 2] No such file or directory: 'ffmpeg'
9bdbd7fe-40aa-432a-8f59-27cfc1332328,,failed,[Errno 2] No such file or directory: 'ffmpeg'
1a0cf233-de4f-471e-9b86-8a3f621e7cc4,,failed,[Errno 2] No such file or directory: 'ffmpeg'
ae8c7ec1-edcc-4f14-a708-4a4b71b22d08,,failed,[Errno 2] No such file or directory: 'ffmpeg'
678c97cb-fda9-43e5-8583-b3dc8197f1da,,failed,[Errno 2] No such file or directory: 'ffmpeg'
d98f5220-c6e5-443d-98f2-86ee527f3715,,failed,[Errno 2] No such file or directory: 'ffmpeg'
9991359e-b818-45de-8308-58af2dc4f950,,failed,[Errno 2] No such file or directory: 'ffmpeg'
2018bbe1-9e37-4cab-8fc6-1ba8e25e42a8,,failed,[Errno 2] No such file or directory: 'ffmpeg'
6c95dc68-6e00-4fa1-b415-054b82e73663,,failed,[Errno 2] No such file or directory: 'ffmpeg'
cefcfbf6-8a43-4960-ae93-541fadf23b69,,failed,[Errno 2] No such file or directory: 'ffmpeg'
ab3459fe-1dec-453d-8bf0-37b44bf0b20d,,failed,[Errno 2] No such file or directory: 'ffmpeg'
fe57d049-4bd8-4fc8-9be5-f9c0c468e264,,failed,[Errno 2] No such file or directory: 'ffmpeg'
e6bbea42-350f-426f-a26f-d461e7e8767e,,failed,[Errno 2] No such file or directory: 'ffmpeg'
32fd381c-d742-4142-96bf-db6a1478fc58,,failed,[Errno 2] No such file or directory: 'ffmpeg'
f77cf2db-e006-4481-93d3-378b503595e5,,failed,[Errno 2] No such file or directory: 'ffmpeg'
d88e3497-3f38-420e-a71f-0db61935e974,,failed,[Errno 2] No such file or directory: 'ffmpeg'
22b0dc78-dad3-4b17-8f55-c7d4633e81e4,,failed,[Errno 2] No such file or directory: 'ffmpeg'
1c3d38db-f823-4ebe-95ce-0b022a68249e,,failed,[Errno 2] No such file or directory: 'ffmpeg'
7c67cd53-b538-4a33-8491-25514d89bea1,,failed,[Errno 2] No such file or directory: 'ffmpeg'
ea95d3fe-9127-42db-b568-22ad5fb12819,,failed,[Errno 2] No such file or directory: 'ffmpeg'
c22cf218-486c-4d38-ba9a-e57d0cadc62c,,failed,[Errno 2] No such file or directory: 'ffmpeg'
b088cdea-df4b-40e8-bacf-b9a4982e5171,,failed,[Errno 2] No such file or directory: 'ffmpeg'
84140758-06ff-4bc2-aa4c-2d34b20d7878,,failed,[Errno 2] No such file or directory: 'ffmpeg'
d2999960-f348-4bce-bafc-698319b894b5,,failed,[Errno 2] No such file or directory: 'ffmpeg'
d5d52146-3aad-4602-9e91-357102c9b22b,,failed,[Errno 2] No such file or directory: 'ffmpeg'
40c7f855-bc74-4c8b-ba7f-7db693c319ea,,failed,[Errno 2] No such file or directory: 'ffmpeg'
31e56024-10dc-4e21-992f-96ba6c04a931,,failed,[Errno 2] No such file or directory: 'ffmpeg'
9be17766-369f-4760-a55e-60aa81e2ccc9,,failed,[Errno 2] No such file or directory: 'ffmpeg'
6967b00f-f11c-4840-89ac-ae1d892fc7b5,,failed,[Errno 2] No such file or directory: 'ffmpeg'
4e765825-7a23-454f-af85-11d6eefb5c05,,failed,[Errno 2] No such file or directory: 'ffmpeg'
89ad2393-4c1b-4128-8f7c-8745a2a97839,,failed,[Errno 2] No such file or directory: 'ffmpeg'
0812691d-d86f-49f6-98ce-0274efd0ed12,,failed,[Errno 2] No such file or directory: 'ffmpeg'
430f61be-da07-4bbc-b8f7-7ec2868d58c9,,failed,[Errno 2] No such file or directory: 'ffmpeg'
69c9e022-2396-43fd-886c-9b95227d7cf3,,failed,[Errno 2] No such file or directory: 'ffmpeg'
8b71c590-779b-4432-b94d-c85b52e5282a,,failed,[Errno 2] No such file or directory: 'ffmpeg'
7cf38bbc-7eaa-4bad-a335-ba30d4cdc1e7,,failed,[Errno 2] No such file or directory: 'ffmpeg'
41d73b37-80c7-4915-9d53-9896f0cad9a9,,failed,[Errno 2] No such file or directory: 'ffmpeg'
7f64c3c0-9259-4fe0-9ec5-56afb41b1a7e,,failed,[Errno 2] No such file or directory: 'ffmpeg'
28f246b3-f862-438f-94f9-cbae7f6de188,,failed,[Errno 2] No such file or directory: 'ffmpeg'
eb36e4f0-a83c-4c1c-97b4-5ca8e522f51b,,failed,[Errno 2] No such file or directory: 'ffmpeg'
94313209-38aa-405a-9a64-5d72f3ab1696,,failed,[Errno 2] No such file or directory: 'ffmpeg'
3e9ec0f3-b5ca-4ea0-b9d2-f5cbc0a1f4a0,,failed,[Errno 2] No such file or directory: 'ffmpeg'
ccbea5bd-d034-40b6-9c9a-57f9f45aba9f,,failed,[Errno 2] No such file or directory: 'ffmpeg'
30a93bdb-0fe7-4b8c-a61d-0407f9bb00b5,,failed,[Errno 2] No such file or directory: 'ffmpeg'
960f916d-4cca-481c-8b1f-78940c9be867,,failed,[Errno 2] No such file or directory: 'ffmpeg'
20e4a0bc-14c8-422a-898c-70a8e1140d02,,failed,[Errno 2] No such file or directory: 'ffmpeg'
28a40c55-6023-4aa6-9825-ea2da75163d0,,failed,[Errno 2] No such file or directory: 'ffmpeg'
11caf540-af61-4a5d-84cd-28269dff0d51,,failed,[Errno 2] No such file or directory: 'ffmpeg'
b0861133-c85b-4b10-886b-addf425e9fbd,,failed,[Errno 2] No such file or directory: 'ffmpeg'
70b8a36a-70ef-4ed2-b828-abbe9aa2f04e,,failed,[Errno 2] No such file or directory: 'ffmpeg'
fb1cf546-beaf-4774-8073-5fb72c919304,,failed,[Errno 2] No such file or directory: 'ffmpeg'
255ccffe-8a08-4958-bf67-9977ca77b42c,,failed,[Errno 2] No such file or directory: 'ffmpeg'
93428d8f-225e-4116-89b3-787d829d25e9,,failed,[Errno 2] No such file or directory: 'ffmpeg'
abd4ebb2-877c-42f8-9200-e395dd3f56af,,failed,[Errno 2] No such file or directory: 'ffmpeg'
cde8c0c0-7947-4a19-b71a-834de8a2e07e,,failed,[Errno 2] No such file or directory: 'ffmpeg'
e4465c33-3b3f-4b00-a2f3-a61dc4ae0b96,,failed,[Errno 2] No such file or directory: 'ffmpeg'
c151ba8d-e204-497a-944b-28a4aac1bb7e,,failed,[Errno 2] No such file or directory: 'ffmpeg'
45a46e10-5a71-4ede-bd5c-e665115c467d,,failed,[Errno 2] No such file or directory: 'ffmpeg'
53f456ec-042c-4118-b923-0bedbf4b0c34,,failed,[Errno 2] No such file or directory: 'ffmpeg'
52be4cea-fea2-44ed-9104-559a5fadbf05,,failed,[Errno 2] No such file or directory: 'ffmpeg'
34c5b345-d276-428f-9907-b4bef6e0eeaf,,failed,[Errno 2] No such file or directory: 'ffmpeg'
36091878-4fc2-42ed-9fa2-5b20733f7447,,failed,[Errno 2] No such file or directory: 'ffmpeg'
070a186e-ad9b-4057-8b13-7a3e0712b757,,failed,[Errno 2] No such file or directory: 'ffmpeg'
8aacc504-91ee-4ee2-8928-981a2a6e83c5,,failed,[Errno 2] No such file or directory: 'ffmpeg'
845cb2d6-b7f0-43b0-922f-8789f6279363,,failed,[Errno 2] No such file or directory: 'ffmpeg'
6cc475df-72ae-4abf-872c-2fbf094ae837,,failed,[Errno 2] No such file or directory: 'ffmpeg'
6a9e150e-3038-424f-a329-d8a3118c19d0,,failed,[Errno 2] No such file or directory: 'ffmpeg'
1c0c1480-1f6c-4f6b-b17b-482ab7023ff1,,failed,[Errno 2] No such file or directory: 'ffmpeg'
2281a740-2481-447d-b13d-6dea8c3d39bd,,failed,[Errno 2] No such file or directory: 'ffmpeg'
12d650c1-17a6-4a18-b784-bc725c7d115e,,failed,[Errno 2] No such file or directory: 'ffmpeg'
90cb1bde-4423-4e33-a2e1-148286f71aee,,failed,[Errno 2] No such file or directory: 'ffmpeg'
cf620e7b-87b8-4932-958e-e6f943af7a95,,failed,[Errno 2] No such file or directory: 'ffmpeg'
ba9b3208-b84f-47a0-90d3-35acb3bc2944,,failed,[Errno 2] No such file or directory: 'ffmpeg'
fdf318f6-2c86-479d-8ef0-8f1d9fc9accc,,failed,[Errno 2] No such file or directory: 'ffmpeg'
226480b9-e349-4b30-a353-a73144d7308c,,failed,[Errno 2] No such file or directory: 'ffmpeg'
8bdb1dfb-76bd-4f71-9650-ab585ec618b5,,failed,[Errno 2] No such file or directory: 'ffmpeg'
5932f135-67ca-4590-96fd-818b682c42ee,,failed,[Errno 2] No such file or directory: 'ffmpeg'
41f364f5-9f74-4136-96f8-e4163920821d,,failed,[Errno 2] No such file or directory: 'ffmpeg'
e6cb5f27-9408-438b-9b36-4552dff26e3b,,failed,[Errno 2] No such file or directory: 'ffmpeg'
f6018527-4d91-4258-a531-574c86724210,,failed,[Errno 2] No such file or directory: 'ffmpeg'
44dd6765-0077-40af-9a03-f550ad3b8b31,,failed,[Errno 2] No such file or directory: 'ffmpeg'
5de4ade3-dfe9-4e54-844d-f3266c2d69bf,,failed,[Errno 2] No such file or directory: 'ffmpeg'
bd800222-2e88-4d14-81de-3a99cbf9d75a,,failed,[Errno 2] No such file or directory: 'ffmpeg'
399d632f-7e38-49b5-8582-4c299446b35c,,failed,[Errno 2] No such file or directory: 'ffmpeg'
cd349e7b-b7f6-4da2-aa69-3df5017e7be4,,failed,[Errno 2] No such file or directory: 'ffmpeg'
1c768aee-b108-4deb-8a46-92ba8c4e33e0,,failed,[Errno 2] No such file or directory: 'ffmpeg'
5e5dfb60-7e59-49ab-98b8-c84f914b7a5f,,failed,[Errno 2] No such file or directory: 'ffmpeg'
6375ef7b-94bb-4e39-949b-56b57f596bf8,,failed,[Errno 2] No such file or directory: 'ffmpeg'
99194f5e-4412-4c25-99b7-b6e62be28730,,failed,[Errno 2] No such file or directory: 'ffmpeg'
09d4a1a8-2710-4504-833d-7873c76f4579,,failed,[Errno 2] No such file or directory: 'ffmpeg'
c925055e-0d55-4914-ac28-cec324c045c8,,failed,[Errno 2] No such file or directory: 'ffmpeg'
c40335f2-12de-4f93-962a-0c54436fa233,,failed,[Errno 2] No such file or directory: 'ffmpeg'
0798d0c6-dc38-4a96-8949-a62f88bb5c3a,,failed,[Errno 2] No such file or directory: 'ffmpeg'
f6b00e49-b8b3-4c4d-a45b-8083face8606,,failed,[Errno 2] No such file or directory: 'ffmpeg'
67536d24-aa3a-465c-acf0-2d66a6dc4a3b,,failed,[Errno 2] No such file or directory: 'ffmpeg'
f5b44f44-4f6c-437e-a4b5-cedd4da20865,,failed,[Errno 2] No such file or directory: 'ffmpeg'
547a12b8-ae4d-45f6-827d-909fb4957c81,,failed,[Errno 2] No such file or directory: 'ffmpeg'
29a422e6-ef44-40e0-be8c-3d3c746ed255,,failed,[Errno 2] No such file or directory: 'ffmpeg'
0c61789c-fdcc-44a0-949e-e095e16d8c8e,,failed,[Errno 2] No such file or directory: 'ffmpeg'
6e8885fd-5237-4769-809d-971a3125e687,,failed,[Errno 2] No such file or directory: 'ffmpeg'
e7dd3369-9110-43ab-87e4-af2b935399d0,,failed,[Errno 2] No such file or directory: 'ffmpeg'
2aa584c5-7aba-4ae2-af4e-b20937cd62b3,,failed,[Errno 2] No such file or directory: 'ffmpeg'
e906903e-af2d-43d6-be9a-138800370262,,failed,[Errno 2] No such file or directory: 'ffmpeg'
f6986629-6326-47dd-bb77-e9783480e602,,failed,[Errno 2] No such file or directory: 'ffmpeg'
23371af2-0808-43c6-aafd-a12f4028d9b5,,failed,[Errno 2] No such file or directory: 'ffmpeg'
7e9a93b0-17e4-48cb-8ec3-1b5174a1c9b5,,failed,[Errno 2] No such file or directory: 'ffmpeg'
b58e09dc-5d8a-4d1b-9333-b583b50efab0,,failed,[Errno 2] No such file or directory: 'ffmpeg'
35ffde90-a7d0-4272-bc74-745d9f8e1a9e,,failed,[Errno 2] No such file or directory: 'ffmpeg'
8db1aa86-8fc9-4705-93f9-855613e80b55,,failed,[Errno 2] No such file or directory: 'ffmpeg'
a92475b9-77b1-4f04-bff8-caadf81f83e8,,failed,[Errno 2] No such file or directory: 'ffmpeg'
1d8b8907-22d7-4416-bd1a-49c481a16f4e,,failed,[Errno 2] No such file or directory: 'ffmpeg'
791547cb-dd33-4ca8-abc2-2ae853f558ef,,failed,[Errno 2] No such file or directory: 'ffmpeg'
09f1b800-e437-43b2-9d36-d7965a9b418a,,failed,[Errno 2] No such file or directory: 'ffmpeg'
b199c7cc-b895-44da-bc7c-9df5c4c2bc29,,failed,[Errno 2] No such file or directory: 'ffmpeg'
373b7c85-860a-471e-8731-65e8f284843a,,failed,[Errno 2] No such file or directory: 'ffmpeg'
f99674b4-8f33-4ad8-b629-a84d23a5cd68,,failed,[Errno 2] No such file or directory: 'ffmpeg'
6c3be734-ad70-452a-938d-0043d7d75de5,,failed,[Errno 2] No such file or directory: 'ffmpeg'
f0635acc-bcfd-4b84-b7d0-477b2353141d,,failed,[Errno 2] No such file or directory: 'ffmpeg'
43e4b48a-4c8c-4807-9dc2-55a874300996,,failed,[Errno 2] No such file or directory: 'ffmpeg'
32a969d6-bd8d-4b90-a806-04cfdc4fcfcc,,failed,[Errno 2] No such file or directory: 'ffmpeg'
da8f33df-a33d-453d-b042-1a9a2520e39e,,failed,[Errno 2] No such file or directory: 'ffmpeg'
6422cfca-05ca-49e5-8b83-0293bb79f7d5,,failed,[Errno 2] No such file or directory: 'ffmpeg'
18dbcdc5-0e34-4d86-8848-168221cd2dd1,,failed,[Errno 2] No such file or directory: 'ffmpeg'
5ed026cc-68d3-421c-a839-4323dd8bf693,,failed,[Errno 2] No such file or directory: 'ffmpeg'
10bc3e80-4615-4b6f-990f-c61e7b288fb8,,failed,[Errno 2] No such file or directory: 'ffmpeg'
2115b10f-4724-46e5-896e-edc7e7500116,,failed,[Errno 2] No such file or directory: 'ffmpeg'
361a67f4-ae48-48cc-864b-08346b418883,,failed,[Errno 2] No such file or directory: 'ffmpeg'
f5d130a8-cf16-47c6-ad11-07b22a9ddafa,,failed,[Errno 2] No such file or directory: 'ffmpeg'
ec6d03e8-64b2-43b2-a5b2-bf8f3a5904a8,,failed,[Errno 2] No such file or directory: 'ffmpeg'
c54df5ca-80f9-4a5a-a86b-61fefed59bcb,,failed,[Errno 2] No such file or directory: 'ffmpeg'
a19536e3-9739-42e5-afab-e6147be4e8b1,,failed,[Errno 2] No such file or directory: 'ffmpeg'
327ba261-b7b7-4bfe-a35d-6c89f8ea18de,,failed,[Errno 2] No such file or directory: 'ffmpeg'
cb3de59c-1a8b-4785-87ec-7e7e837a1c57,,failed,[Errno 2] No such file or directory: 'ffmpeg'
ae0a08d4-f40d-47b6-8538-76cf065b980a,,failed,[Errno 2] No such file or directory: 'ffmpeg'
2162eec9-6de0-4ed6-8fe0-f9225edc3ee6,,failed,[Errno 2] No such file or directory: 'ffmpeg'
e7ba8458-8919-413e-82d0-299ff631aeaf,,failed,[Errno 2] No such file or directory: 'ffmpeg'
10b52a04-b1e6-461d-8a5a-4323fe6712a0,,failed,[Errno 2] No such file or directory: 'ffmpeg'
5612fea3-d89d-4404-becc-477e857c3d0e,,failed,[Errno 2] No such file or directory: 'ffmpeg'
f9c7748b-7ac2-4052-92d3-0e6cdbcaeccd,,failed,[Errno 2] No such file or directory: 'ffmpeg'
9c9180e1-9e38-4585-b575-29b7066ff26f,,failed,[Errno 2] No such file or directory: 'ffmpeg'
95d8809b-e798-44fb-9d95-e5f4ac7b3fff,,failed,[Errno 2] No such file or directory: 'ffmpeg'
c1d652d4-469e-4ee0-afe2-90160308aa18,,failed,[Errno 2] No such file or directory: 'ffmpeg'
1ed57e6d-9047-423c-8b67-4870484d01a2,,failed,[Errno 2] No such file or directory: 'ffmpeg'
3ed14d1f-fe54-4c13-9794-195c68d4cbe2,,failed,[Errno 2] No such file or directory: 'ffmpeg'
b6ad0335-e28e-4a4c-857e-9446c166959a,,failed,[Errno 2] No such file or directory: 'ffmpeg'
3a2a3cc9-173e-4449-ad9a-b313b3dabd74,,failed,[Errno 2] No such file or directory: 'ffmpeg'
c27d43ae-9c94-4204-842c-b8722b8e7ea1,,failed,[Errno 2] No such file or directory: 'ffmpeg'
9eae51e6-5904-4894-a70b-516cb8f49de9,,failed,[Errno 2] No such file or directory: 'ffmpeg'
0bca56a0-5138-42e3-8070-3807d60b38c2,,failed,[Errno 2] No such file or directory: 'ffmpeg'
710e42bd-f8e7-4385-a3f4-9847939e0f3d,,failed,[Errno 2] No such file or directory: 'ffmpeg'
30d30676-ba7d-4f2e-a259-1c387ae1d316,,failed,[Errno 2] No such file or directory: 'ffmpeg'
f05a7760-1fb9-48e4-a901-06f8e59b850b,,failed,[Errno 2] No such file or directory: 'ffmpeg'
b0c9256a-bc2b-4842-8c04-61f53be73520,,failed,[Errno 2] No such file or directory: 'ffmpeg'
2a4c3137-3f48-4836-8a99-d41825ceddf7,,failed,[Errno 2] No such file or directory: 'ffmpeg'
36cc74e1-b914-4be0-8bd6-9283186f398d,,failed,[Errno 2] No such file or directory: 'ffmpeg'
b0bf9ad9-05d1-4614-8d1d-3a236a195466,,failed,[Errno 2] No such file or directory: 'ffmpeg'
4c86724c-753b-4166-9488-b94871c66f8f,,failed,[Errno 2] No such file or directory: 'ffmpeg'
398aa8d1-7d28-412f-ad97-ae68e5ae55ec,,failed,[Errno 2] No such file or directory: 'ffmpeg'
05138a49-8844-4edd-a51c-86a25da41d26,,failed,[Errno 2] No such file or directory: 'ffmpeg'
eb302cbb-3be8-49be-a3cf-f708106405e5,,failed,[Errno 2] No such file or directory: 'ffmpeg'
a9605a4d-65e1-4fc8-9007-45cfa920d297,,failed,[Errno 2] No such file or directory: 'ffmpeg'
18bafc67-f27f-45f5-91a8-4061685c9330,,failed,[Errno 2] No such file or directory: 'ffmpeg'
08b2218a-1a9c-469b-a9c7-47d2f93f1825,,failed,[Errno 2] No such file or directory: 'ffmpeg'
c418346c-35c3-416d-aa69-fef585881361,,failed,[Errno 2] No such file or directory: 'ffmpeg'
17f91c26-df1b-435f-b402-96c06a7caa0e,,failed,[Errno 2] No such file or directory: 'ffmpeg'
0fd7ece3-c239-45af-87e7-d2ad76e90a51,,failed,[Errno 2] No such file or directory: 'ffmpeg'
d5a13753-9b37-4efe-a06b-01b11031d68f,,failed,[Errno 2] No such file or directory: 'ffmpeg'
5eeb08ed-009b-4cd8-bbed-457321910614,,failed,[Errno 2] No such file or directory: 'ffmpeg'
80eb7062-b742-4a81-90c9-0e7305fdb285,,failed,[Errno 2] No such file or directory: 'ffmpeg'
92c1c5fb-f51c-442b-b1fe-043d7502d6ed,,failed,[Errno 2] No such file or directory: 'ffmpeg'
adf6b298-e10e-4c10-8bc9-15a2d3873a3d,,failed,[Errno 2] No such file or directory: 'ffmpeg'
5e6293eb-a874-48e9-a626-397b616ab210,,failed,[Errno 2] No such file or directory: 'ffmpeg'
501b1edb-59b2-400b-b561-bf91789f79a7,,failed,[Errno 2] No such file or directory: 'ffmpeg'
d9a828a3-46fb-46ac-b7c5-23b180636192,,failed,[Errno 2] No such file or directory: 'ffmpeg'
7903b175-c3cd-4154-bab3-144ad856a5a2,,failed,[Errno 2] No such file or directory: 'ffmpeg'
7824b901-9f7b-4b3a-9ff4-8bf149ba3ce6,,failed,[Errno 2] No such file or directory: 'ffmpeg'
86c60bec-5a90-49ec-a9ad-1f770341034a,,failed,[Errno 2] No such file or directory: 'ffmpeg'
a6a61c2f-3fe6-456e-8409-1c94cb12832b,,failed,[Errno 2] No such file or directory: 'ffmpeg'
e823a469-cdcb-429c-9a38-ec63749edf70,,failed,[Errno 2] No such file or directory: 'ffmpeg'
463f17d5-6988-4d3d-8929-9543e2acea7c,,failed,[Errno 2] No such file or directory: 'ffmpeg'
0806a999-f655-4728-903c-f983e7bcf92b,,failed,[Errno 2] No such file or directory: 'ffmpeg'
2b0c68d1-a356-4dbd-8e13-2e108e5e84f1,,failed,[Errno 2] No such file or directory: 'ffmpeg'
cef77e1f-56d4-4369-a2c0-030d8e98e2e7,,failed,[Errno 2] No such file or directory: 'ffmpeg'
a19bf8ab-c7de-4f4b-8a70-4d3148e3e04f,,failed,[Errno 2] No such file or directory: 'ffmpeg'
3585b960-e348-46c4-a1ff-2953bdf506ed,,failed,[Errno 2] No such file or directory: 'ffmpeg'
f2a083e8-a672-4e6a-98fa-e5f3b5adc0fe,,failed,[Errno 2] No such file or directory: 'ffmpeg'
122d283c-7762-4282-86ad-4ce066de7878,,failed,[Errno 2] No such file or directory: 'ffmpeg'
ea98534e-f78a-41c4-a66b-ec8cd3b90536,,failed,[Errno 2] No such file or directory: 'ffmpeg'
05ffb5aa-3d9e-422c-962d-54ded731be46,,failed,[Errno 2] No such file or directory: 'ffmpeg'
03baf4b1-3729-49a4-bee2-06850ff4195d,,failed,[Errno 2] No such file or directory: 'ffmpeg'
45151076-db76-4fe9-a1ac-e901a97c9cb4,,failed,[Errno 2] No such file or directory: 'ffmpeg'
85fb15f3-6972-477d-b2e9-fb4f588da192,,failed,[Errno 2] No such file or directory: 'ffmpeg'
e4dd09e5-d72f-4a4b-acdf-ca9c76929952,,failed,[Errno 2] No such file or directory: 'ffmpeg'
821fc7f6-e304-404d-9b7d-0314c1b8c9a6,,failed,[Errno 2] No such file or directory: 'ffmpeg'
1dad2a11-141b-42af-886e-8053e6864d58,,failed,[Errno 2] No such file or directory: 'ffmpeg'
4f16c1c9-9a15-4b7d-84c6-5f459ac0a158,,failed,[Errno 2] No such file or directory: 'ffmpeg'
4d8212c8-53c5-4e94-b89a-d62a0e198164,,failed,[Errno 2] No such file or directory: 'ffmpeg'
3ded6690-0382-41de-9c03-78364d0a199c,,failed,[Errno 2] No such file or directory: 'ffmpeg'
a623a2be-612d-42e0-a5df-776120b7ec66,,failed,[Errno 2] No such file or directory: 'ffmpeg'
aa418df7-6838-470c-9768-74d80b010fe0,,failed,[Errno 2] No such file or directory: 'ffmpeg'
56d187f9-4cef-4d42-87cc-9e55b7327d78,,failed,[Errno 2] No such file or directory: 'ffmpeg'
4f2eb6b9-a262-49d3-808d-8c0a523d1319,,failed,[Errno 2] No such file or directory: 'ffmpeg'
9a4507f4-0047-4b34-8563-15068ef1e5c5,,failed,[Errno 2] No such file or directory: 'ffmpeg'
9766094e-71a4-4579-a239-52b5dde3da3f,,failed,[Errno 2] No such file or directory: 'ffmpeg'
b584ab12-c266-43a4-9fd1-733ea80aef5d,,failed,[Errno 2] No such file or directory: 'ffmpeg'
58b7a475-3a97-45bc-ac9a-f27ef75cbea6,,failed,[Errno 2] No such file or directory: 'ffmpeg'
7d7cdf94-1e26-49d7-9c57-55e78c20a14a,,failed,[Errno 2] No such file or directory: 'ffmpeg'
9da5759b-da22-4dc8-b345-4b3a356b6b90,,failed,[Errno 2] No such file or directory: 'ffmpeg'
4374dc86-cad9-4340-b859-a9579fa9c49a,,failed,[Errno 2] No such file or directory: 'ffmpeg'
f8ca9aca-20e4-404d-afb6-9578d46efa52,,failed,[Errno 2] No such file or directory: 'ffmpeg'
116efddd-bf45-4c71-bd3c-362f3882ec3b,,failed,[Errno 2] No such file or directory: 'ffmpeg'
d1a993ca-f8ff-4b0c-80e2-e41fff26c6b1,,failed,[Errno 2] No such file or directory: 'ffmpeg'
1e51aeff-52ae-45c4-9497-1d09d70c2b25,,failed,[Errno 2] No such file or directory: 'ffmpeg'
8ac56cda-ccb0-4827-9b0f-54bb9508a8a0,,failed,[Errno 2] No such file or directory: 'ffmpeg'
a7c18477-a576-48da-90af-a63b578e39af,,failed,[Errno 2] No such file or directory: 'ffmpeg'
1a7677c6-a0c6-459f-a2bd-db4eaa01cd60,,failed,[Errno 2] No such file or directory: 'ffmpeg'
2731ad22-5390-415d-8748-f93708577f2b,,failed,[Errno 2] No such file or directory: 'ffmpeg'
b6b92ba9-c14e-4e3e-9cc4-b445957f2f2f,,failed,[Errno 2] No such file or directory: 'ffmpeg'
db35b1c1-589f-49c4-8968-dc8b79c2eca7,,failed,[Errno 2] No such file or directory: 'ffmpeg'
a79027f5-9368-4743-866a-a6fdf4af39d1,,failed,[Errno 2] No such file or directory: 'ffmpeg'
1d66489c-023f-4258-b35e-7e7220689f15,,failed,[Errno 2] No such file or directory: 'ffmpeg'
51edb47c-c162-4119-87c0-15333e7c69bd,,failed,[Errno 2] No such file or directory: 'ffmpeg'
8771d1e5-d107-43be-ae86-ffe7b1ccb2f6,,failed,[Errno 2] No such file or directory: 'ffmpeg'
39c093f5-b7de-43e3-bb24-ccc8be12671c,,failed,[Errno 2] No such file or directory: 'ffmpeg'
17e4b614-5b37-48fe-91e0-3ca290d24339,,failed,[Errno 2] No such file or directory: 'ffmpeg'
49c47f8e-7202-4dd7-9d57-00f910bbf5c2,,failed,[Errno 2] No such file or directory: 'ffmpeg'
3f50a747-c398-4297-85d4-e52a5464252e,,failed,[Errno 2] No such file or directory: 'ffmpeg'
daf68a50-3a3b-4653-aa13-247882560714,,failed,[Errno 2] No such file or directory: 'ffmpeg'
6b5417b9-b418-4b85-9631-9336d7e121c0,,failed,[Errno 2] No such file or directory: 'ffmpeg'
5e97943f-7ecc-43b2-bfd7-da2d60d9c800,,failed,[Errno 2] No such file or directory: 'ffmpeg'
05bc98e4-5fd7-43d9-a8aa-ab11ad4b0fe7,,failed,[Errno 2] No such file or directory: 'ffmpeg'
32625054-43c1-4197-b36d-66f7a7b191bb,,failed,[Errno 2] No such file or directory: 'ffmpeg'
13ee5815-b3ec-4cd5-9f6a-a565cb2f95b8,,failed,[Errno 2] No such file or directory: 'ffmpeg'
7b0036b3-5421-40ed-b8da-e5d167596174,,failed,[Errno 2] No such file or directory: 'ffmpeg'
49d3e535-1621-4604-a929-891fa39102a2,,failed,[Errno 2] No such file or directory: 'ffmpeg'
2f4b8802-e94d-4469-8357-b0d39f089526,,failed,[Errno 2] No such file or directory: 'ffmpeg'
04f88e1a-8cbb-4054-848f-49799ccd3224,,failed,[Errno 2] No such file or directory: 'ffmpeg'
c155bac6-7335-41c2-a2b2-a19a0d0b7942,,failed,[Errno 2] No such file or directory: 'ffmpeg'
2abb1fcd-df43-4ec1-907c-cfca05ed5a74,,failed,[Errno 2] No such file or directory: 'ffmpeg'
0d784b4f-15a4-416e-86cd-ba55d19499de,,failed,[Errno 2] No such file or directory: 'ffmpeg'
79b08d5b-08b8-482a-99b0-caf448be1484,,failed,[Errno 2] No such file or directory: 'ffmpeg'
5a65585a-6dfe-4c48-9834-38e707308611,,failed,[Errno 2] No such file or directory: 'ffmpeg'
88a7f294-136b-4a5a-aaff-bdd6939b80a5,,failed,[Errno 2] No such file or directory: 'ffmpeg'
4ad96352-2ef5-401e-9083-7e0b97cda8be,,failed,[Errno 2] No such file or directory: 'ffmpeg'
b41e58b4-173a-4a3c-a11c-de80b83c67b7,,failed,[Errno 2] No such file or directory: 'ffmpeg'
65ae2e38-c7b3-485d-bd3c-f49267363fc8,,failed,[Errno 2] No such file or directory: 'ffmpeg'
342dc4fd-7eb0-4204-9bc2-58d54091f001,,failed,[Errno 2] No such file or directory: 'ffmpeg'
fd8ac6fa-64d1-47cb-8202-0ea949669828,,failed,[Errno 2] No such file or directory: 'ffmpeg'
b0981616-5fb0-4714-870d-e0b36e3610a1,,failed,[Errno 2] No such file or directory: 'ffmpeg'
90f3835a-54fb-4f5e-b97c-d226849e358c,,failed,[Errno 2] No such file or directory: 'ffmpeg'
7bbe99d5-67c4-4990-bfe2-66f6204049e0,,failed,[Errno 2] No such file or directory: 'ffmpeg'
94f3e017-a7c8-46f6-9de3-4b0d65502193,,failed,[Errno 2] No such file or directory: 'ffmpeg'
ebadb2a4-be73-4980-8bbf-ee47da3c1838,,failed,[Errno 2] No such file or directory: 'ffmpeg'
81333e36-0f8c-421b-b1c9-781bc11772a2,,failed,[Errno 2] No such file or directory: 'ffmpeg'
66e38ab4-aa73-41e4-86e8-c840ccb5e34a,,failed,[Errno 2] No such file or directory: 'ffmpeg'
b9824c7a-53c7-4025-beb9-4e98053444c4,,failed,[Errno 2] No such file or directory: 'ffmpeg'
c3ae14db-fc6f-4e32-ba30-8974a005da6c,,failed,[Errno 2] No such file or directory: 'ffmpeg'
7fb86683-6599-48b9-bd40-78664dc50072,,failed,[Errno 2] No such file or directory: 'ffmpeg'
222ef6a9-452a-414e-a7f7-b9d69d78ae5d,,failed,[Errno 2] No such file or directory: 'ffmpeg'
b66a620a-4e91-4488-87fb-7c05e2400251,,failed,[Errno 2] No such file or directory: 'ffmpeg'
27bd5652-b132-4161-abdf-1cfcdc263f24,,failed,[Errno 2] No such file or directory: 'ffmpeg'
d50fd522-9370-429b-9633-506b562e8e9b,,failed,[Errno 2] No such file or directory: 'ffmpeg'
d9ea123a-95b5-4341-938b-0b1512fd7b19,,failed,[Errno 2] No such file or directory: 'ffmpeg'
a9bb75e4-f583-4a93-b1e0-ab15e91bc721,,failed,[Errno 2] No such file or directory: 'ffmpeg'
28153e9c-475e-42e8-9018-82486379875d,,failed,[Errno 2] No such file or directory: 'ffmpeg'
bb3c1058-8e79-4a00-8c1a-5a4b60da2499,,failed,[Errno 2] No such file or directory: 'ffmpeg'
f8d2a7e5-0f35-4e4a-9481-b80cc53886d4,,failed,[Errno 2] No such file or directory: 'ffmpeg'
bce57e1a-4da5-460f-b326-ebd3d6b7df8e,,failed,[Errno 2] No such file or directory: 'ffmpeg'
1b2b7a6a-8b83-44be-94a0-309a55dfc5df,,failed,[Errno 2] No such file or directory: 'ffmpeg'
fb6457dd-94cf-48c2-b2e3-965ac57c82d3,,failed,[Errno 2] No such file or directory: 'ffmpeg'
4bf4969c-cf2e-4bd4-81b1-0f782d73ebcf,,failed,[Errno 2] No such file or directory: 'ffmpeg'
72122ada-e8ea-4c21-a507-14c7b4c39360,,failed,[Errno 2] No such file or directory: 'ffmpeg'
51b35e6c-a2d0-4dd4-8017-ef4293da591b,,failed,[Errno 2] No such file or directory: 'ffmpeg'
7e364988-72d6-4260-864f-dfd822e86727,,failed,[Errno 2] No such file or directory: 'ffmpeg'
2ffd090a-2463-4edd-bdbf-243f44e67ef6,,failed,[Errno 2] No such file or directory: 'ffmpeg'
ce5e97d6-c9c5-4c32-8b5a-2baa34164e1f,,failed,[Errno 2] No such file or directory: 'ffmpeg'
6f88dd09-1816-4dff-9cf0-3a41767d2b70,,failed,[Errno 2] No such file or directory: 'ffmpeg'
a5b3e0c1-2978-4ce0-b0c5-e77ef823afe3,,failed,[Errno 2] No such file or directory: 'ffmpeg'
852bf1c1-48c3-4929-9126-432a62c1fd84,,failed,[Errno 2] No such file or directory: 'ffmpeg'
e2522dd1-f241-43e3-9da4-09faccea4c09,,failed,[Errno 2] No such file or directory: 'ffmpeg'
8c9a1e25-2ff1-450e-a82c-11b1b4ac47af,,failed,[Errno 2] No such file or directory: 'ffmpeg'
891fe4c9-1fac-40c9-9c0d-b36aba63fc0a,,failed,[Errno 2] No such file or directory: 'ffmpeg'
c0d01690-e662-4042-8ad1-3fdc3cec14dd,,failed,[Errno 2] No such file or directory: 'ffmpeg'
43158a9d-2cdd-4fbc-96bd-07c914703c18,,failed,[Errno 2] No such file or directory: 'ffmpeg'
f509e56a-7eb1-4f65-8e6c-5e1b8b2e2e44,,failed,[Errno 2] No such file or directory: 'ffmpeg'
0ff40640-8d38-4dfe-9c06-1edc4c469a29,,failed,[Errno 2] No such file or directory: 'ffmpeg'
38b35d70-8b0e-49d3-8359-db572dbb59aa,,failed,[Errno 2] No such file or directory: 'ffmpeg'
ab56d405-e48a-4a13-9093-e0f93b4b6fee,,failed,[Errno 2] No such file or directory: 'ffmpeg'
6cd121d9-0f4f-43d5-a183-554209094982,,failed,[Errno 2] No such file or directory: 'ffmpeg'
625322fa-3775-49fb-936c-314e1ceb3262,,failed,[Errno 2] No such file or directory: 'ffmpeg'
0f80c27f-d172-4003-b46e-3de9207f497e,,failed,[Errno 2] No such file or directory: 'ffmpeg'
772ccc65-af87-4bdc-8a93-1dfb6943c388,,failed,[Errno 2] No such file or directory: 'ffmpeg'
81345dca-94de-4702-a212-23941ad5a0f9,,failed,[Errno 2] No such file or directory: 'ffmpeg'
aa7e9e44-d287-4d7c-ba48-1a2045b2cbef,,failed,[Errno 2] No such file or directory: 'ffmpeg'
c5033868-aee6-4a64-82de-59c4ad33c5c1,,failed,[Errno 2] No such file or directory: 'ffmpeg'
148adf68-4e2e-4191-a21a-70432888ed2d,,failed,[Errno 2] No such file or directory: 'ffmpeg'
0bec8c74-a86f-40e6-ae3b-728d44f77848,,failed,[Errno 2] No such file or directory: 'ffmpeg'
7a97950d-dc32-4f6f-b43f-60f0091ebc7f,,failed,[Errno 2] No such file or directory: 'ffmpeg'
e20a9591-ff83-46f2-a58e-874555b2c5ae,,failed,[Errno 2] No such file or directory: 'ffmpeg'
99edaf06-ac38-4b9a-9b5a-0812795629c3,,failed,[Errno 2] No such file or directory: 'ffmpeg'
fd8bb632-7700-4c42-8537-9519639d99d4,,failed,[Errno 2] No such file or directory: 'ffmpeg'
0763e8c0-6853-423b-b99b-387e01b639c9,,failed,[Errno 2] No such file or directory: 'ffmpeg'
df47f172-5229-4e0b-b272-1e453038a011,,failed,[Errno 2] No such file or directory: 'ffmpeg'
25f8370e-689f-49c4-80e1-41fc3de4cdda,,failed,[Errno 2] No such file or directory: 'ffmpeg'
f6566ca6-f1fd-4e94-b06f-451d67dfc786,,failed,[Errno 2] No such file or directory: 'ffmpeg'
1be030fa-88f0-43bd-81b3-2de87f3ba815,,failed,[Errno 2] No such file or directory: 'ffmpeg'
20508e7f-331a-4900-94a1-cadc557a32cb,,failed,[Errno 2] No such file or directory: 'ffmpeg'
de72a301-42e1-463c-8024-a2008b611f90,,failed,[Errno 2] No such file or directory: 'ffmpeg'
03fbab94-0132-4984-9dc0-e774f7fafa3d,,failed,[Errno 2] No such file or directory: 'ffmpeg'
348ac386-6c81-416e-92ea-ea95a3043c93,,failed,[Errno 2] No such file or directory: 'ffmpeg'
1beae419-975b-436a-9a28-e48c1e58037a,,failed,[Errno 2] No such file or directory: 'ffmpeg'
347c3315-3c2f-4ce8-90b6-7554bddf1bac,,failed,[Errno 2] No such file or directory: 'ffmpeg'
cf8c8fd2-db13-445c-8625-a4b3ca42cdbc,,failed,[Errno 2] No such file or directory: 'ffmpeg'
073dc307-81dd-4bec-9d73-2ac7237a9a6d,,failed,[Errno 2] No such file or directory: 'ffmpeg'
3407d99b-d5c5-42f1-8a6a-4f4065c1712a,,failed,[Errno 2] No such file or directory: 'ffmpeg'
3ad02f61-f3a5-4269-a3b4-98c0c6ee3d29,,failed,[Errno 2] No such file or directory: 'ffmpeg'
c9e9bcbc-113b-4238-88b1-d87ab70e1f01,,failed,[Errno 2] No such file or directory: 'ffmpeg'
acc13569-3ec4-4d6a-8f4c-6e44737d4b78,,failed,[Errno 2] No such file or directory: 'ffmpeg'
db757785-1791-4a05-b95d-3a26bd2c929b,,failed,[Errno 2] No such file or directory: 'ffmpeg'
9f2a55f4-8dfa-458b-903f-0fa07de260c7,,failed,[Errno 2] No such file or directory: 'ffmpeg'
f85ab7da-07d9-4f09-9a47-a98612bdf96b,,failed,[Errno 2] No such file or directory: 'ffmpeg'
4f5a417a-98a5-4e16-be96-d40db2ac9dc0,,failed,[Errno 2] No such file or directory: 'ffmpeg'
5739a05d-83fd-4989-9f5c-1477557cb94c,,failed,[Errno 2] No such file or directory: 'ffmpeg'
0e68343b-4632-46ad-842c-63d9dbe550e5,,failed,[Errno 2] No such file or directory: 'ffmpeg'
d5b5de51-b9c4-4394-a0e3-7afd00c33ca1,,failed,[Errno 2] No such file or directory: 'ffmpeg'
b1fc6d8a-f89e-4af3-a772-14c4c159d2b2,,failed,[Errno 2] No such file or directory: 'ffmpeg'
c3e1d642-31c8-4f7f-93e7-f6636ebf7fc4,,failed,[Errno 2] No such file or directory: 'ffmpeg'
01e29ad1-cb0c-4152-adcf-8780e121c470,,failed,[Errno 2] No such file or directory: 'ffmpeg'
4a06ac6b-a173-436e-ac73-5073b48f2773,,failed,[Errno 2] No such file or directory: 'ffmpeg'
5b048bf7-d103-4af6-a4f4-542189b060db,,failed,[Errno 2] No such file or directory: 'ffmpeg'
32ff4cef-1270-4df3-a23b-1347dc80d548,,failed,[Errno 2] No such file or directory: 'ffmpeg'
56ef87ed-b1c0-4d0b-a804-bbc409e437e3,,failed,[Errno 2] No such file or directory: 'ffmpeg'
2eda140c-4a37-4856-9148-1134bd2292f0,,failed,[Errno 2] No such file or directory: 'ffmpeg'
3ae5a37f-c324-4506-a79e-a05d829388cc,,failed,[Errno 2] No such file or directory: 'ffmpeg'
f4aa7307-8544-4c77-ba82-4cc4aa68437e,,failed,[Errno 2] No such file or directory: 'ffmpeg'
50900ffd-4a0b-4934-ab80-6ae98c81ef21,,failed,[Errno 2] No such file or directory: 'ffmpeg'
2efcaedd-b535-4055-a2e6-da1e54601c2c,,failed,[Errno 2] No such file or directory: 'ffmpeg'
4e89f86d-497a-413d-9e49-4a848f336f01,,failed,[Errno 2] No such file or directory: 'ffmpeg'
f919f26c-b0ff-44bb-886d-97f073192df5,,failed,[Errno 2] No such file or directory: 'ffmpeg'
2c834985-bc6a-4b91-8940-5e3890337c33,,failed,[Errno 2] No such file or directory: 'ffmpeg'
35c0ea0f-7d9a-44e3-93e8-119dc1aebe25,,failed,[Errno 2] No such file or directory: 'ffmpeg'
62551a4d-0d7c-4316-a19b-4616856be691,,failed,[Errno 2] No such file or directory: 'ffmpeg'
621beb4c-6bc9-4b4f-9049-ac9669bbf4b5,,failed,[Errno 2] No such file or directory: 'ffmpeg'
f9fb3c65-6c64-4477-a3a7-c4df0a3c8359,,failed,[Errno 2] No such file or directory: 'ffmpeg'
ff67a341-c6b0-4df4-a622-9c01317c72fb,,failed,[Errno 2] No such file or directory: 'ffmpeg'
80c04aad-7bba-48f4-9a90-3ba2bdf5fbda,,failed,[Errno 2] No such file or directory: 'ffmpeg'
863605a3-ed3f-444f-9def-4303addec5d5,,failed,[Errno 2] No such file or directory: 'ffmpeg'
1436164e-52b3-4dcf-b9c4-7e7f13953465,,failed,[Errno 2] No such file or directory: 'ffmpeg'
a5d1406f-1fc9-43a1-b144-2e379915c466,,failed,[Errno 2] No such file or directory: 'ffmpeg'
1acf44c1-5c4b-41dc-ad2d-fe11e829f6fe,,failed,[Errno 2] No such file or directory: 'ffmpeg'
ca63c54c-61fa-4907-b22a-47ba78d389a8,,failed,[Errno 2] No such file or directory: 'ffmpeg'
4284ede0-9a0b-400c-aa96-81ae8dad2693,,failed,[Errno 2] No such file or directory: 'ffmpeg'
3cc9cc77-2bf0-47de-9718-da2092466639,,failed,[Errno 2] No such file or directory: 'ffmpeg'
f160f20c-ba00-4404-a9e3-4b9aeccd50e4,,failed,[Errno 2] No such file or directory: 'ffmpeg'
316782f7-8214-4551-b0b3-ce113b041f55,,failed,[Errno 2] No such file or directory: 'ffmpeg'
cde3f9f8-c815-48f4-bc8e-423ecd69a40e,,failed,[Errno 2] No such file or directory: 'ffmpeg'
cd7f1b4c-7c81-4d16-aec8-d6bb54d51e4f,,failed,[Errno 2] No such file or directory: 'ffmpeg'
eb2cb8f8-ab4c-4fbf-ab67-2e4045a027ec,,failed,[Errno 2] No such file or directory: 'ffmpeg'
b47ae759-8799-468b-a6a4-37cdad0bf218,,failed,[Errno 2] No such file or directory: 'ffmpeg'
7f315f3d-1324-40b0-b0cc-10320810fcf6,,failed,[Errno 2] No such file or directory: 'ffmpeg'
0f05edbf-fe08-4889-b0c2-800f42c6721b,,failed,[Errno 2] No such file or directory: 'ffmpeg'
67b0ce01-dfeb-47db-9ed7-c3f654b2ed94,,failed,[Errno 2] No such file or directory: 'ffmpeg'
0385eb27-2f92-4b6c-848d-7364454365f9,,failed,[Errno 2] No such file or directory: 'ffmpeg'
fd15f089-58ce-443d-8532-3adad0a6384b,,failed,[Errno 2] No such file or directory: 'ffmpeg'
a5d77033-6e9e-4531-9bed-bc5716db9de9,,failed,[Errno 2] No such file or directory: 'ffmpeg'
d265cecb-6d9c-432a-a0ed-0616f71ca129,,failed,[Errno 2] No such file or directory: 'ffmpeg'
b5ba2414-dbd3-4c1d-8f54-eecf67fa8fe8,,failed,[Errno 2] No such file or directory: 'ffmpeg'
82101ac9-5d26-4ffd-b9a2-a8c3b828aae3,,failed,[Errno 2] No such file or directory: 'ffmpeg'
70d845fb-f882-4136-a04d-11ff67d32db0,,failed,[Errno 2] No such file or directory: 'ffmpeg'
83e4ba35-1c24-4a3e-b557-81bbe73781a9,,failed,[Errno 2] No such file or directory: 'ffmpeg'
e1653220-89eb-4dff-8d97-e912f6793773,,failed,[Errno 2] No such file or directory: 'ffmpeg'
8cc8d74d-e7c0-41f4-94a2-0c7253c5c2e1,,failed,[Errno 2] No such file or directory: 'ffmpeg'
a2835163-c75e-42ec-996a-8d963676cd68,,failed,[Errno 2] No such file or directory: 'ffmpeg'
fd3de0c9-aff2-4d0b-b93e-ae6a05f11735,,failed,[Errno 2] No such file or directory: 'ffmpeg'
f46bbc0e-6f07-458c-90a1-8e3be046762c,,failed,[Errno 2] No such file or directory: 'ffmpeg'
350acf2c-a510-4c54-a50d-e5af7e2ae5f5,,failed,[Errno 2] No such file or directory: 'ffmpeg'
f9008f34-7d34-480d-85b8-698aed57b351,,failed,[Errno 2] No such file or directory: 'ffmpeg'
2032156a-65ec-4cd4-945b-d24ae88fc763,,failed,[Errno 2] No such file or directory: 'ffmpeg'
d01fc514-1157-4f34-ac4e-f82e38eaf37c,,failed,[Errno 2] No such file or directory: 'ffmpeg'
3fff0dc9-3850-43da-bcef-9832faaf612e,,failed,[Errno 2] No such file or directory: 'ffmpeg'
936168d4-fae5-43fb-b0db-674599945856,,failed,[Errno 2] No such file or directory: 'ffmpeg'
c1d23173-7cbb-4d38-967e-cdbf667b6f92,,failed,[Errno 2] No such file or directory: 'ffmpeg'
dd5997ae-3120-4ce5-a860-25f46164712a,,failed,[Errno 2] No such file or directory: 'ffmpeg'
58cd1e18-df75-4d4d-91c6-70bbd544db21,,failed,[Errno 2] No such file or directory: 'ffmpeg'
38f3c93d-d834-419d-834c-446164e86883,,failed,[Errno 2] No such file or directory: 'ffmpeg'
807dace1-4ff0-43c6-85e5-88d28ac07dc2,,failed,[Errno 2] No such file or directory: 'ffmpeg'
e58ddc58-b31d-4250-b4e7-d30e075b0f34,,failed,[Errno 2] No such file or directory: 'ffmpeg'
542b5456-cf35-4c63-8784-4a26e7d327ad,,failed,[Errno 2] No such file or directory: 'ffmpeg'
4d413562-0258-485d-8b35-dd33bf986fe1,,failed,[Errno 2] No such file or directory: 'ffmpeg'
32dcb2fc-3715-4bfb-92b0-0ff20b32f2a8,,failed,[Errno 2] No such file or directory: 'ffmpeg'
33952897-6afc-41e8-9bb5-c88f1181d743,,failed,[Errno 2] No such file or directory: 'ffmpeg'
93d6e6b9-7190-4a5f-bd88-c762db2ab57e,,failed,[Errno 2] No such file or directory: 'ffmpeg'
06a999bf-ad86-4838-9d0f-9efdbfd4cb88,,failed,[Errno 2] No such file or directory: 'ffmpeg'
059b8c14-e87f-430c-bdfa-1b2739f4044e,,failed,[Errno 2] No such file or directory: 'ffmpeg'
96a73fa2-2f83-4e5f-94d9-63508e94cd54,,failed,[Errno 2] No such file or directory: 'ffmpeg'
a5cb552a-ced5-4d1e-8db6-aa84ceba5fdd,,failed,[Errno 2] No such file or directory: 'ffmpeg'
cf27e211-284e-4a01-b54b-6e9948dbd2e5,,failed,[Errno 2] No such file or directory: 'ffmpeg'
8c0e6585-d286-4658-93d2-9b2ce217055e,,failed,[Errno 2] No such file or directory: 'ffmpeg'
12d0d3a4-9dd5-4d3e-bc44-cd8d756d7a1d,,failed,[Errno 2] No such file or directory: 'ffmpeg'
ade949ed-7aec-4472-aaa0-31172314c5e1,,failed,[Errno 2] No such file or directory: 'ffmpeg'
4d6c27ae-f365-4342-8719-477ff10ff1d8,,failed,[Errno 2] No such file or directory: 'ffmpeg'
45080a14-310d-49e5-affa-59ac56d6d61f,,failed,[Errno 2] No such file or directory: 'ffmpeg'
ca2c72b0-b13c-457c-a540-7a05ac71759b,,failed,[Errno 2] No such file or directory: 'ffmpeg'
92e70b05-eb76-439f-9ddc-551169001fc5,,failed,[Errno 2] No such file or directory: 'ffmpeg'
2f0e02b0-844d-4714-a57a-c9e2c0487cf7,,failed,[Errno 2] No such file or directory: 'ffmpeg'
4db8b70f-5714-4861-82d6-116b2f75f490,,failed,[Errno 2] No such file or directory: 'ffmpeg'
94030994-d433-4040-a8d9-90e6ba788f33,,failed,[Errno 2] No such file or directory: 'ffmpeg'
4d8cad07-85fe-4f37-b31d-ad177d53c8da,,failed,[Errno 2] No such file or directory: 'ffmpeg'
0513a19f-3c3c-442d-8526-bc57adffb4c5,,failed,[Errno 2] No such file or directory: 'ffmpeg'
ab123eca-ded0-45c4-abb4-f9d627f7bbea,,failed,[Errno 2] No such file or directory: 'ffmpeg'
b7f7cfc0-fefb-4c9e-86e4-b8b2cd793c15,,failed,[Errno 2] No such file or directory: 'ffmpeg'
28381c93-ce67-4815-85d7-df0de389d987,,failed,[Errno 2] No such file or directory: 'ffmpeg'
025db8f2-a155-4859-8797-296af6aa9658,,failed,[Errno 2] No such file or directory: 'ffmpeg'
0d35ae8c-c161-47ce-b668-22b0dbf7c993,,failed,[Errno 2] No such file or directory: 'ffmpeg'
379a44b2-5562-47d1-bd8d-0f014b9ec4a1,,failed,[Errno 2] No such file or directory: 'ffmpeg'
c2414d8d-11ca-4f7a-9d54-a30b6df2c429,,failed,[Errno 2] No such file or directory: 'ffmpeg'
56d3b715-e41b-40fc-9adb-d493b8eb1cc6,,failed,[Errno 2] No such file or directory: 'ffmpeg'
6fbcfb68-8ddc-4182-b1e4-fdca164338f8,,failed,[Errno 2] No such file or directory: 'ffmpeg'
7c1d4e1f-13e5-4e38-9130-5d98bab741f0,,failed,[Errno 2] No such file or directory: 'ffmpeg'
65896d5f-b6fa-42bf-a5f0-951f8189ec35,,failed,[Errno 2] No such file or directory: 'ffmpeg'
e2805087-08e9-4632-a788-2b1ee030cac3,,failed,[Errno 2] No such file or directory: 'ffmpeg'
7610b2d7-5a6c-48b0-b023-a68e1a9156ed,,failed,[Errno 2] No such file or directory: 'ffmpeg'
c17a5480-60cc-4294-bfa8-35ef9cff961a,,failed,[Errno 2] No such file or directory: 'ffmpeg'
f468b316-eb5e-4729-b8a4-b400f3c40ebd,,failed,[Errno 2] No such file or directory: 'ffmpeg'
9fa39ae9-406d-412b-bf48-40368af951c4,,failed,[Errno 2] No such file or directory: 'ffmpeg'
05eb513d-26f0-498d-b12b-ca3c1b1d8a1e,,failed,[Errno 2] No such file or directory: 'ffmpeg'
9867a4d3-a5b4-4170-99b2-a7da654bf11d,,failed,[Errno 2] No such file or directory: 'ffmpeg'
1680fc41-b7fa-4b65-877d-7a13dd6a24b4,,failed,[Errno 2] No such file or directory: 'ffmpeg'
7ab93415-9129-491d-b57f-f2429e21a3b7,,failed,[Errno 2] No such file or directory: 'ffmpeg'
59677b3f-be1a-4163-bf1e-54755a18c098,,failed,[Errno 2] No such file or directory: 'ffmpeg'
13b06f1d-1345-4c2e-8a95-ba76dbcd51d8,,failed,[Errno 2] No such file or directory: 'ffmpeg'
9a3c6ca3-0623-4042-b56c-2de1fe120f8e,,failed,[Errno 2] No such file or directory: 'ffmpeg'
9d9137f0-ae79-4eb0-ad0e-483ae85e6f02,,failed,[Errno 2] No such file or directory: 'ffmpeg'
8431c6bb-5703-4ee7-90ae-32295fed3641,,failed,[Errno 2] No such file or directory: 'ffmpeg'
49371d1b-aec0-46b5-8003-07feb3d05d12,,failed,[Errno 2] No such file or directory: 'ffmpeg'
fb7819b8-4002-4705-b2e1-35e32733751f,,failed,[Errno 2] No such file or directory: 'ffmpeg'
8cd039c8-a756-451c-b422-c480ea10e28d,,failed,[Errno 2] No such file or directory: 'ffmpeg'
24e1e3da-4dc5-4459-b1b5-60bd83ba755d,,failed,[Errno 2] No such file or directory: 'ffmpeg'
2d7979e5-34eb-4ae3-8770-bcdb92953d56,,failed,[Errno 2] No such file or directory: 'ffmpeg'
c622e86c-6dca-4ea9-994a-0c1249a557fa,,failed,[Errno 2] No such file or directory: 'ffmpeg'
9b6149a4-8a9e-4b82-bfd7-d4cb579b3b46,,failed,[Errno 2] No such file or directory: 'ffmpeg'
3d19968d-7fdb-4fdd-b02e-0b1b4c3f1161,,failed,[Errno 2] No such file or directory: 'ffmpeg'
eca8fc7b-5733-4c17-94d5-e23eacc04257,,failed,[Errno 2] No such file or directory: 'ffmpeg'
e0add635-7253-40fc-b9af-771bf982277d,,failed,[Errno 2] No such file or directory: 'ffmpeg'
b006807e-9872-46db-b62c-9f12150d2edb,,failed,[Errno 2] No such file or directory: 'ffmpeg'
67e14bff-e84a-4bf5-837e-bc7ee262c248,,failed,[Errno 2] No such file or directory: 'ffmpeg'
5b7fef27-233c-4cdb-8588-635a95320f1b,,failed,[Errno 2] No such file or directory: 'ffmpeg'
e4213965-15fb-4dc1-8897-23e784f8b0c9,,failed,[Errno 2] No such file or directory: 'ffmpeg'
73f70f6c-226a-440a-a581-8b771b291e58,,failed,[Errno 2] No such file or directory: 'ffmpeg'
6cabaea9-00d1-4672-b1cc-1302337b5582,,failed,[Errno 2] No such file or directory: 'ffmpeg'
6c6069ce-e86c-4e21-a575-0f4757a82dc5,,failed,[Errno 2] No such file or directory: 'ffmpeg'
9b4d99c6-2f4c-4b85-b6aa-8e1a9dc33236,,failed,[Errno 2] No such file or directory: 'ffmpeg'
60f3933a-8ee1-4470-8f12-1bbc0fb92120,,failed,[Errno 2] No such file or directory: 'ffmpeg'
c917c5cd-a36b-40c0-a13e-980dbc2d8df4,,failed,[Errno 2] No such file or directory: 'ffmpeg'
4d6a4761-9fa6-4a6f-82dc-4dc757d4d266,,failed,[Errno 2] No such file or directory: 'ffmpeg'
18a0937d-bb4f-4cae-87b3-1776db917f3f,,failed,[Errno 2] No such file or directory: 'ffmpeg'
84a9cafc-8360-453b-ac35-93b7b7187989,,failed,[Errno 2] No such file or directory: 'ffmpeg'
6faedd37-4f6b-4e50-85bb-eb69a994f891,,failed,[Errno 2] No such file or directory: 'ffmpeg'
70911575-71e9-4de3-8e9a-d6b99725c4c6,,failed,[Errno 2] No such file or directory: 'ffmpeg'
c84794b3-9812-4855-92a0-57b10c936dbc,,failed,[Errno 2] No such file or directory: 'ffmpeg'
7c0e91bc-713b-4d61-a995-6de8019e1bf6,,failed,[Errno 2] No such file or directory: 'ffmpeg'
5817aed2-997c-4c7c-8bd1-0c5c0e9824c8,,failed,[Errno 2] No such file or directory: 'ffmpeg'
89de70d8-e71f-4ffc-b043-2b66eb8097d4,,failed,[Errno 2] No such file or directory: 'ffmpeg'
8e8e7529-2930-4fcc-88cb-dba1e7dbda0a,,failed,[Errno 2] No such file or directory: 'ffmpeg'
92eb8fda-35c6-4592-8301-e71ca6c88ec1,,failed,[Errno 2] No such file or directory: 'ffmpeg'
a9195e2c-8684-43e7-8638-8d36f9108616,,failed,[Errno 2] No such file or directory: 'ffmpeg'
d071cd4f-2ae6-4ce0-918b-fe2154725512,,failed,[Errno 2] No such file or directory: 'ffmpeg'
0e07ea8e-4463-455e-82f4-f34d91ef4fa7,,failed,[Errno 2] No such file or directory: 'ffmpeg'
ddfe4d64-8e6b-4cbd-9d7e-3311b9701efa,,failed,[Errno 2] No such file or directory: 'ffmpeg'
a13cc9c0-cc58-4d88-b6d3-30a4b3a35c70,,failed,[Errno 2] No such file or directory: 'ffmpeg'
a573bb4a-debd-48ce-b0c7-7c4c8a612d91,,failed,[Errno 2] No such file or directory: 'ffmpeg'
bbc0537c-8edb-4dcc-adb0-6c0087f8007f,,failed,[Errno 2] No such file or directory: 'ffmpeg'
53e143a1-3350-4810-b79f-907d497e7820,,failed,[Errno 2] No such file or directory: 'ffmpeg'
36c74dbf-67a3-4338-b1f7-0e8f41055e0f,,failed,[Errno 2] No such file or directory: 'ffmpeg'
3ce96009-4f29-49b9-bb5c-e914c2d2e34c,,failed,[Errno 2] No such file or directory: 'ffmpeg'
1db60e16-6b22-48fe-961e-2a768410a3fe,,failed,[Errno 2] No such file or directory: 'ffmpeg'
8458ea68-5efc-4fc8-b4e7-201441a0270a,,failed,[Errno 2] No such file or directory: 'ffmpeg'
c62af419-bc69-4e50-8c6c-a4573789529f,,failed,[Errno 2] No such file or directory: 'ffmpeg'
92f567f1-74ab-4151-83b9-3fe59aa0faf7,,failed,[Errno 2] No such file or directory: 'ffmpeg'
e4111f5a-880b-4c7a-adeb-fb46c814beff,,failed,[Errno 2] No such file or directory: 'ffmpeg'
a304d77b-4b33-46cc-a948-e2bb268da268,,failed,[Errno 2] No such file or directory: 'ffmpeg'
9a2c28c2-3486-4d0b-8e4a-8a483d102639,,failed,[Errno 2] No such file or directory: 'ffmpeg'
55d27d9f-21f6-49bb-ab0d-0babb501ecf8,,failed,[Errno 2] No such file or directory: 'ffmpeg'
be4e300c-daf1-44b6-aa50-fc6583c05581,,failed,[Errno 2] No such file or directory: 'ffmpeg'
e88f4412-1f98-4354-a683-9b4b88465faa,,failed,[Errno 2] No such file or directory: 'ffmpeg'
ddbfa066-0c49-4182-855b-7da700cee678,,failed,[Errno 2] No such file or directory: 'ffmpeg'
65748d1f-cf92-47a1-8231-9db669e3ee52,,failed,[Errno 2] No such file or directory: 'ffmpeg'
3975c316-1976-4eaf-9681-6f1cc1971ea7,,failed,[Errno 2] No such file or directory: 'ffmpeg'
19c744bb-af29-43c8-8454-7e2b2ff7feb4,,failed,[Errno 2] No such file or directory: 'ffmpeg'
84d400b2-fe9f-4a1e-aa02-bdd1deaa8b2d,,failed,[Errno 2] No such file or directory: 'ffmpeg'
32105468-88bf-4839-b76c-ac562f24a223,,failed,[Errno 2] No such file or directory: 'ffmpeg'
103cf96d-9a16-42d6-87ac-f73f7a728779,,failed,[Errno 2] No such file or directory: 'ffmpeg'
3bf833d7-9556-4d8b-a7d0-aecb2389d0a4,,failed,[Errno 2] No such file or directory: 'ffmpeg'
55c3aaab-333f-4125-af96-3740b339da6e,,failed,[Errno 2] No such file or directory: 'ffmpeg'
22beddd5-83fe-4348-b303-3ed99a023402,,failed,[Errno 2] No such file or directory: 'ffmpeg'
309c33a8-4957-4eab-a400-f2114d1b4434,,failed,[Errno 2] No such file or directory: 'ffmpeg'
d3d2aec7-1a6a-4abf-a5c2-44e7741e0e17,,failed,[Errno 2] No such file or directory: 'ffmpeg'
e1081ae4-18c5-4bb4-8b04-95a15a14f8ca,,failed,[Errno 2] No such file or directory: 'ffmpeg'
b9f226f1-5027-4017-90e2-ab8a45eb4057,,failed,[Errno 2] No such file or directory: 'ffmpeg'
c8d250fa-7c6a-40d2-a45d-90f09674620f,,failed,[Errno 2] No such file or directory: 'ffmpeg'
1fc325ee-fdee-4514-98cf-6e8a2473d020,,failed,[Errno 2] No such file or directory: 'ffmpeg'
5cec4a9c-e5e3-4411-93f1-e26fb89db4b7,,failed,[Errno 2] No such file or directory: 'ffmpeg'
20b73e0b-0470-4c04-843b-e168bab62dd3,,failed,[Errno 2] No such file or directory: 'ffmpeg'
f09d3705-447a-4c51-825c-d6689177bb2b,,failed,[Errno 2] No such file or directory: 'ffmpeg'
7980b30a-b5a5-4911-9ecc-a09d5ae45143,,failed,[Errno 2] No such file or directory: 'ffmpeg'
7f9e04c7-17ed-4e06-abe1-070c343d2336,,failed,[Errno 2] No such file or directory: 'ffmpeg'
7257d862-5452-431d-bac5-5e385c91cfe9,,failed,[Errno 2] No such file or directory: 'ffmpeg'
4d05c950-5980-4ebd-807e-b447c95a4810,,failed,[Errno 2] No such file or directory: 'ffmpeg'
50f64310-0be3-468e-9533-c13200eba4eb,,failed,[Errno 2] No such file or directory: 'ffmpeg'
6d267035-6809-4053-92ee-ddacbb7fc890,,failed,[Errno 2] No such file or directory: 'ffmpeg'
64059b2e-96cc-4695-869f-971399f659b6,,failed,[Errno 2] No such file or directory: 'ffmpeg'
5937ceb0-ac73-4283-af3c-1821726db1f4,,failed,[Errno 2] No such file or directory: 'ffmpeg'
deb79178-b9ca-41af-a3a3-c780274eaed3,,failed,[Errno 2] No such file or directory: 'ffmpeg'
79bf147a-3a1f-4c16-9eae-d3f2082a488b,,failed,[Errno 2] No such file or directory: 'ffmpeg'
50d549e0-fca4-4ed6-9408-10550db74660,,failed,[Errno 2] No such file or directory: 'ffmpeg'
a5f2bd6e-56da-4ff6-b085-317b750d0422,,failed,[Errno 2] No such file or directory: 'ffmpeg'
e83aa070-260d-408a-8bcb-d7b20a9108a5,,failed,[Errno 2] No such file or directory: 'ffmpeg'
f14f0a71-ef2d-4ca5-ad29-da72aa340f95,,failed,[Errno 2] No such file or directory: 'ffmpeg'
141455af-cde1-4de6-b514-de21e2127183,,failed,[Errno 2] No such file or directory: 'ffmpeg'
02190b1c-50d0-41fa-ba8e-a2dc4c6176cc,,failed,[Errno 2] No such file or directory: 'ffmpeg'
77adfebb-dd32-457e-a81b-65e49c70112b,,failed,[Errno 2] No such file or directory: 'ffmpeg'
3b2b5cc9-05fc-47bb-a317-38904c92df75,,failed,[Errno 2] No such file or directory: 'ffmpeg'
f745ed03-a298-4807-9001-57caa2f26b89,,failed,[Errno 2] No such file or directory: 'ffmpeg'
ccfbd3c1-4d7e-4f13-b01e-beacce5560ec,,failed,[Errno 2] No such file or directory: 'ffmpeg'
907f3cdd-d513-4000-b156-716dccad0322,,failed,[Errno 2] No such file or directory: 'ffmpeg'
d9fb05e4-ec93-4d63-ae5e-307de365804a,,failed,[Errno 2] No such file or directory: 'ffmpeg'
2a29581a-0d93-4684-9fff-8946c7a6407b,,failed,[Errno 2] No such file or directory: 'ffmpeg'
f1b685e3-6b78-4f13-8734-53748805d44e,,failed,[Errno 2] No such file or directory: 'ffmpeg'
4715a47c-9773-4b4c-ab86-ede7c4cbb887,,failed,[Errno 2] No such file or directory: 'ffmpeg'
89c94d21-056b-4f75-a3da-fa49c97d4950,,failed,[Errno 2] No such file or directory: 'ffmpeg'
f837f2e7-966a-44af-9b77-5d50a60f859e,,failed,[Errno 2] No such file or directory: 'ffmpeg'
7c4fae70-6f89-4f86-8ca9-635c9dcd4c41,,failed,[Errno 2] No such file or directory: 'ffmpeg'
6adc50d7-9e64-4ba9-9ffb-bac87487ecbe,,failed,[Errno 2] No such file or directory: 'ffmpeg'
e6d6b2ad-89fa-4739-81c3-394debc427b0,,failed,[Errno 2] No such file or directory: 'ffmpeg'
0d2472b9-e4ac-4cab-b765-f169dc968be6,,failed,[Errno 2] No such file or directory: 'ffmpeg'
42c0e6e9-926d-45b6-ad0e-d234e24eba1b,,failed,[Errno 2] No such file or directory: 'ffmpeg'
86baa600-a516-4fea-b5c5-c7191c56a610,,failed,[Errno 2] No such file or directory: 'ffmpeg'
70c6c885-3ca4-4e0f-a0c0-bb5f3d46b4bb,,failed,[Errno 2] No such file or directory: 'ffmpeg'
c27eaacf-83c7-4c54-899a-727238112207,,failed,[Errno 2] No such file or directory: 'ffmpeg'
d9881465-6966-4664-9758-13addfc8d10a,,failed,[Errno 2] No such file or directory: 'ffmpeg'
2dcab755-fea8-4255-8906-1667da8e8109,,failed,[Errno 2] No such file or directory: 'ffmpeg'
3788d19f-8b53-403d-b5ec-b2724ef66862,,failed,[Errno 2] No such file or directory: 'ffmpeg'
b4ddf6f0-20a8-41f8-9118-ea6646f5655a,,failed,[Errno 2] No such file or directory: 'ffmpeg'
183006ed-e78e-4397-8d27-e0ed7ce9af82,,failed,[Errno 2] No such file or directory: 'ffmpeg'
c2b08492-6b89-4ec9-8f04-2009decb492f,,failed,[Errno 2] No such file or directory: 'ffmpeg'
16c10957-597a-4e3a-8511-b9e55ebfe8a7,,failed,[Errno 2] No such file or directory: 'ffmpeg'
23e174bc-40bd-498c-bd6b-ecaf9c852e27,,failed,[Errno 2] No such file or directory: 'ffmpeg'
40a664a8-46f0-46e6-a9d0-85b75ea69be6,,failed,[Errno 2] No such file or directory: 'ffmpeg'
e51bdc65-baa1-4166-b5d9-38f50cae4818,,failed,[Errno 2] No such file or directory: 'ffmpeg'
69254e75-bdc9-4ad8-ac38-bd50d5247d0b,,failed,[Errno 2] No such file or directory: 'ffmpeg'
5373ea98-d827-4b8f-b340-a32a62ce8132,,failed,[Errno 2] No such file or directory: 'ffmpeg'
4cd2d5e1-6516-42dc-926c-727d432949dc,,failed,[Errno 2] No such file or directory: 'ffmpeg'
f8cd4043-075e-4051-9ca9-59c401ea769f,,failed,[Errno 2] No such file or directory: 'ffmpeg'
0fe16ddf-6a4b-43b2-8180-6c8d5f50a3ca,,failed,[Errno 2] No such file or directory: 'ffmpeg'
ba952050-8288-493f-9255-5387beaf1214,,failed,[Errno 2] No such file or directory: 'ffmpeg'
61672ef5-a066-4695-bcaa-09fb9bc4c060,,failed,[Errno 2] No such file or directory: 'ffmpeg'
390cb07d-00c7-4746-9ce0-1fdf4e50cedb,,failed,[Errno 2] No such file or directory: 'ffmpeg'
92b0dd45-b8e6-4895-99fc-c081369fa312,,failed,[Errno 2] No such file or directory: 'ffmpeg'
f1f187af-b7df-4997-be7e-ca0692d6d6b9,,failed,[Errno 2] No such file or directory: 'ffmpeg'
b2f016a8-97e2-431c-a57b-c32f2c2fe8d0,,failed,[Errno 2] No such file or directory: 'ffmpeg'
cda10a1f-9610-4710-8940-73853515b7f9,,failed,[Errno 2] No such file or directory: 'ffmpeg'
752b9007-6a3c-475a-aeb4-ccc6df5a8767,,failed,[Errno 2] No such file or directory: 'ffmpeg'
b41fd08a-42b6-490d-b681-38b8420ed33c,,failed,[Errno 2] No such file or directory: 'ffmpeg'
ebf9e757-6cbe-48c1-a1ba-3c9b1ca66a66,,failed,[Errno 2] No such file or directory: 'ffmpeg'
1b51fb21-59f9-4803-b9cf-f6090059d199,,failed,[Errno 2] No such file or directory: 'ffmpeg'
de8fb2ca-7663-4526-a7d5-fa15b77422d7,,failed,[Errno 2] No such file or directory: 'ffmpeg'
bfd5e1df-634a-4aaa-8ced-1966460546f0,,failed,[Errno 2] No such file or directory: 'ffmpeg'
d0a52ee5-cd48-4b14-84cf-300fe14c5371,,failed,[Errno 2] No such file or directory: 'ffmpeg'
95468aa4-388d-4a69-b608-a657c17e1aab,,failed,[Errno 2] No such file or directory: 'ffmpeg'
006b75f4-e824-49f2-8c18-50d84b182334,,failed,[Errno 2] No such file or directory: 'ffmpeg'
c45374ad-9557-41e6-a4f3-523033647aef,,failed,[Errno 2] No such file or directory: 'ffmpeg'
73ffd1af-cc9d-4406-b97b-8f5be7cd0c04,,failed,[Errno 2] No such file or directory: 'ffmpeg'
ab7ac655-9df9-425a-9958-603d709170ff,,failed,[Errno 2] No such file or directory: 'ffmpeg'
0cbc9fdf-493e-4804-b387-7a15d14b9954,,failed,[Errno 2] No such file or directory: 'ffmpeg'
9e7caf60-d024-45d0-82ed-2766754e6d88,,failed,[Errno 2] No such file or directory: 'ffmpeg'
ec45dc78-328e-4bc5-8dec-3ab1f54a2a61,,failed,[Errno 2] No such file or directory: 'ffmpeg'
f72e4838-df36-427b-a158-98c287cc73ff,,failed,[Errno 2] No such file or directory: 'ffmpeg'
8bd3ca19-dfe7-405f-b4b8-aa355d1d727e,,failed,[Errno 2] No such file or directory: 'ffmpeg'
256cbac8-f049-48d6-9b73-869f998b5964,,failed,[Errno 2] No such file or directory: 'ffmpeg'
078fa5b5-00c3-4149-8e27-61152d73779e,,failed,[Errno 2] No such file or directory: 'ffmpeg'
5519080b-5c1f-4a7a-9d3d-7e92734d4c6a,,failed,[Errno 2] No such file or directory: 'ffmpeg'
023642d0-4127-450e-af54-acf328680fa4,,failed,[Errno 2] No such file or directory: 'ffmpeg'
4b2137db-2b7e-4617-a7c3-23606a0defc9,,failed,[Errno 2] No such file or directory: 'ffmpeg'
4a27a32f-2f72-4ff9-bf05-4213fdc9f12c,,failed,[Errno 2] No such file or directory: 'ffmpeg'
17b26143-8410-454f-a90e-40e9d8db657f,,failed,[Errno 2] No such file or directory: 'ffmpeg'
cb56973f-67c9-4a0c-92fb-1da2130d3cf1,,failed,[Errno 2] No such file or directory: 'ffmpeg'
e736cbe2-219a-413f-9c5a-0e0e6511e32e,,failed,[Errno 2] No such file or directory: 'ffmpeg'
f7dfe641-9336-4ace-8567-27278cf15059,,failed,[Errno 2] No such file or directory: 'ffmpeg'
05aab468-ac07-4a0a-9606-59860302f8bd,,failed,[Errno 2] No such file or directory: 'ffmpeg'
bfdc37e4-5d53-4b05-870f-c460850d8ee6,,failed,[Errno 2] No such file or directory: 'ffmpeg'
649cb736-4134-4b72-8049-8a15db7d4010,,failed,[Errno 2] No such file or directory: 'ffmpeg'
c3351ff5-3343-4d4c-9f69-6326c87b8367,,failed,[Errno 2] No such file or directory: 'ffmpeg'
69d7d49f-85c3-48e4-9322-1c26bf61ab2e,,failed,[Errno 2] No such file or directory: 'ffmpeg'
fe6a3dce-cb03-4248-b910-24b8f4a76d16,,failed,[Errno 2] No such file or directory: 'ffmpeg'
13c042be-5246-4b33-8176-a73f5ff63452,,failed,[Errno 2] No such file or directory: 'ffmpeg'
9205380f-d672-499c-98fe-f7423efa10c5,,failed,[Errno 2] No such file or directory: 'ffmpeg'
9d6ca866-fd83-46b4-8bee-3a63d9e1d197,,failed,[Errno 2] No such file or directory: 'ffmpeg'
39c52b2a-d91c-42cb-870d-bb061558ae6f,,failed,[Errno 2] No such file or directory: 'ffmpeg'
040c2f54-9e4e-4f2d-acf7-926d85f5daf8,,failed,[Errno 2] No such file or directory: 'ffmpeg'
c9efb1b2-b201-4f9d-805d-57415c781dab,,failed,[Errno 2] No such file or directory: 'ffmpeg'
c218567f-eae0-46e4-98aa-0729982f48e2,,failed,[Errno 2] No such file or directory: 'ffmpeg'
366148a0-3729-45af-8c64-13a9eacea1c8,,failed,[Errno 2] No such file or directory: 'ffmpeg'
14862902-8665-4a75-be86-9ddf1cfeba55,,failed,[Errno 2] No such file or directory: 'ffmpeg'
aa21f9e5-8af6-4e71-bf54-8a048f65ec33,,failed,[Errno 2] No such file or directory: 'ffmpeg'
91bbf16a-7759-4b36-bb54-5a0ea024911d,,failed,[Errno 2] No such file or directory: 'ffmpeg'
f015fa6d-e30d-4f41-9549-5d3b882c83c2,,failed,[Errno 2] No such file or directory: 'ffmpeg'
67e86b01-5e3e-41db-936b-0121630590fa,,failed,[Errno 2] No such file or directory: 'ffmpeg'
09db3b19-846f-4739-b7f3-94d1a7853c0f,,failed,[Errno 2] No such file or directory: 'ffmpeg'
53204c54-c88f-41bb-b66a-4159c15ca243,,failed,[Errno 2] No such file or directory: 'ffmpeg'
f34cf091-9ad5-4b3b-9027-e9a7e9fd8c78,,failed,[Errno 2] No such file or directory: 'ffmpeg'
d57ce02d-8de0-48b5-83aa-bdb7cb0b8b8c,,failed,[Errno 2] No such file or directory: 'ffmpeg'
98502932-6624-4ff7-a020-18305c9e0eb2,,failed,[Errno 2] No such file or directory: 'ffmpeg'
7be7d701-6139-4bbf-ad51-f38f741a7571,,failed,[Errno 2] No such file or directory: 'ffmpeg'
b1c96b8b-8822-4c90-a88a-444f8ae6bd41,,failed,[Errno 2] No such file or directory: 'ffmpeg'
f8429fca-700c-4383-9629-4b92d045fcc6,,failed,[Errno 2] No such file or directory: 'ffmpeg'
05e08b81-9eb4-4c9f-8902-e50c16ce2fdd,,failed,[Errno 2] No such file or directory: 'ffmpeg'
c78effd1-f4c0-4598-a85d-5b1460dc525e,,failed,[Errno 2] No such file or directory: 'ffmpeg'
279324ec-31d4-4888-902a-a0b6b76d6aac,,failed,[Errno 2] No such file or directory: 'ffmpeg'
354b9553-bc8b-4fa9-ae3e-9b8776ff9eb6,,failed,[Errno 2] No such file or directory: 'ffmpeg'
e2ef44b1-66c3-467a-b4e5-55f87932154a,,failed,[Errno 2] No such file or directory: 'ffmpeg'
66a45d68-c107-4a24-b9ed-d9e09371f05d,,failed,[Errno 2] No such file or directory: 'ffmpeg'
0dc9fe8f-05c0-43e0-bce6-8378f09850fb,,failed,[Errno 2] No such file or directory: 'ffmpeg'
390b7498-4124-4923-a7fc-57801aef069e,,failed,[Errno 2] No such file or directory: 'ffmpeg'
5c5aa71d-4dd8-4401-b642-744aaf53d866,,failed,[Errno 2] No such file or directory: 'ffmpeg'
00c4a176-4cbd-4191-955e-c1f4282a755c,,failed,[Errno 2] No such file or directory: 'ffmpeg'
8f4a8f26-60bc-468f-905d-2b2b67550917,,failed,[Errno 2] No such file or directory: 'ffmpeg'
20852522-9f43-480c-9b7d-4bac78015fa4,,failed,[Errno 2] No such file or directory: 'ffmpeg'
220cc50d-febd-4ec4-916b-38eac56430b9,,failed,[Errno 2] No such file or directory: 'ffmpeg'
5850aeb4-65a8-4527-b482-c20eacfd4a81,,failed,[Errno 2] No such file or directory: 'ffmpeg'
be6dbba3-7319-40eb-97b6-f6a60f28cf9b,,failed,[Errno 2] No such file or directory: 'ffmpeg'
d797f4ba-d972-40bb-bcf1-cb43acb72e43,,failed,[Errno 2] No such file or directory: 'ffmpeg'
cf5ffb09-a68c-4091-9de8-fcf664a484ef,,failed,[Errno 2] No such file or directory: 'ffmpeg'
eab84772-caaa-4867-911f-bfac820e8171,,failed,[Errno 2] No such file or directory: 'ffmpeg'
88077423-23e8-46be-87ed-1c46a23a1d06,,failed,[Errno 2] No such file or directory: 'ffmpeg'
f3656fc9-b92d-4e49-bda5-d39b78ce5bc4,,failed,[Errno 2] No such file or directory: 'ffmpeg'
f2bf4d54-a96d-4e7b-a9b4-993db8657890,,failed,[Errno 2] No such file or directory: 'ffmpeg'
2ae8ca31-e911-4a1d-aa98-70d29d4d0f58,,failed,[Errno 2] No such file or directory: 'ffmpeg'
fce8c61d-ea0b-4904-bb71-75f3a6466807,,failed,[Errno 2] No such file or directory: 'ffmpeg'
9df833c7-ec68-427d-9039-c0ba64d4faaf,,failed,[Errno 2] No such file or directory: 'ffmpeg'
ef697e51-44ee-490c-bc8d-29f22f3c4c86,,failed,[Errno 2] No such file or directory: 'ffmpeg'
fdfcd7c8-edb0-4f39-a4dc-9162b02671f3,,failed,[Errno 2] No such file or directory: 'ffmpeg'
e1d7b538-934b-417f-bf67-7fef4c7675f7,,failed,[Errno 2] No such file or directory: 'ffmpeg'
29832309-7395-4c0a-a4de-88adda794c13,,failed,[Errno 2] No such file or directory: 'ffmpeg'
1ad4e2ae-73ee-4e85-b164-367c29e4fae9,,failed,[Errno 2] No such file or directory: 'ffmpeg'
64bbbf46-179e-4eef-b9fb-78ddc596e363,,failed,[Errno 2] No such file or directory: 'ffmpeg'
59b66723-e44e-4571-8a38-7d92a326de8c,,failed,[Errno 2] No such file or directory: 'ffmpeg'
07720a5f-e32e-47ea-b29b-96c0a37b2682,,failed,[Errno 2] No such file or directory: 'ffmpeg'
80e5a02a-5aa4-44b2-a490-05bc6820e59d,,failed,[Errno 2] No such file or directory: 'ffmpeg'
015ec0d4-0c4f-49e9-9415-80e14bd5e136,,failed,[Errno 2] No such file or directory: 'ffmpeg'
caf3b7a7-f7e4-4984-abdd-3a1d7bdf772c,,failed,[Errno 2] No such file or directory: 'ffmpeg'
ad27f0d5-7ad6-4402-bb7a-095f2a5d68ed,,failed,[Errno 2] No such file or directory: 'ffmpeg'
84b43d0b-e75b-4130-9f52-b388bfae8ef8,,failed,[Errno 2] No such file or directory: 'ffmpeg'
55bb3dda-edd6-4fdf-8760-3816414a4ae6,,failed,[Errno 2] No such file or directory: 'ffmpeg'
b46c6bae-0eeb-474d-b28a-21d9480bc25a,,failed,[Errno 2] No such file or directory: 'ffmpeg'
668c035a-8d77-4ebf-aff6-ad5558809dc9,,failed,[Errno 2] No such file or directory: 'ffmpeg'
cfc733b3-071a-4855-8e78-68989c477e67,,failed,[Errno 2] No such file or directory: 'ffmpeg'
9fa463ae-9d0e-423a-b598-cdf114d6e1d5,,failed,[Errno 2] No such file or directory: 'ffmpeg'
e407775d-1429-4dbd-b5d2-360180ecaf2e,,failed,[Errno 2] No such file or directory: 'ffmpeg'
47a7d5f4-1d13-46ba-914b-ab8cf78f84de,,failed,[Errno 2] No such file or directory: 'ffmpeg'
dd904997-5641-4e8b-9e89-447fac2de755,,failed,[Errno 2] No such file or directory: 'ffmpeg'
0443f6fd-c6a0-43b5-b636-d10bcc668aa4,,failed,[Errno 2] No such file or directory: 'ffmpeg'
b418c5ab-f031-4cc7-9f13-0106c12ee1b7,,failed,[Errno 2] No such file or directory: 'ffmpeg'
dca53a32-4269-49bb-8734-42a8abe8e0e7,,failed,[Errno 2] No such file or directory: 'ffmpeg'
0f2b8e6d-94ed-4d3a-b7c3-2793f005f798,,failed,[Errno 2] No such file or directory: 'ffmpeg'
4ce168a6-9986-4dcb-89d5-db0c33fd55f6,,failed,[Errno 2] No such file or directory: 'ffmpeg'
d99d75c0-aa1d-4cd5-baad-4ff2d776167b,,failed,[Errno 2] No such file or directory: 'ffmpeg'
184034ca-daa0-495d-b1a7-1b7c15bccf14,,failed,[Errno 2] No such file or directory: 'ffmpeg'
b52183fc-3ca7-4756-9930-449a2c3495a5,,failed,[Errno 2] No such file or directory: 'ffmpeg'
3bdcd70d-4beb-48de-a62e-d592c753606d,,failed,[Errno 2] No such file or directory: 'ffmpeg'
66340942-1ea6-4ae4-bc7c-88fab4ba0bc8,,failed,[Errno 2] No such file or directory: 'ffmpeg'
df7bd4b2-47ec-41ad-89be-93a8f2d3ae1f,,failed,[Errno 2] No such file or directory: 'ffmpeg'
e7aef72f-b5d1-4456-8158-a2e10e56d1f3,,failed,[Errno 2] No such file or directory: 'ffmpeg'
12836af9-f894-4d19-8521-8fc770bc52b0,,failed,[Errno 2] No such file or directory: 'ffmpeg'
93832e0c-bbb6-41ea-8eb0-1599b9e3edc1,,failed,[Errno 2] No such file or directory: 'ffmpeg'
03701a93-fc65-4f4f-ad65-74e0362b393b,,failed,[Errno 2] No such file or directory: 'ffmpeg'
f5243597-db92-4a76-bd06-0e444427db31,,failed,[Errno 2] No such file or directory: 'ffmpeg'
ea98c919-ce3c-477d-9e54-f19474c3b5d8,,failed,[Errno 2] No such file or directory: 'ffmpeg'
ddae99bf-8575-4b5c-93bb-34250da2a878,,failed,[Errno 2] No such file or directory: 'ffmpeg'
5fbf069d-7100-4a1b-b88b-2fb16f7e20a2,,failed,[Errno 2] No such file or directory: 'ffmpeg'
c747832c-d5f0-49ba-a01a-6763478ec664,,failed,[Errno 2] No such file or directory: 'ffmpeg'
6a929340-7a07-4e4a-bd65-614350e60cd4,,failed,[Errno 2] No such file or directory: 'ffmpeg'
d2e4574f-266e-46c0-ba8b-3fe73bfb22df,,failed,[Errno 2] No such file or directory: 'ffmpeg'
b07eb17b-92b5-409d-aa31-c55cf61dca8c,,failed,[Errno 2] No such file or directory: 'ffmpeg'
0c14ed12-5858-449c-82f1-9e283f14d46f,,failed,[Errno 2] No such file or directory: 'ffmpeg'
292d172d-f418-4ea2-8099-d5348ccb590e,,failed,[Errno 2] No such file or directory: 'ffmpeg'
08a37cf8-ae87-48bc-9252-bed159fa89a3,,failed,[Errno 2] No such file or directory: 'ffmpeg'
8cb2c84e-0825-4f92-b4e8-7843b4fe71f6,,failed,[Errno 2] No such file or directory: 'ffmpeg'
ed7bf476-4e1a-4819-a7f4-8846e63618b9,,failed,[Errno 2] No such file or directory: 'ffmpeg'
532ca121-285f-4230-91ec-96ceaf56b388,,failed,[Errno 2] No such file or directory: 'ffmpeg'
c8ac576e-1a9a-4b4e-9a32-1c803326c48e,,failed,[Errno 2] No such file or directory: 'ffmpeg'
b9bf05a1-d417-4be1-b7d0-3dedc9113bf0,,failed,[Errno 2] No such file or directory: 'ffmpeg'
724fb462-e178-495c-ad7c-bcee81620381,,failed,[Errno 2] No such file or directory: 'ffmpeg'
b0ed813e-6fbb-4321-bf55-6dc42901a189,,failed,[Errno 2] No such file or directory: 'ffmpeg'
9132be5b-ff3b-4651-a7fa-c08efd30c6f9,,failed,[Errno 2] No such file or directory: 'ffmpeg'
b4dac16e-f2e1-444f-bccc-db06f0c9c1c1,,failed,[Errno 2] No such file or directory: 'ffmpeg'
e6a145db-f879-4284-988d-17830aa6ccd8,,failed,[Errno 2] No such file or directory: 'ffmpeg'
149122af-7d27-4f01-9fc7-fee5e59ea34e,,failed,[Errno 2] No such file or directory: 'ffmpeg'
a19f4ab3-1c94-4533-bae6-506a1759a72e,,failed,[Errno 2] No such file or directory: 'ffmpeg'
88106012-4aa3-492c-86b1-ae28cdfe1143,,failed,[Errno 2] No such file or directory: 'ffmpeg'
d8295c45-d922-4fe5-a80f-e1d83f9f33a1,,failed,[Errno 2] No such file or directory: 'ffmpeg'
08371946-ed9f-4500-a9f3-7803c227c004,,failed,[Errno 2] No such file or directory: 'ffmpeg'
5e698d47-b2bd-4b7f-9bd3-c79e8abb73ff,,failed,[Errno 2] No such file or directory: 'ffmpeg'
e3f65c81-7632-4caf-a53e-c14e7240768a,,failed,[Errno 2] No such file or directory: 'ffmpeg'
c0fc74c8-9596-4be5-a836-9609005de7c9,,failed,[Errno 2] No such file or directory: 'ffmpeg'
b0ec14ef-3b4f-4b84-b9d8-895236991b78,,failed,[Errno 2] No such file or directory: 'ffmpeg'
47c6634b-1cad-4646-91aa-5d3ba16d7b7d,,failed,[Errno 2] No such file or directory: 'ffmpeg'
1cd6151b-be2c-40f9-860b-6370344bc33f,,failed,[Errno 2] No such file or directory: 'ffmpeg'
41e617fc-1015-4cda-adf5-1b7f05d3d55e,,failed,[Errno 2] No such file or directory: 'ffmpeg'
ba0111ce-4d25-4c5f-85bd-82d3cb2f62cc,,failed,[Errno 2] No such file or directory: 'ffmpeg'
0da7c00f-b1cc-4927-8095-c5fc75a66b38,,failed,[Errno 2] No such file or directory: 'ffmpeg'
3313c14c-b444-4aef-ae3e-4a71a42cb3a3,,failed,[Errno 2] No such file or directory: 'ffmpeg'
02460935-5f34-4b5b-a180-dc0701ac55bf,,failed,[Errno 2] No such file or directory: 'ffmpeg'
1e48e0a4-b7fc-4ddb-a6e2-fadc24ed67b1,,failed,[Errno 2] No such file or directory: 'ffmpeg'
a8995cf7-f1a0-433c-8aec-529cfc717dad,,failed,[Errno 2] No such file or directory: 'ffmpeg'
1fa32bc8-a8d7-406c-b012-8763d373bb07,,failed,[Errno 2] No such file or directory: 'ffmpeg'
d0786ed7-484b-4d53-a8ee-8f10d6b817a8,,failed,[Errno 2] No such file or directory: 'ffmpeg'
2eb1c552-51e3-46bd-8524-b4b591ede9ed,,failed,[Errno 2] No such file or directory: 'ffmpeg'
c61d822a-a974-4665-ad9e-fbc7817631fb,,failed,[Errno 2] No such file or directory: 'ffmpeg'
2e5b4d5f-f2cb-4243-b921-843b332571be,,failed,[Errno 2] No such file or directory: 'ffmpeg'
244a84d7-1191-42a0-b922-7d9941f92bfa,,failed,[Errno 2] No such file or directory: 'ffmpeg'
d365f8f8-ad29-46e4-89bf-27b230ecd5bb,,failed,[Errno 2] No such file or directory: 'ffmpeg'
813ae516-92d2-462d-83f6-1c66046b419a,,failed,[Errno 2] No such file or directory: 'ffmpeg'
6257738c-681f-4520-a270-697b62e42ee2,,failed,[Errno 2] No such file or directory: 'ffmpeg'
3c9be79c-a774-431e-acfc-accc7e24280e,,failed,[Errno 2] No such file or directory: 'ffmpeg'
12d5db55-fbbc-4aa3-a39b-f6d97f4696fd,,failed,[Errno 2] No such file or directory: 'ffmpeg'
cf9149fc-405d-4503-922b-369e198b5991,,failed,[Errno 2] No such file or directory: 'ffmpeg'
6c78714e-81ca-48e3-a01e-055f247e43c5,,failed,[Errno 2] No such file or directory: 'ffmpeg'
b9ce2047-0f85-4345-b59f-d3573b0eb9ea,,failed,[Errno 2] No such file or directory: 'ffmpeg'
3cc7f45c-614b-4c1e-b0b2-532d04d11f86,,failed,[Errno 2] No such file or directory: 'ffmpeg'
909207c9-32ac-47d1-886e-2fbb01e665c9,,failed,[Errno 2] No such file or directory: 'ffmpeg'
cc826d8e-ee41-453f-9642-7c0594aa8f67,,failed,[Errno 2] No such file or directory: 'ffmpeg'
48045994-8c93-4fe7-a9ee-764a2021104c,,failed,[Errno 2] No such file or directory: 'ffmpeg'
08081aa6-4910-4cc1-be3c-9da2e54afb8b,,failed,[Errno 2] No such file or directory: 'ffmpeg'
81d7e2c0-6a04-4477-9f16-0fac45f1abd7,,failed,[Errno 2] No such file or directory: 'ffmpeg'
9eb582de-e3b7-4a88-8629-56c4bee394d0,,failed,[Errno 2] No such file or directory: 'ffmpeg'
49b2a15a-b3a5-47e2-8b9d-714bf6d9ce0e,,failed,[Errno 2] No such file or directory: 'ffmpeg'
5223727a-4b8e-4b43-a876-34759fd6a6a0,,failed,[Errno 2] No such file or directory: 'ffmpeg'
83e56938-0d2d-4106-9075-ef82549d679f,,failed,[Errno 2] No such file or directory: 'ffmpeg'
41a5f85d-bacf-4587-8867-885c4a1a47da,,failed,[Errno 2] No such file or directory: 'ffmpeg'
6444f52a-e162-4360-9775-a495ef0ccfb3,,failed,[Errno 2] No such file or directory: 'ffmpeg'
ac3e574e-2948-484a-bbe8-003274a2cfd3,,failed,[Errno 2] No such file or directory: 'ffmpeg'
d62eff7c-77b0-4810-a350-2b324eedd46b,,failed,[Errno 2] No such file or directory: 'ffmpeg'
0a440b92-ca61-4639-94d2-f2e59195d2f7,,failed,[Errno 2] No such file or directory: 'ffmpeg'
09ae8069-eff5-463d-bccb-13b09ea059ca,,failed,[Errno 2] No such file or directory: 'ffmpeg'
1583a683-59a8-4fe3-8862-2da0dce779bf,,failed,[Errno 2] No such file or directory: 'ffmpeg'
7681b7ae-8ee5-4093-b162-c1e903fe0af9,,failed,[Errno 2] No such file or directory: 'ffmpeg'
2bae0c72-6741-47eb-813c-5c0063448d74,,failed,[Errno 2] No such file or directory: 'ffmpeg'
cc859508-3086-464b-ab04-421d425f94e5,,failed,[Errno 2] No such file or directory: 'ffmpeg'
aeffd058-6b47-4679-8f7e-3410a55a5b7b,,failed,[Errno 2] No such file or directory: 'ffmpeg'
93f59963-2c7d-4fd9-b7fe-85455763e691,,failed,[Errno 2] No such file or directory: 'ffmpeg'
1c1d8c5a-f43b-4179-ac91-4b97f72e2904,,failed,[Errno 2] No such file or directory: 'ffmpeg'
32f3d3e8-487d-45c0-a923-865cd4dc4356,,failed,[Errno 2] No such file or directory: 'ffmpeg'
2a51bea6-e400-4aa4-8996-59c574e772f0,,failed,[Errno 2] No such file or directory: 'ffmpeg'
2ca8e72a-7b39-4b79-aa99-28d001b8a103,,failed,[Errno 2] No such file or directory: 'ffmpeg'
8ace06b1-3be3-4810-91b2-c6d0ed984827,,failed,[Errno 2] No such file or directory: 'ffmpeg'
36b84c82-179b-4aa8-9c1d-414ebe6a0cab,,failed,[Errno 2] No such file or directory: 'ffmpeg'
cfa87d4d-47cd-418a-9403-ea5c14366b9c,,failed,[Errno 2] No such file or directory: 'ffmpeg'
38113a5e-8886-49f2-be5f-7d5ff5bd8eab,,failed,[Errno 2] No such file or directory: 'ffmpeg'
7f30ed8d-4e20-4947-a4b6-1ede6c94e5ad,,failed,[Errno 2] No such file or directory: 'ffmpeg'
2f691f18-6550-4167-a9fd-8287c6a31211,,failed,[Errno 2] No such file or directory: 'ffmpeg'
945075de-318c-459b-b789-4bada2c1416e,,failed,[Errno 2] No such file or directory: 'ffmpeg'
54bed4d8-bb90-4dee-9024-4cbef8a60cd2,,failed,[Errno 2] No such file or directory: 'ffmpeg'
c119de3d-dcfc-4f49-8775-ba41f29f6c6f,,failed,[Errno 2] No such file or directory: 'ffmpeg'
1906f4e6-24e3-4c34-a08c-3c83e02f8c99,,failed,[Errno 2] No such file or directory: 'ffmpeg'
9f876834-34b6-43cc-887d-d963a54786a5,,failed,[Errno 2] No such file or directory: 'ffmpeg'
cd46ae08-d993-4920-ae5d-7012349b7ce7,,failed,[Errno 2] No such file or directory: 'ffmpeg'
51b0e87f-e7c0-409d-8e1c-1d8e4072c0c7,,failed,[Errno 2] No such file or directory: 'ffmpeg'
4f7d90a1-65b1-409b-9a5a-74d306cc14b8,,failed,[Errno 2] No such file or directory: 'ffmpeg'
1c7bf926-9d5c-4cd1-a602-c3e5ce683a96,,failed,[Errno 2] No such file or directory: 'ffmpeg'
7e45cde1-dd15-4b2c-9c6d-5941f9144c53,,failed,[Errno 2] No such file or directory: 'ffmpeg'
e8117155-878a-4c72-a2ef-73bc7df0a780,,failed,[Errno 2] No such file or directory: 'ffmpeg'
1f8849f2-fb92-489e-b07b-5996f3670547,,failed,[Errno 2] No such file or directory: 'ffmpeg'
d76f825a-538b-45ac-b69a-f601f0c645ad,,failed,[Errno 2] No such file or directory: 'ffmpeg'
d9ba3356-9063-43ec-bcec-43571527c4fb,,failed,[Errno 2] No such file or directory: 'ffmpeg'
69fafb05-d5ac-4631-ae64-0b7e8ed43376,,failed,[Errno 2] No such file or directory: 'ffmpeg'
7e7b196b-5112-4162-a013-acd027625cc0,,failed,[Errno 2] No such file or directory: 'ffmpeg'
bd363219-7d67-41e3-a134-ee74c6d7b1e5,,failed,[Errno 2] No such file or directory: 'ffmpeg'
768a144d-be7e-454b-b8cf-2054d09aa303,,failed,[Errno 2] No such file or directory: 'ffmpeg'
81bfe164-e07c-4707-90a5-f47101272952,,failed,[Errno 2] No such file or directory: 'ffmpeg'
22b38f62-4659-4ebf-991a-0886cecd09df,,failed,[Errno 2] No such file or directory: 'ffmpeg'
d69f5d92-1a25-4efc-923e-827454a34bcd,,failed,[Errno 2] No such file or directory: 'ffmpeg'
22a48a17-682c-4d05-ab15-efd7475aa3ba,,failed,[Errno 2] No such file or directory: 'ffmpeg'
c68e6fc6-97fb-47e5-95a3-d265f5f0adde,,failed,[Errno 2] No such file or directory: 'ffmpeg'
cfa1b8d9-07ff-4031-9a5e-c0071cc351f1,,failed,[Errno 2] No such file or directory: 'ffmpeg'
951e088f-be81-489f-acd0-9071777a135b,,failed,[Errno 2] No such file or directory: 'ffmpeg'
bf8471d3-d47a-403d-8b97-bbd55617f113,,failed,[Errno 2] No such file or directory: 'ffmpeg'
352f3281-02bf-4e29-9dcb-128741e32254,,failed,[Errno 2] No such file or directory: 'ffmpeg'
d17c5ce9-4f66-403f-baca-c4f6e6a08475,,failed,[Errno 2] No such file or directory: 'ffmpeg'
61ecacc6-76c3-41d5-9bb1-0eb83f07f78c,,failed,[Errno 2] No such file or directory: 'ffmpeg'
ecbf7061-4230-4ea6-9184-8140347e8960,,failed,[Errno 2] No such file or directory: 'ffmpeg'
57d9bc9a-9786-4718-8826-16235e8da05d,,failed,[Errno 2] No such file or directory: 'ffmpeg'
b9e47182-a48e-4a9e-9ce3-4ae39a6f1da1,,failed,[Errno 2] No such file or directory: 'ffmpeg'
ee463dad-f747-4bc7-ad28-3111a747fa9a,,failed,[Errno 2] No such file or directory: 'ffmpeg'
421017a7-3038-448d-95bd-9eeea60fd1d1,,failed,[Errno 2] No such file or directory: 'ffmpeg'
d2142489-6512-4659-aba5-7683f36e9450,,failed,[Errno 2] No such file or directory: 'ffmpeg'
e8dbc7cc-ee56-4fa9-b63f-f28d1bb151b1,,failed,[Errno 2] No such file or directory: 'ffmpeg'
4df2ca91-a415-4533-80ba-ce7e649ef034,,failed,[Errno 2] No such file or directory: 'ffmpeg'
c849dd1f-3b95-4754-a60d-5b14f0312fd4,,failed,[Errno 2] No such file or directory: 'ffmpeg'
5e120307-bb36-4c68-8d75-be54b8801811,,failed,[Errno 2] No such file or directory: 'ffmpeg'
f297c99a-0a9a-47b5-85e1-720445630040,,failed,[Errno 2] No such file or directory: 'ffmpeg'
3f7ee8a1-bd99-4722-bcde-1f567a911d38,,failed,[Errno 2] No such file or directory: 'ffmpeg'
c6a0ac13-e522-46b5-bba0-b2f439b49e45,,failed,[Errno 2] No such file or directory: 'ffmpeg'
6c71cfdc-c365-4f28-b800-880a14cfe387,,failed,[Errno 2] No such file or directory: 'ffmpeg'
220702f3-d01b-4038-8fa3-68b9c842a551,,failed,[Errno 2] No such file or directory: 'ffmpeg'
cdc4996b-67f5-426a-a5bd-2db918f98f50,,failed,[Errno 2] No such file or directory: 'ffmpeg'
fb376037-881f-4eee-b830-dd435b3a87e7,,failed,[Errno 2] No such file or directory: 'ffmpeg'
16a2e6b1-8cfb-4ef9-997a-e24b0d6cc937,,failed,[Errno 2] No such file or directory: 'ffmpeg'
e39db420-8175-40a7-906f-b4f94a6e360d,,failed,[Errno 2] No such file or directory: 'ffmpeg'
9ede974b-eec5-4542-ad60-3e0a37fd976f,,failed,[Errno 2] No such file or directory: 'ffmpeg'
8e308531-fbf6-4144-9c94-fd6b6c545918,,failed,[Errno 2] No such file or directory: 'ffmpeg'
fa67aa60-f791-4571-ab48-aaeea430c218,,failed,[Errno 2] No such file or directory: 'ffmpeg'
29187fe7-292b-48eb-8be9-e6df8f63d2ef,,failed,[Errno 2] No such file or directory: 'ffmpeg'
28813170-c13f-450f-929b-f9658b2b153a,,failed,[Errno 2] No such file or directory: 'ffmpeg'
bde088a5-75a1-4f49-9b07-fb1bdfde0f29,,failed,[Errno 2] No such file or directory: 'ffmpeg'
95234248-45ac-4528-b4fe-dddcf01b23b5,,failed,[Errno 2] No such file or directory: 'ffmpeg'
9e5058fd-4674-4c7c-8bb8-132cbfa8169e,,failed,[Errno 2] No such file or directory: 'ffmpeg'
5c38c331-dafb-40d4-8612-6a9ed1b524cb,,failed,[Errno 2] No such file or directory: 'ffmpeg'
15c0feeb-f0c3-45c3-8006-b6b3ccca51d3,,failed,[Errno 2] No such file or directory: 'ffmpeg'
02f90843-f62e-4bf4-b955-87e497fe0373,,failed,[Errno 2] No such file or directory: 'ffmpeg'
d2e8864b-b9a3-4322-81e2-062421ed02e9,,failed,[Errno 2] No such file or directory: 'ffmpeg'
b4f3f37a-957c-4147-8bc6-ce439fb1aa45,,failed,[Errno 2] No such file or directory: 'ffmpeg'
aba91a38-fb3f-4da6-b4e7-0ec20fee8ec1,,failed,[Errno 2] No such file or directory: 'ffmpeg'
4afc9bcd-decc-49d5-a5af-ae221b39b92b,,failed,[Errno 2] No such file or directory: 'ffmpeg'
ea4ede96-a205-48ab-88b9-3e188ee7db27,,failed,[Errno 2] No such file or directory: 'ffmpeg'
acca8449-da2a-414c-b89b-a13279b88a66,,failed,[Errno 2] No such file or directory: 'ffmpeg'
0acd4360-3d6f-46e4-9fd5-d15603c81cb0,,failed,[Errno 2] No such file or directory: 'ffmpeg'
4bd0feb2-9d25-4209-978a-cbd9406d8858,,failed,[Errno 2] No such file or directory: 'ffmpeg'
466dc7ca-ff92-4014-aae7-d3aa9937cb88,,failed,[Errno 2] No such file or directory: 'ffmpeg'
8d148274-3a4d-43f3-81e5-f666c6be5f9c,,failed,[Errno 2] No such file or directory: 'ffmpeg'
9dc607e2-a961-4931-bf20-2f71581db2d6,,failed,[Errno 2] No such file or directory: 'ffmpeg'
56864743-073e-4277-a2f7-f1411682ddbe,,failed,[Errno 2] No such file or directory: 'ffmpeg'
6cda1eeb-7ea0-403e-9ce1-8266316f420e,,failed,[Errno 2] No such file or directory: 'ffmpeg'
5873e7fd-32e9-4b62-9573-e0bdce8cf1bb,,failed,[Errno 2] No such file or directory: 'ffmpeg'
b1362742-74d7-482b-90c3-8a870ea0824b,,failed,[Errno 2] No such file or directory: 'ffmpeg'
f5cdbdc6-b81f-4cda-a92f-bdd5501c3eba,,failed,[Errno 2] No such file or directory: 'ffmpeg'
119a9fb5-ecf4-461b-b6b7-e92a517fa458,,failed,[Errno 2] No such file or directory: 'ffmpeg'
6c400eac-f8bd-4735-96da-e69941777b88,,failed,[Errno 2] No such file or directory: 'ffmpeg'
dfa4c70c-2627-4a11-ab16-bedd8d1d52ec,,failed,[Errno 2] No such file or directory: 'ffmpeg'
957d7569-b02d-4635-88e1-c84ba8a7a551,,failed,[Errno 2] No such file or directory: 'ffmpeg'
8cd167fa-0acd-4932-8531-9b61f04e00b4,,failed,[Errno 2] No such file or directory: 'ffmpeg'
c8541527-884c-4783-a72f-426e98475438,,failed,[Errno 2] No such file or directory: 'ffmpeg'
08694d15-f9e2-466b-ab2d-699f42115df3,,failed,[Errno 2] No such file or directory: 'ffmpeg'
fb1a72c1-8492-4e3b-8659-eeedf54af297,,failed,[Errno 2] No such file or directory: 'ffmpeg'
b0cebc7f-d0b0-4b4f-b894-440eb4c33188,,failed,[Errno 2] No such file or directory: 'ffmpeg'
836cd72f-9103-4644-b183-a685d7472854,,failed,[Errno 2] No such file or directory: 'ffmpeg'
8ac63ccb-a41a-464d-a718-3a492a56ed61,,failed,[Errno 2] No such file or directory: 'ffmpeg'
edbdf21f-7199-478e-96f6-36133ce1a5f4,,failed,[Errno 2] No such file or directory: 'ffmpeg'
cad0e99e-b9be-439a-afcb-bd955af5a62b,,failed,[Errno 2] No such file or directory: 'ffmpeg'
37042274-3597-4bec-8926-13f04f200ddd,,failed,[Errno 2] No such file or directory: 'ffmpeg'
a06e34cd-534b-4297-9249-cb6d54ea29b8,,failed,[Errno 2] No such file or directory: 'ffmpeg'
85ac4868-722b-456b-b5b7-cf772a19edd9,,failed,[Errno 2] No such file or directory: 'ffmpeg'
c57ccfda-acc8-483a-9d37-da1fa2aa6fb0,,failed,[Errno 2] No such file or directory: 'ffmpeg'
7baa3cbc-c678-4317-b664-21136735e4e8,,failed,[Errno 2] No such file or directory: 'ffmpeg'
b204c754-2b9b-476e-b29a-5d6dfc0ec1a2,,failed,[Errno 2] No such file or directory: 'ffmpeg'
66db4c87-c0cf-4cb9-8b95-94a0090439e3,,failed,[Errno 2] No such file or directory: 'ffmpeg'
b5c05bb7-b0a6-4a8b-a81c-d23833b3e26c,,failed,[Errno 2] No such file or directory: 'ffmpeg'
2f70a3e2-7b98-4511-a2fa-cd59ceab2cd9,,failed,[Errno 2] No such file or directory: 'ffmpeg'
d2ac9691-7174-484d-8e1d-c8addb8954cb,,failed,[Errno 2] No such file or directory: 'ffmpeg'
1aaf97cc-9d5e-4ac2-8d35-4dccf53c8244,,failed,[Errno 2] No such file or directory: 'ffmpeg'
7a0f3cb3-f2a9-41c4-8a2c-e2f4f26c029a,,failed,[Errno 2] No such file or directory: 'ffmpeg'
8dfb0ebe-a571-406b-baac-2c147e5b650e,,failed,[Errno 2] No such file or directory: 'ffmpeg'
bf42a3c3-2d7c-4cde-9f78-e897e485d17a,,failed,[Errno 2] No such file or directory: 'ffmpeg'
69dcd13d-6420-41ee-bc1b-17f21f357246,,failed,[Errno 2] No such file or directory: 'ffmpeg'
8a9b4ab7-7737-4ffe-b998-1f2694961563,,failed,[Errno 2] No such file or directory: 'ffmpeg'
c6efa765-6be0-48b1-832f-a120c8d85eea,,failed,[Errno 2] No such file or directory: 'ffmpeg'
4b0e352d-2e34-449b-a4a2-f942abebf892,,failed,[Errno 2] No such file or directory: 'ffmpeg'
573cd486-0d20-4701-91d0-0693af4a86f4,,failed,[Errno 2] No such file or directory: 'ffmpeg'
35cf8f2d-1d1a-43cd-a6b7-fe1e5aa6eb2b,,failed,[Errno 2] No such file or directory: 'ffmpeg'
045cf90a-9c93-4316-9081-0e6849885449,,failed,[Errno 2] No such file or directory: 'ffmpeg'
2eb4b98e-b798-414b-a7f5-d5c7fff34096,,failed,[Errno 2] No such file or directory: 'ffmpeg'
0ac2f926-48ac-479f-aa9e-d39ed0f18599,,failed,[Errno 2] No such file or directory: 'ffmpeg'
71971841-8904-4e02-8657-22d6c9d41840,,failed,[Errno 2] No such file or directory: 'ffmpeg'
e4344082-77c1-4ded-9ef5-da98b2261cec,,failed,[Errno 2] No such file or directory: 'ffmpeg'
01a6cd99-8c83-4f34-8e72-90972ca147d6,,failed,[Errno 2] No such file or directory: 'ffmpeg'
5a594747-4344-4254-a779-31d46fb05763,,failed,[Errno 2] No such file or directory: 'ffmpeg'
ce83547e-928b-448c-818a-5f2329f1ff50,,failed,[Errno 2] No such file or directory: 'ffmpeg'
9e5e2331-088c-4811-9f4f-ca50271cf526,,failed,[Errno 2] No such file or directory: 'ffmpeg'
07c8adf3-5f0c-4b18-9688-8fa167e22e02,,failed,[Errno 2] No such file or directory: 'ffmpeg'
3187e03e-9fa4-48f8-9385-b15e2382d24b,,failed,[Errno 2] No such file or directory: 'ffmpeg'
3f932a21-ab76-4e3c-af29-90f4094c103b,,failed,[Errno 2] No such file or directory: 'ffmpeg'
e16c9517-5117-4e30-80b9-cba4f4b08156,,failed,[Errno 2] No such file or directory: 'ffmpeg'
e4a27788-f55f-43b1-a6c6-6480ae6a8da9,,failed,[Errno 2] No such file or directory: 'ffmpeg'
687e22f0-577a-47ff-a464-626ce2b8b648,,failed,[Errno 2] No such file or directory: 'ffmpeg'
8438abc3-2e48-42d5-8a07-f01617dc12ec,,failed,[Errno 2] No such file or directory: 'ffmpeg'
09fe6020-5ae0-458f-b642-db01cf8d62cf,,failed,[Errno 2] No such file or directory: 'ffmpeg'
226afd5e-a3c8-4624-a325-7a58ef01a1d4,,failed,[Errno 2] No such file or directory: 'ffmpeg'
3b636ea1-0560-4440-892b-fcbac2059434,,failed,[Errno 2] No such file or directory: 'ffmpeg'
fdbb7e81-9a11-415a-b9a6-3d9ee2f6f66c,,failed,[Errno 2] No such file or directory: 'ffmpeg'
7dc7ccb1-b50b-43ee-94fd-7bced8e30e43,,failed,[Errno 2] No such file or directory: 'ffmpeg'
4940e736-d3a8-4567-a4d1-f876b8d8ace5,,failed,[Errno 2] No such file or directory: 'ffmpeg'
e78b73ff-51f2-43a7-bad9-e88dd0dadf14,,failed,[Errno 2] No such file or directory: 'ffmpeg'
692a11cd-22ec-49d8-b4ff-a0d090a1b017,,failed,[Errno 2] No such file or directory: 'ffmpeg'
67693d38-53e0-41e6-91df-370b5474c6fe,,failed,[Errno 2] No such file or directory: 'ffmpeg'
8222f88b-7438-466f-b035-4170a61504b7,,failed,[Errno 2] No such file or directory: 'ffmpeg'
8d9f48fd-0552-4a86-b6f1-c03febcfd417,,failed,[Errno 2] No such file or directory: 'ffmpeg'
958b7dd1-c194-4739-9495-5d4a6ad04df4,,failed,[Errno 2] No such file or directory: 'ffmpeg'
fe1f1d42-e0b2-4bb7-a515-d5aa1b7cf18e,,failed,[Errno 2] No such file or directory: 'ffmpeg'
963caa17-6592-4794-be96-5d85d6a9f743,,failed,[Errno 2] No such file or directory: 'ffmpeg'
b785c882-a32b-4fda-b4fd-6ff3bb559744,,failed,[Errno 2] No such file or directory: 'ffmpeg'
f60e0331-f005-40c3-a2bf-f0f7846a051e,,failed,[Errno 2] No such file or directory: 'ffmpeg'
5fe2def4-b88d-46e9-893f-fb76e8a7488f,,failed,[Errno 2] No such file or directory: 'ffmpeg'
c7f4f6d8-b1a8-4978-92ea-d8726a8e93a8,,failed,[Errno 2] No such file or directory: 'ffmpeg'
7172a21d-7386-4690-91a5-4178e33ba74a,,failed,[Errno 2] No such file or directory: 'ffmpeg'
0da1650b-e6a9-4282-86f1-4dbcd7efdd18,,failed,[Errno 2] No such file or directory: 'ffmpeg'
31f29954-d276-4557-85c7-6cc18d6eebf8,,failed,[Errno 2] No such file or directory: 'ffmpeg'
0ae692de-ce12-46c4-95e8-491390b9dde6,,failed,[Errno 2] No such file or directory: 'ffmpeg'
102d5664-114d-4211-9422-999e29725dc7,,failed,[Errno 2] No such file or directory: 'ffmpeg'
12b6b73d-1426-4d83-adc6-d749cc2fae33,,failed,[Errno 2] No such file or directory: 'ffmpeg'
fd7be5e9-aed6-4d63-9ab9-3c541bab85c1,,failed,[Errno 2] No such file or directory: 'ffmpeg'
1b4ce7de-6923-41e2-8e48-d603910e3b86,,failed,[Errno 2] No such file or directory: 'ffmpeg'
60f2dd15-d21f-4291-a5cb-64afcc23997f,,failed,[Errno 2] No such file or directory: 'ffmpeg'
860878b0-5869-41e1-8b1e-ecc4f6afa868,,failed,[Errno 2] No such file or directory: 'ffmpeg'
6acb97cc-626f-49c2-96f4-ae4f52f41d05,,failed,[Errno 2] No such file or directory: 'ffmpeg'
05c322d7-a456-439b-8214-56f8f34ad9b7,,failed,[Errno 2] No such file or directory: 'ffmpeg'
2ee4e529-04d6-46ec-b0b2-d4d50a8d61b0,,failed,[Errno 2] No such file or directory: 'ffmpeg'
7596a8a1-49c9-41db-9ccf-af65cc5e2623,,failed,[Errno 2] No such file or directory: 'ffmpeg'
6baeb248-c803-4c48-aeb6-72ee5d8f463e,,failed,[Errno 2] No such file or directory: 'ffmpeg'
1f4b9846-17f3-45ae-9a4f-8ef866a2a647,,failed,[Errno 2] No such file or directory: 'ffmpeg'
dacae308-17c3-4bb4-9a78-6b381b2e9445,,failed,[Errno 2] No such file or directory: 'ffmpeg'
96ea7c51-93d0-4d2c-98eb-64656ed5c2a0,,failed,[Errno 2] No such file or directory: 'ffmpeg'
0569b7a5-300e-4f96-93bd-23da45a575e6,,failed,[Errno 2] No such file or directory: 'ffmpeg'
9401fbd5-961f-4a89-a49b-6ac00d0c1238,,failed,[Errno 2] No such file or directory: 'ffmpeg'
2bd191eb-ec7d-46ba-99c2-92b5943e0182,,failed,[Errno 2] No such file or directory: 'ffmpeg'
bfd07136-c8e2-4180-bc01-c9b0156f706a,,failed,[Errno 2] No such file or directory: 'ffmpeg'
12e4529c-4ec5-44fb-a57c-965e25577ed8,,failed,[Errno 2] No such file or directory: 'ffmpeg'
96e567a5-0580-46f1-9536-ffe84418bc8c,,failed,[Errno 2] No such file or directory: 'ffmpeg'
acdee715-adc2-4c35-aa2d-4cffd5f11ac6,,failed,[Errno 2] No such file or directory: 'ffmpeg'
9e66ded5-8df1-434d-8fe6-c21d7b890aa5,,failed,[Errno 2] No such file or directory: 'ffmpeg'
19caecb0-c122-42a5-9451-eb56e00a3c68,,failed,[Errno 2] No such file or directory: 'ffmpeg'
f68f7c3c-6d98-4791-80a5-6891be99ebdb,,failed,[Errno 2] No such file or directory: 'ffmpeg'
bd132d4a-f6ab-4dd1-abbe-cbb2746253ab,,failed,[Errno 2] No such file or directory: 'ffmpeg'
8090cd77-888d-404d-a52b-c381fd3118f1,,failed,[Errno 2] No such file or directory: 'ffmpeg'
5c1c2ce5-5ecb-482d-9e13-7f6da26039c1,,failed,[Errno 2] No such file or directory: 'ffmpeg'
c900fbf5-67fa-4102-9f0c-82633146a96e,,failed,[Errno 2] No such file or directory: 'ffmpeg'
13d1bbfb-a058-43f1-9f15-4a34fd31db89,,failed,[Errno 2] No such file or directory: 'ffmpeg'
9a3084dd-a08c-42c5-98fe-cde18f2a8076,,failed,[Errno 2] No such file or directory: 'ffmpeg'
ab973954-81d7-4cfd-ba14-d46ab47cf710,,failed,[Errno 2] No such file or directory: 'ffmpeg'
c963b1de-3a63-4aa0-ab4c-078c7d8dd937,,failed,[Errno 2] No such file or directory: 'ffmpeg'
dbc74096-4b04-4f81-953a-5b42933e5f24,,failed,[Errno 2] No such file or directory: 'ffmpeg'
2cbbc1ad-1660-4505-8ca6-820e4ba7c6bb,,failed,[Errno 2] No such file or directory: 'ffmpeg'
fd02cb1b-1c4b-4973-8a30-64e585a7ab3c,,failed,[Errno 2] No such file or directory: 'ffmpeg'
d0bdc6a0-13ae-49fd-a198-eafad5c0c0dc,,failed,[Errno 2] No such file or directory: 'ffmpeg'
17efae0e-98e7-47fd-bf9c-41642f8b6c5e,,failed,[Errno 2] No such file or directory: 'ffmpeg'
37ebb1a3-9bc2-4286-9e26-ae8895b71f16,,failed,[Errno 2] No such file or directory: 'ffmpeg'
47ad3c7e-fdc2-439f-85fa-61901a13fd84,,failed,[Errno 2] No such file or directory: 'ffmpeg'
0a1bd514-17d5-4ee8-82e4-a6221e6a611b,,failed,[Errno 2] No such file or directory: 'ffmpeg'
6d3fb552-876d-4d2d-ba09-6132c6fb81c0,,failed,[Errno 2] No such file or directory: 'ffmpeg'
3529e73c-3eed-4ff8-bd94-9f2198504af7,,failed,[Errno 2] No such file or directory: 'ffmpeg'
331d0859-32fd-4483-a6c1-cc355c345352,,failed,[Errno 2] No such file or directory: 'ffmpeg'
d5355938-12f8-40f4-a8a4-01cefb3972b6,,failed,[Errno 2] No such file or directory: 'ffmpeg'
a185df1b-758c-47e9-a468-17cceca8ba70,,failed,[Errno 2] No such file or directory: 'ffmpeg'
913e257c-3da8-4799-8307-279184863edc,,failed,[Errno 2] No such file or directory: 'ffmpeg'
51419cfe-b4cc-494a-8ffe-891121ae2876,,failed,[Errno 2] No such file or directory: 'ffmpeg'
5be72359-6d0b-467d-9a9a-907f7ef8cb45,,failed,[Errno 2] No such file or directory: 'ffmpeg'
0cd5785c-fb53-423f-8bd6-2f0c03e649e2,,failed,[Errno 2] No such file or directory: 'ffmpeg'
bc6ab426-66bd-4b34-a4f2-7dd5b9605e23,,failed,[Errno 2] No such file or directory: 'ffmpeg'
7f66b49e-2974-49d8-a63b-70d91074601f,,failed,[Errno 2] No such file or directory: 'ffmpeg'
34d7437a-39b4-468d-93d5-a784d1ab64e6,,failed,[Errno 2] No such file or directory: 'ffmpeg'
e16b72fe-6597-4342-bac2-a55463e725fc,,failed,[Errno 2] No such file or directory: 'ffmpeg'
4a7d779b-70dd-4f02-a287-daf33eac72e4,,failed,[Errno 2] No such file or directory: 'ffmpeg'
a43f64c3-1ed9-4dc0-83e6-83b1ce348118,,failed,[Errno 2] No such file or directory: 'ffmpeg'
a9792371-5c21-4963-b4a4-762b5541bb7b,,failed,[Errno 2] No such file or directory: 'ffmpeg'
44989fb1-e5c5-4c23-8c88-8aacb86e866a,,failed,[Errno 2] No such file or directory: 'ffmpeg'
116845de-f08f-42c9-9b84-a6f2134740d6,,failed,[Errno 2] No such file or directory: 'ffmpeg'
9756c9af-3732-4669-96df-4396a35e8e16,,failed,[Errno 2] No such file or directory: 'ffmpeg'
fff0c455-2168-41f1-bea1-9b1efb495f91,,failed,[Errno 2] No such file or directory: 'ffmpeg'
c8202ade-6b04-4459-8e72-367062223825,,failed,[Errno 2] No such file or directory: 'ffmpeg'
141e06d5-a896-498b-b829-a5436ce293cc,,failed,[Errno 2] No such file or directory: 'ffmpeg'
c9f64020-6afe-4658-b1b3-cf32f105c53f,,failed,[Errno 2] No such file or directory: 'ffmpeg'
e509e610-5086-43d3-b9e1-1453ae0f679e,,failed,[Errno 2] No such file or directory: 'ffmpeg'
8e181808-0ee3-4d21-832f-30f1fcadd85d,,failed,[Errno 2] No such file or directory: 'ffmpeg'
805240ba-507c-4f78-a9a9-37581bd0947d,,failed,[Errno 2] No such file or directory: 'ffmpeg'
459a1134-68b7-41ec-a6f5-6a7beedf661d,,failed,[Errno 2] No such file or directory: 'ffmpeg'
54d9df9d-e07a-4c6e-a4da-058ab9ae939d,,failed,[Errno 2] No such file or directory: 'ffmpeg'
1e659e64-676d-4bbe-8d4c-1a332f93e74e,,failed,[Errno 2] No such file or directory: 'ffmpeg'
f01a2bdd-6844-47a0-8845-f427955660b1,,failed,[Errno 2] No such file or directory: 'ffmpeg'
d8a3e54a-03cd-48ee-93ca-bd73255cfbc9,,failed,[Errno 2] No such file or directory: 'ffmpeg'
fd45ad7f-d876-4636-b1a4-264dc7d048a2,,failed,[Errno 2] No such file or directory: 'ffmpeg'
097b0f58-1f8a-4f70-ae92-0d7d1543f424,,failed,[Errno 2] No such file or directory: 'ffmpeg'
061fd498-15cb-4147-85c1-6d3dfb4afca7,,failed,[Errno 2] No such file or directory: 'ffmpeg'
5f2b5fb9-f6f3-462f-96d1-503f6591321b,,failed,[Errno 2] No such file or directory: 'ffmpeg'
cc1256b5-9cb7-437c-8d26-a5b92b7a11b0,,failed,[Errno 2] No such file or directory: 'ffmpeg'
c2fd33df-ee01-4cd7-9998-177116e81222,,failed,[Errno 2] No such file or directory: 'ffmpeg'
12ec94be-11fd-483b-8ab1-a4cd37a4b65a,,failed,[Errno 2] No such file or directory: 'ffmpeg'
23e10af9-73ae-412a-be4b-50e0bafea9da,,failed,[Errno 2] No such file or directory: 'ffmpeg'
52935caa-75ec-4e5c-85dc-acbfb428a71d,,failed,[Errno 2] No such file or directory: 'ffmpeg'
0869fe61-9f44-4204-9344-099ddec7e4b4,,failed,[Errno 2] No such file or directory: 'ffmpeg'
a4ba49cd-8024-44c4-b007-b88e7543e3f8,,failed,[Errno 2] No such file or directory: 'ffmpeg'
4c5f28ad-505f-4317-bad2-d17bf0125ea4,,failed,[Errno 2] No such file or directory: 'ffmpeg'
70886ceb-2ea7-4e7a-97e1-6f528b2c322f,,failed,[Errno 2] No such file or directory: 'ffmpeg'
c7297fd9-8fe6-4583-8deb-36deaac0f1f0,,failed,[Errno 2] No such file or directory: 'ffmpeg'
ff394251-5e63-482d-90d0-a6a31751f6ab,,failed,[Errno 2] No such file or directory: 'ffmpeg'
08b2f379-c510-4f77-a42b-04f9c9110e8f,,failed,[Errno 2] No such file or directory: 'ffmpeg'
d656a3b0-c937-4461-bc39-458d2dc1c117,,failed,[Errno 2] No such file or directory: 'ffmpeg'
a1a025c1-07e4-495a-8973-3220be5c8c22,,failed,[Errno 2] No such file or directory: 'ffmpeg'
517453db-ad28-4c33-9198-5df2e294fd29,,failed,[Errno 2] No such file or directory: 'ffmpeg'
003fae9f-62a6-4223-9324-5c8640424789,,failed,[Errno 2] No such file or directory: 'ffmpeg'
7ef48f4e-e0d5-4ff8-8442-17fce10d0e2b,,failed,[Errno 2] No such file or directory: 'ffmpeg'
46927e4c-f354-4b86-9e92-f7582abad9a7,,failed,[Errno 2] No such file or directory: 'ffmpeg'
3b90cff6-7773-4230-bcdf-3979b2b59a72,,failed,[Errno 2] No such file or directory: 'ffmpeg'
b820a8c5-7cb1-4c2e-a02d-948bcb305fb9,,failed,[Errno 2] No such file or directory: 'ffmpeg'
971e7749-1ef2-495c-b609-e4e71f265e1e,,failed,[Errno 2] No such file or directory: 'ffmpeg'
b4789562-3414-47cc-9c10-21ad8be35164,,failed,[Errno 2] No such file or directory: 'ffmpeg'
34dc611d-0faa-437b-8de2-e253dc168a16,,failed,[Errno 2] No such file or directory: 'ffmpeg'
f5575243-b13b-409c-af07-f202f1e35508,,failed,[Errno 2] No such file or directory: 'ffmpeg'
cf151f0a-7b9f-4573-bc7e-892aa48d7899,,failed,[Errno 2] No such file or directory: 'ffmpeg'
2d9e4764-c641-4036-babc-54d17dc64253,,failed,[Errno 2] No such file or directory: 'ffmpeg'
6e867052-3a3f-4c94-945e-fd6bb986cef0,,failed,[Errno 2] No such file or directory: 'ffmpeg'
3836ad0f-511c-4cf1-980f-88a6dcf1ca8e,,failed,[Errno 2] No such file or directory: 'ffmpeg'
d9a1adc7-46b5-46b5-9d2e-3e74113f4491,,failed,[Errno 2] No such file or directory: 'ffmpeg'
c778d6e5-5293-4300-a672-53f1c0c58995,,failed,[Errno 2] No such file or directory: 'ffmpeg'
97a0c231-d6c3-4f64-83bb-82e2f31db1d5,,failed,[Errno 2] No such file or directory: 'ffmpeg'
aec3d0f1-f1f8-4b0c-b741-d85032ef0bb0,,failed,[Errno 2] No such file or directory: 'ffmpeg'
81b9ee80-8738-4427-896a-4fd463419752,,failed,[Errno 2] No such file or directory: 'ffmpeg'
e4315725-c294-4733-a786-d1e5b5586f2f,,failed,[Errno 2] No such file or directory: 'ffmpeg'
6fbcc9df-4da7-4cb9-b06b-fc38e6aab13b,,failed,[Errno 2] No such file or directory: 'ffmpeg'
7b9c5f4e-7f58-4356-b0d4-b7178ab19e21,,failed,[Errno 2] No such file or directory: 'ffmpeg'
0affabe9-ca4a-443e-b32d-8330fc68f873,,failed,[Errno 2] No such file or directory: 'ffmpeg'
0e566a72-554b-49e1-97e0-b00114aa65a9,,failed,[Errno 2] No such file or directory: 'ffmpeg'
e756f9b9-8749-499a-82c7-e9602c718f34,,failed,[Errno 2] No such file or directory: 'ffmpeg'
4a584c83-e9c1-43b5-9e2d-d71c9ebaa413,,failed,[Errno 2] No such file or directory: 'ffmpeg'
44e1a9b1-d9e7-488e-a42d-33ae1e0c5028,,failed,[Errno 2] No such file or directory: 'ffmpeg'
ddd52cf7-93f2-4004-85df-715a8ff3e067,,failed,[Errno 2] No such file or directory: 'ffmpeg'
69c0c326-00c7-4af0-8257-10dd519dbfd1,,failed,[Errno 2] No such file or directory: 'ffmpeg'
56626c00-6a36-4088-956b-8d3f6abb738f,,failed,[Errno 2] No such file or directory: 'ffmpeg'
f65a0da5-8a28-4237-a6b4-2935f734b967,,failed,[Errno 2] No such file or directory: 'ffmpeg'
d23191c0-8708-491b-a36d-71a8b3d01783,,failed,[Errno 2] No such file or directory: 'ffmpeg'
e8758932-d113-41eb-b9d4-b6602f3b4486,,failed,[Errno 2] No such file or directory: 'ffmpeg'
b32cc661-9c4f-49fa-8d30-2489ee8e6a4b,,failed,[Errno 2] No such file or directory: 'ffmpeg'
4901eacb-5466-4419-a391-134b44ed8f92,,failed,[Errno 2] No such file or directory: 'ffmpeg'
6d3ce9ab-1b4c-44a4-8adc-b58bc257ddf0,,failed,[Errno 2] No such file or directory: 'ffmpeg'
c596bde2-b5b2-40e9-89dc-f3b5b2cbf72b,,failed,[Errno 2] No such file or directory: 'ffmpeg'
3d0f52c9-c9a3-4e2f-ac11-c0013b3a0625,,failed,[Errno 2] No such file or directory: 'ffmpeg'
445a916a-2c6c-460a-bd11-7a1382bbcd5c,,failed,[Errno 2] No such file or directory: 'ffmpeg'
6f8b7265-ad8b-4d65-991a-fe3e08c8e55d,,failed,[Errno 2] No such file or directory: 'ffmpeg'
4abcf644-2081-4434-962b-1a72a17596fa,,failed,[Errno 2] No such file or directory: 'ffmpeg'
150ba1bf-3cda-4ff6-8021-ab922e0e0dee,,failed,[Errno 2] No such file or directory: 'ffmpeg'
f0f6b390-8d03-4824-b32c-615dc6d09576,,failed,[Errno 2] No such file or directory: 'ffmpeg'
398f680a-5972-4c61-8d6d-d18d224fded1,,failed,[Errno 2] No such file or directory: 'ffmpeg'
882b32ad-2f55-4618-b5e8-ff62d32d7040,,failed,[Errno 2] No such file or directory: 'ffmpeg'
a86f358f-cc27-4ef1-b5e2-233aeaeeffed,,failed,[Errno 2] No such file or directory: 'ffmpeg'
9c9225fa-a60b-4a6c-b35f-96bc6c0114f6,,failed,[Errno 2] No such file or directory: 'ffmpeg'
ec8010a7-b3e8-476a-a097-e8571c560b04,,failed,[Errno 2] No such file or directory: 'ffmpeg'
69dcb31c-887a-4a67-aba2-171cb3df8d6c,,failed,[Errno 2] No such file or directory: 'ffmpeg'
d56d13c1-3027-4d2e-8a0b-f280b2e74948,,failed,[Errno 2] No such file or directory: 'ffmpeg'
2ccd54bf-3fae-4784-8ba6-b8d1fca9d30d,,failed,[Errno 2] No such file or directory: 'ffmpeg'
c2a0f3f0-db89-4a76-9f67-3c7ca5b35a28,,failed,[Errno 2] No such file or directory: 'ffmpeg'
d5f484b0-c10f-4309-8220-5ffd9fa76d78,,failed,[Errno 2] No such file or directory: 'ffmpeg'
d728142d-3b61-47aa-a916-f4b3bf50d179,,failed,[Errno 2] No such file or directory: 'ffmpeg'
2439007b-e4ac-4b90-9a0f-adf7c107043e,,failed,[Errno 2] No such file or directory: 'ffmpeg'
a20c3b68-734f-493f-82f6-0ab0e407ce5e,,failed,[Errno 2] No such file or directory: 'ffmpeg'
e1fbcfda-63d3-447d-bfad-67d00b7112da,,failed,[Errno 2] No such file or directory: 'ffmpeg'
31808b38-249e-4d3a-bd6c-838a09cd9108,,failed,[Errno 2] No such file or directory: 'ffmpeg'
7a41628d-f935-46ac-b204-b70a915419cc,,failed,[Errno 2] No such file or directory: 'ffmpeg'
d77d6fe2-22b0-4d5b-a486-0c5b7f91fba0,,failed,[Errno 2] No such file or directory: 'ffmpeg'
884449c5-b7c0-4803-a1af-6157180fc032,,failed,[Errno 2] No such file or directory: 'ffmpeg'
be1f2c37-1659-4aed-b5ea-b7442cc2aedb,,failed,[Errno 2] No such file or directory: 'ffmpeg'
9f871729-1daf-4d0e-bedf-35a10cc2cb84,,failed,[Errno 2] No such file or directory: 'ffmpeg'
6d6c4e2a-951a-4adf-bfda-ea763381c089,,failed,[Errno 2] No such file or directory: 'ffmpeg'
58d33a48-ec5e-443e-8d72-d6b1ca5977ab,,failed,[Errno 2] No such file or directory: 'ffmpeg'
305351d5-a949-41d9-9f4c-754f70728894,,failed,[Errno 2] No such file or directory: 'ffmpeg'
d870dea5-e724-42cf-9670-85243108b66f,,failed,[Errno 2] No such file or directory: 'ffmpeg'
9ced19fa-63db-4a90-8ae7-9a45598af8a6,,failed,[Errno 2] No such file or directory: 'ffmpeg'
9679f3d9-7b17-4c52-92e7-3a92430a2f15,,failed,[Errno 2] No such file or directory: 'ffmpeg'
a239ac59-3b2d-4fa1-9ffc-0063adc8a32f,,failed,[Errno 2] No such file or directory: 'ffmpeg'
c82ee9df-cb1f-4e47-9672-0cf847336c29,,failed,[Errno 2] No such file or directory: 'ffmpeg'
83cee48f-e55c-49aa-afd2-d10a504176d9,,failed,[Errno 2] No such file or directory: 'ffmpeg'
d5f237fa-be55-4122-9a13-34f621ed0229,,failed,[Errno 2] No such file or directory: 'ffmpeg'
b18db48e-bf28-4838-9b3a-05c6e5b97f51,,failed,[Errno 2] No such file or directory: 'ffmpeg'
8b0a04d6-9dc9-4332-8d36-be91a43dd1ea,,failed,[Errno 2] No such file or directory: 'ffmpeg'
9ed797b4-575c-4a49-9f54-6df1e14b6475,,failed,[Errno 2] No such file or directory: 'ffmpeg'
bf71e53c-84b9-4d6d-ab05-ea0bd622822b,,failed,[Errno 2] No such file or directory: 'ffmpeg'
16d0ffe2-c766-4690-a3a1-5a3853a0924a,,failed,[Errno 2] No such file or directory: 'ffmpeg'
68e981e0-c0e7-4d00-ab5c-9230bcff1157,,failed,[Errno 2] No such file or directory: 'ffmpeg'
a97fe7d0-473a-4ad3-8992-25e7f39e3786,,failed,[Errno 2] No such file or directory: 'ffmpeg'
9da8b67b-d569-4903-b366-f73bb08d6fa4,,failed,[Errno 2] No such file or directory: 'ffmpeg'
3c7177c6-0486-4a3a-8f30-19ec81980f21,,failed,[Errno 2] No such file or directory: 'ffmpeg'
6863d606-a6e1-4a70-939f-2a4f5285b5d1,,failed,[Errno 2] No such file or directory: 'ffmpeg'
89799947-fff0-4ba6-ae3f-2ac336de4323,,failed,[Errno 2] No such file or directory: 'ffmpeg'
4859ab0f-1f74-40d7-8932-aa02777d50f9,,failed,[Errno 2] No such file or directory: 'ffmpeg'
b011d308-2b2d-4376-b44b-a35232145996,,failed,[Errno 2] No such file or directory: 'ffmpeg'
3358750c-90ec-4654-82b8-78939dfe38ef,,failed,[Errno 2] No such file or directory: 'ffmpeg'
7f0d7409-b9eb-49c9-afbe-720d947472bb,,failed,[Errno 2] No such file or directory: 'ffmpeg'
9e291300-4bb0-49b6-a02d-5b26af6e4831,,failed,[Errno 2] No such file or directory: 'ffmpeg'
7df89932-ce22-4440-870e-27e6d9298677,,failed,[Errno 2] No such file or directory: 'ffmpeg'
dcc25b6b-8db4-4e39-8cc1-6562c5ea0c83,,failed,[Errno 2] No such file or directory: 'ffmpeg'
9e57ea75-7cf1-4db0-9658-c57ae2ca1614,,failed,[Errno 2] No such file or directory: 'ffmpeg'
dc3e89dd-f472-457e-b100-4ea852db4349,,failed,[Errno 2] No such file or directory: 'ffmpeg'
f45a7cab-5a80-4906-b97e-ab2f92870e60,,failed,[Errno 2] No such file or directory: 'ffmpeg'
63b19aad-b7a2-454b-998f-141c25cad653,,failed,[Errno 2] No such file or directory: 'ffmpeg'
07cae35a-e80c-48e6-993d-9e5dca6ebccf,,failed,[Errno 2] No such file or directory: 'ffmpeg'
d6dff90c-0add-4c5b-92f9-5ee131bf513a,,failed,[Errno 2] No such file or directory: 'ffmpeg'
f1fb11f7-1b06-4cf9-98e0-5ad6e4d40641,,failed,[Errno 2] No such file or directory: 'ffmpeg'
6b9d00b1-940e-4771-89d6-ffb9a718a930,,failed,[Errno 2] No such file or directory: 'ffmpeg'
ac85aa7b-07c4-49e5-942b-ac78ae3881a1,,failed,[Errno 2] No such file or directory: 'ffmpeg'
438a64fc-897d-4fbd-90dd-3b8e69b6e8ba,,failed,[Errno 2] No such file or directory: 'ffmpeg'
e40a4cd2-1600-4ce0-9b50-8e2d686100eb,,failed,[Errno 2] No such file or directory: 'ffmpeg'
8fe4452e-3324-4f3a-bd40-dc372ff6ef9f,,failed,[Errno 2] No such file or directory: 'ffmpeg'
1d051a15-3f0d-4c4c-b32a-c7308970730a,,failed,[Errno 2] No such file or directory: 'ffmpeg'
4297e2be-ea55-4520-91de-cfc8be2a215f,,failed,[Errno 2] No such file or directory: 'ffmpeg'
bc0519ea-83c8-44f9-8c2c-e76c1f11c16d,,failed,[Errno 2] No such file or directory: 'ffmpeg'
9b7c61d0-8759-41ea-907a-d7f07a081814,,failed,[Errno 2] No such file or directory: 'ffmpeg'
9b3e808a-2a58-493b-acb2-0a45c5f6a342,,failed,[Errno 2] No such file or directory: 'ffmpeg'
140876be-82c9-4bb4-bf8d-328e490623b0,,failed,[Errno 2] No such file or directory: 'ffmpeg'
20b64647-1d33-4b83-81dc-42846dffcf85,,failed,[Errno 2] No such file or directory: 'ffmpeg'
b6022855-e52d-4602-bd6d-83f5ea1760eb,,failed,[Errno 2] No such file or directory: 'ffmpeg'
19f8f863-0ec6-477f-b285-2e273b2b88b6,,failed,[Errno 2] No such file or directory: 'ffmpeg'
9aa65a96-fe80-4db3-884f-37d5b88ee488,,failed,[Errno 2] No such file or directory: 'ffmpeg'
663f7314-1470-446a-880b-42a7c4dc7ef2,,failed,[Errno 2] No such file or directory: 'ffmpeg'
b3004af9-cf45-400d-a051-edf71a6a1c6a,,failed,[Errno 2] No such file or directory: 'ffmpeg'
627ad16f-751b-4b79-a85c-ff4d6b960182,,failed,[Errno 2] No such file or directory: 'ffmpeg'
04635ba5-8979-48aa-ba24-688f82886ab5,,failed,[Errno 2] No such file or directory: 'ffmpeg'
73e7d753-e594-4611-8d73-2317384d716c,,failed,[Errno 2] No such file or directory: 'ffmpeg'
83ca6d97-8bb1-4e60-86ca-3f8b2f0e8ffc,,failed,[Errno 2] No such file or directory: 'ffmpeg'
205188cf-0524-4fa1-9087-33925da82c1c,,failed,[Errno 2] No such file or directory: 'ffmpeg'
adae4c3f-1fd6-49c4-a0a4-a877cd61e216,,failed,[Errno 2] No such file or directory: 'ffmpeg'
56309753-fb63-4aa4-9989-7e09407a059a,,failed,[Errno 2] No such file or directory: 'ffmpeg'
687347d1-f622-4251-9341-2b05cdfcc73f,,failed,[Errno 2] No such file or directory: 'ffmpeg'
47910e20-235b-437c-a648-d6ec448f9a95,,failed,[Errno 2] No such file or directory: 'ffmpeg'
dfb7bd0a-30d7-4910-804e-a1a91ea0a028,,failed,[Errno 2] No such file or directory: 'ffmpeg'
380d78ef-ce65-451b-aa8f-78775add9c58,,failed,[Errno 2] No such file or directory: 'ffmpeg'
73868de7-779e-4835-a82a-d482a93f1e76,,failed,[Errno 2] No such file or directory: 'ffmpeg'
ba304e58-2f05-42c5-96db-4d10908df0d1,,failed,[Errno 2] No such file or directory: 'ffmpeg'
9df22668-ef69-433c-be6f-66f62e5b0362,,failed,[Errno 2] No such file or directory: 'ffmpeg'
61ac6c1e-5bb8-458d-8aaa-7fa9dfee7584,,failed,[Errno 2] No such file or directory: 'ffmpeg'
1f6f4500-bca5-4c41-9d42-1858abf13a0e,,failed,[Errno 2] No such file or directory: 'ffmpeg'
0ea80f2f-afbe-4bad-9268-562a02b161ce,,failed,[Errno 2] No such file or directory: 'ffmpeg'
72bbe472-a212-49d5-ab23-fd222b29bd70,,failed,[Errno 2] No such file or directory: 'ffmpeg'
fb256675-3787-46c6-b8ad-48c77d95ab40,,failed,[Errno 2] No such file or directory: 'ffmpeg'
4d3905dd-9eda-4e11-9d6b-2427001d8e90,,failed,[Errno 2] No such file or directory: 'ffmpeg'
e1e721f2-8cd5-4d69-a33f-375d19972517,,failed,[Errno 2] No such file or directory: 'ffmpeg'
a1ee912d-6e3c-4ce3-b485-19736c8acfdf,,failed,[Errno 2] No such file or directory: 'ffmpeg'
0dfb5835-e5e2-4763-a1dc-5fc9208a264c,,failed,[Errno 2] No such file or directory: 'ffmpeg'
a5a88732-6d09-4220-88e4-b70e9116a826,,failed,[Errno 2] No such file or directory: 'ffmpeg'
67455b74-83cb-4bfb-80b7-a6bbc7a6db78,,failed,[Errno 2] No such file or directory: 'ffmpeg'
527dffe8-8c53-4807-8bb7-677f431d5e24,,failed,[Errno 2] No such file or directory: 'ffmpeg'
1e807ed0-89d4-4c96-acf5-0ce69de9dbc5,,failed,[Errno 2] No such file or directory: 'ffmpeg'
55231fa1-0623-44d5-a1bf-0fa55c9d74ec,,failed,[Errno 2] No such file or directory: 'ffmpeg'
8948c77f-ae49-41bc-9b60-86d200d11e58,,failed,[Errno 2] No such file or directory: 'ffmpeg'
4e222e41-6063-422e-8a68-9fdecbf5d62f,,failed,[Errno 2] No such file or directory: 'ffmpeg'
e3aacfa6-148b-4d3d-8815-5462cb96466c,,failed,[Errno 2] No such file or directory: 'ffmpeg'
38c47d81-1f6f-4b6c-8421-14d7d6973fd5,,failed,[Errno 2] No such file or directory: 'ffmpeg'
75303f07-4b3c-4e6a-92ca-ea3f1ec200e3,,failed,[Errno 2] No such file or directory: 'ffmpeg'
4076bc2b-de86-46b5-a999-30fde44da5a1,,failed,[Errno 2] No such file or directory: 'ffmpeg'
2d1f212d-5d3b-4090-babd-371ca9b340b1,,failed,[Errno 2] No such file or directory: 'ffmpeg'
c513df96-60ce-4a7f-a010-cd1cbdf290f9,,failed,[Errno 2] No such file or directory: 'ffmpeg'
9a1f56ce-d03a-49be-8050-2c71cd629169,,failed,[Errno 2] No such file or directory: 'ffmpeg'
ae5e7c52-4100-4fb4-9206-4d0345c95453,,failed,[Errno 2] No such file or directory: 'ffmpeg'
54f813a0-431f-4927-9596-6fda018cb274,,failed,[Errno 2] No such file or directory: 'ffmpeg'
8d063d18-9671-4131-9976-a0038c1b0ccc,,failed,[Errno 2] No such file or directory: 'ffmpeg'
9119b1a2-1188-4302-b843-b98195bbf091,,failed,[Errno 2] No such file or directory: 'ffmpeg'
be66dd33-b582-441f-a7f5-598bffe704e3,,failed,[Errno 2] No such file or directory: 'ffmpeg'
77e872da-092a-456b-a973-fb3e549d5600,,failed,[Errno 2] No such file or directory: 'ffmpeg'
62de2d9a-203e-455c-8064-c7dac5bdf2e6,,failed,[Errno 2] No such file or directory: 'ffmpeg'
a1b986db-03e1-46d3-a56c-3c1eaeeb8c8f,,failed,[Errno 2] No such file or directory: 'ffmpeg'
4918547b-3ad6-4129-aa1e-966893f9118f,,failed,[Errno 2] No such file or directory: 'ffmpeg'
7a7919f7-ff5f-4e6a-87a6-9246b6afde34,,failed,[Errno 2] No such file or directory: 'ffmpeg'
2d4c58fe-0b04-4b69-baae-6991f6439a15,,failed,[Errno 2] No such file or directory: 'ffmpeg'
b649ca9f-a205-4e10-b10e-14907e14f8dc,,failed,[Errno 2] No such file or directory: 'ffmpeg'
18b68fa7-e990-4da4-9b48-200c1587a21f,,failed,[Errno 2] No such file or directory: 'ffmpeg'
e7439794-91bd-4237-84ba-dda69a03d1d4,,failed,[Errno 2] No such file or directory: 'ffmpeg'
742258f2-6410-4a97-887b-1de1cd549943,,failed,[Errno 2] No such file or directory: 'ffmpeg'
2c1ec22b-c116-401c-9c3a-99c79e04f8db,,failed,[Errno 2] No such file or directory: 'ffmpeg'
77cad9e1-da40-451e-b6a3-c9f6fafc8219,,failed,[Errno 2] No such file or directory: 'ffmpeg'
cfea4a36-62d4-414a-a31c-0f975348dc87,,failed,[Errno 2] No such file or directory: 'ffmpeg'
b7c6c98a-e662-4258-b55b-7cc806cd1d16,,failed,[Errno 2] No such file or directory: 'ffmpeg'
5d330bae-43d4-4bbd-b331-a72574fef96a,,failed,[Errno 2] No such file or directory: 'ffmpeg'
89606229-fd3e-4e42-91f8-b79a46cb4e56,,failed,[Errno 2] No such file or directory: 'ffmpeg'
10a80a93-3b69-48f7-9281-b61271f6edbb,,failed,[Errno 2] No such file or directory: 'ffmpeg'
cb44b2ec-d38a-4556-8ee3-333c5e16b1a1,,failed,[Errno 2] No such file or directory: 'ffmpeg'
6cc4b66c-4bea-4fd4-9381-61d35e60c3ff,,failed,[Errno 2] No such file or directory: 'ffmpeg'
a1b22cfa-5a26-48a0-9a0f-e6b5187e4b62,,failed,[Errno 2] No such file or directory: 'ffmpeg'
b2e7880f-0d30-4d20-b0f8-b4ba1073c4d0,,failed,[Errno 2] No such file or directory: 'ffmpeg'
f030be94-a5e0-445d-88a3-b0868e2cac98,,failed,[Errno 2] No such file or directory: 'ffmpeg'
eb66e420-0149-4456-b2af-86a3d653b0bd,,failed,[Errno 2] No such file or directory: 'ffmpeg'
3ea6d1c5-ebbe-42ce-ae74-22db13308353,,failed,[Errno 2] No such file or directory: 'ffmpeg'
0f824c68-2899-43af-9642-97ef60f48dab,,failed,[Errno 2] No such file or directory: 'ffmpeg'
22d3f820-5395-45ec-a2dc-61f64b641f92,,failed,[Errno 2] No such file or directory: 'ffmpeg'
68524fc4-bc5a-4c7f-864a-62826091fd0f,,failed,[Errno 2] No such file or directory: 'ffmpeg'
01b1b1b8-5b1e-48bb-b543-3e4455eb84f5,,failed,[Errno 2] No such file or directory: 'ffmpeg'
c1958914-ce12-4905-a12f-3b02cf5d4602,,failed,[Errno 2] No such file or directory: 'ffmpeg'
3f7220d5-2e44-46e1-906a-ead467846d98,,failed,[Errno 2] No such file or directory: 'ffmpeg'
94843987-ebde-4965-9b9a-05f3fa634428,,failed,[Errno 2] No such file or directory: 'ffmpeg'
32c1573a-996f-4f54-9bb5-f0589e1aab77,,failed,[Errno 2] No such file or directory: 'ffmpeg'
ea9eaa5d-d814-4816-8a19-58051f9c6280,,failed,[Errno 2] No such file or directory: 'ffmpeg'
1af5e753-d4ad-43d1-9a6d-536b4ef12b87,,failed,[Errno 2] No such file or directory: 'ffmpeg'
0124d6ac-f502-427c-acef-a7ac78be6473,,failed,[Errno 2] No such file or directory: 'ffmpeg'
9ba826d4-e9c5-4f12-98d0-cc918796a2cf,,failed,[Errno 2] No such file or directory: 'ffmpeg'
b14f878b-3dc6-461a-936b-f0bdf477cfc7,,failed,[Errno 2] No such file or directory: 'ffmpeg'
d7e26d92-e27a-48cb-a813-e16cbc1ca76a,,failed,[Errno 2] No such file or directory: 'ffmpeg'
c11fd903-b262-4c9e-84e4-febc74fec336,,failed,[Errno 2] No such file or directory: 'ffmpeg'
24c184a5-e308-46ae-8737-7a9b5e7eaa81,,failed,[Errno 2] No such file or directory: 'ffmpeg'
3f8b62c4-670b-4c1e-a56c-2c99f139dc56,,failed,[Errno 2] No such file or directory: 'ffmpeg'
3127868c-0f6a-4d8d-8f21-fa2937819b92,,failed,[Errno 2] No such file or directory: 'ffmpeg'
9716fcce-1038-4b15-9023-f08e286d34ff,,failed,[Errno 2] No such file or directory: 'ffmpeg'
f149f8ba-2d1a-40fb-a342-4dfa27a2ce77,,failed,[Errno 2] No such file or directory: 'ffmpeg'
5836eaa9-f5aa-4e5c-beaf-6fe139e164ad,,failed,[Errno 2] No such file or directory: 'ffmpeg'
c2a83f1d-16f9-4edb-b335-942f12361288,,failed,[Errno 2] No such file or directory: 'ffmpeg'
0a47d1e9-1b78-417a-bbd8-107eebadaf2b,,failed,[Errno 2] No such file or directory: 'ffmpeg'
c0f62a23-9fbe-41b7-a0c1-8fca76cde5c8,,failed,[Errno 2] No such file or directory: 'ffmpeg'
fe087074-0d64-4a3a-9590-305c6053e8cb,,failed,[Errno 2] No such file or directory: 'ffmpeg'
0dacba5d-c22f-4949-be8d-9534b2905e31,,failed,[Errno 2] No such file or directory: 'ffmpeg'
498baec8-4355-48b2-9c2d-4cd19dd0e8fd,,failed,[Errno 2] No such file or directory: 'ffmpeg'
782a3f56-c0f6-419b-b657-4809fdec4f32,,failed,[Errno 2] No such file or directory: 'ffmpeg'
e0c9c40b-748e-4f11-8526-f5bf30d55d51,,failed,[Errno 2] No such file or directory: 'ffmpeg'
ffdfef70-2646-4b5d-89fc-6ecbb75588cb,,failed,[Errno 2] No such file or directory: 'ffmpeg'
05dd38d2-0577-4fc1-8cfd-34d137508541,,failed,[Errno 2] No such file or directory: 'ffmpeg'
94bd4cce-6efa-46a5-9bc2-e952e9d01488,,failed,[Errno 2] No such file or directory: 'ffmpeg'
23aca262-8677-4dff-aa4b-b559c0a76333,,failed,[Errno 2] No such file or directory: 'ffmpeg'
bf84e8a8-64d7-4f4b-8e4b-fae9524cc846,,failed,[Errno 2] No such file or directory: 'ffmpeg'
1f32f452-4623-4b10-ae16-6a341c7babe5,,failed,[Errno 2] No such file or directory: 'ffmpeg'
6cf08f60-84bf-479a-9eba-d1c34ba57f43,,failed,[Errno 2] No such file or directory: 'ffmpeg'
8152ee35-fcf2-4af0-9a2c-106dd8e264a2,,failed,[Errno 2] No such file or directory: 'ffmpeg'
63273dff-fbf2-45c8-b16c-53c6b218a727,,failed,[Errno 2] No such file or directory: 'ffmpeg'
68b72ebe-c28f-4c71-8627-c154f187aecb,,failed,[Errno 2] No such file or directory: 'ffmpeg'
a9b47478-1dad-46f7-a22e-fd532c75cc2e,,failed,[Errno 2] No such file or directory: 'ffmpeg'
c8411a9b-cce7-4678-acc5-c9cb3d4aeb18,,failed,[Errno 2] No such file or directory: 'ffmpeg'
6d60c0b3-ddb3-4a40-b6c5-cce330d02531,,failed,[Errno 2] No such file or directory: 'ffmpeg'
069523d0-52da-43a3-a108-5d923912dc85,,failed,[Errno 2] No such file or directory: 'ffmpeg'
00c1957b-e0ab-4f5a-b30d-eb80a50234c8,,failed,[Errno 2] No such file or directory: 'ffmpeg'
301f8d99-43b1-425f-b71d-957c4e531a6a,,failed,[Errno 2] No such file or directory: 'ffmpeg'
a6803389-2b0a-4e09-a972-ccd460162597,,failed,[Errno 2] No such file or directory: 'ffmpeg'
f26bb337-ba4b-4738-a24f-b2371ae3e046,,failed,[Errno 2] No such file or directory: 'ffmpeg'
28c12b42-7b24-4dc4-a748-9ac8c08fd40d,,failed,[Errno 2] No such file or directory: 'ffmpeg'
307c52c1-685f-4db3-bebd-a331237eeb8e,,failed,[Errno 2] No such file or directory: 'ffmpeg'
35f731f7-d5d5-4623-a0cb-f6f9bebc7f48,,failed,[Errno 2] No such file or directory: 'ffmpeg'
d43c0955-202f-4cdb-80cc-680ca5cc6788,,failed,[Errno 2] No such file or directory: 'ffmpeg'
afadd849-0a54-47eb-b1eb-6679218fb772,,failed,[Errno 2] No such file or directory: 'ffmpeg'
50e953ae-c98e-464d-8c5f-e1c54e40c795,,failed,[Errno 2] No such file or directory: 'ffmpeg'
0488114e-dc5d-4aac-9dbb-82bff1a614df,,failed,[Errno 2] No such file or directory: 'ffmpeg'
bcd0e504-4514-48f8-a736-9eb150d46120,,failed,[Errno 2] No such file or directory: 'ffmpeg'
570c953a-f5e5-4886-bafa-c4e7d3768ba5,,failed,[Errno 2] No such file or directory: 'ffmpeg'
0cf7241f-5776-4641-862e-f92018323111,,failed,[Errno 2] No such file or directory: 'ffmpeg'
72f1b7ec-5ab3-4ef8-98fe-caee8c0e42d3,,failed,[Errno 2] No such file or directory: 'ffmpeg'
8c656061-349d-4ace-9d23-f5600b82ea00,,failed,[Errno 2] No such file or directory: 'ffmpeg'
ad26132a-4c2e-412e-bf91-8e5f2c237b4c,,failed,[Errno 2] No such file or directory: 'ffmpeg'
ccbb32b7-56de-4c64-8106-4a077ac3ed5a,,failed,[Errno 2] No such file or directory: 'ffmpeg'
dd7738a0-e8ca-4961-9688-ae26f085d59d,,failed,[Errno 2] No such file or directory: 'ffmpeg'
bb55a2c5-3f47-4082-a288-624f553221bf,,failed,[Errno 2] No such file or directory: 'ffmpeg'
d1bb8122-8c29-41cc-9393-363901861b39,,failed,[Errno 2] No such file or directory: 'ffmpeg'
30243414-54ad-4c5d-9314-80f7dbeb7b5e,,failed,[Errno 2] No such file or directory: 'ffmpeg'
3bbc53ce-c712-4f0b-ac02-40fe6e04d790,,failed,[Errno 2] No such file or directory: 'ffmpeg'
d5b3f753-cb1a-4a20-b716-24f948ea0936,,failed,[Errno 2] No such file or directory: 'ffmpeg'
3e196e2e-5782-4e65-b895-32cfec240b31,,failed,[Errno 2] No such file or directory: 'ffmpeg'
2eca893a-1c96-44eb-8a30-080061c3f36a,,failed,[Errno 2] No such file or directory: 'ffmpeg'
05451f45-ae9f-4a9b-9afd-9621d4eadc9b,,failed,[Errno 2] No such file or directory: 'ffmpeg'
f7cbed28-65fd-4975-9d88-0156b98fe5f0,,failed,[Errno 2] No such file or directory: 'ffmpeg'
493e948b-8475-42d7-baca-bfb2a10f3a67,,failed,[Errno 2] No such file or directory: 'ffmpeg'
0d72ff42-8740-4f1d-97e4-a01cfc428ed2,,failed,[Errno 2] No such file or directory: 'ffmpeg'
3ec8a0db-e17a-4dfd-b974-d69d53d1ead1,,failed,[Errno 2] No such file or directory: 'ffmpeg'
9b8e149d-36de-4d18-b399-71891950ed9c,,failed,[Errno 2] No such file or directory: 'ffmpeg'
ba897de2-d144-4f6a-ad40-f9956409cc8d,,failed,[Errno 2] No such file or directory: 'ffmpeg'
a7f9c8db-7e69-47e7-b5b4-01b5e642041e,,failed,[Errno 2] No such file or directory: 'ffmpeg'
62a519b6-abe3-4b2d-8324-78b11c83ff89,,failed,[Errno 2] No such file or directory: 'ffmpeg'
06dd5135-8eed-48db-a045-b4814c18fe54,,failed,[Errno 2] No such file or directory: 'ffmpeg'
d2bd44d1-11fd-4899-81ad-943f82bb5d3b,,failed,[Errno 2] No such file or directory: 'ffmpeg'
aec8dea7-7b42-42c0-a2fb-9a67f5ded003,,failed,[Errno 2] No such file or directory: 'ffmpeg'
0eb09497-efd5-4789-87c9-382096bd6d7d,,failed,[Errno 2] No such file or directory: 'ffmpeg'
83014fb9-c4b3-44ab-b961-637dcd112148,,failed,[Errno 2] No such file or directory: 'ffmpeg'
fb770f02-8d44-4f2d-9a4c-e32f1fe4370a,,failed,[Errno 2] No such file or directory: 'ffmpeg'
7eaea9d6-7226-4992-b610-0e55ac80adaa,,failed,[Errno 2] No such file or directory: 'ffmpeg'
1d6ecc20-1fb4-4d8d-9fb1-9e41f398f344,,failed,[Errno 2] No such file or directory: 'ffmpeg'
ac6f7d9e-61bc-40e3-a165-48d87772143d,,failed,[Errno 2] No such file or directory: 'ffmpeg'
cd0f2c91-d0e2-43ed-b138-47b6429e2829,,failed,[Errno 2] No such file or directory: 'ffmpeg'
0c9cf2fa-ab50-47a4-847d-58c2416ff310,,failed,[Errno 2] No such file or directory: 'ffmpeg'
a4e68816-eab8-4756-87b6-61ad2582930a,,failed,[Errno 2] No such file or directory: 'ffmpeg'
cdbe21f8-af29-4ee2-a58d-c65d5edbd7f3,,failed,[Errno 2] No such file or directory: 'ffmpeg'
a2c9f22e-73b3-409b-a108-cfb9cba8f2f1,,failed,[Errno 2] No such file or directory: 'ffmpeg'
42c2ed7a-4ef5-4997-b655-fcf8af1f20af,,failed,[Errno 2] No such file or directory: 'ffmpeg'
7bec674a-cec4-49fb-a49e-9c351e7a55cf,,failed,[Errno 2] No such file or directory: 'ffmpeg'
122a2b5d-3459-4f4a-9e70-1694c0cc2418,,failed,[Errno 2] No such file or directory: 'ffmpeg'
130b7a4f-082f-4ce7-aac0-59508ecf7ae5,,failed,[Errno 2] No such file or directory: 'ffmpeg'
ba447eed-aec9-4045-a99c-ea606750211b,,failed,[Errno 2] No such file or directory: 'ffmpeg'
59c05727-9a4c-4bb7-936c-f8db0649fecf,,failed,[Errno 2] No such file or directory: 'ffmpeg'
9133c92f-9204-488c-b49b-00c683e211b5,,failed,[Errno 2] No such file or directory: 'ffmpeg'
c571ce3d-745b-4eb8-a7ea-f8414a8d06ce,,failed,[Errno 2] No such file or directory: 'ffmpeg'
ab3b9413-f6ec-4263-ac3c-ca40ee820d12,,failed,[Errno 2] No such file or directory: 'ffmpeg'
79e929cd-3fae-414f-b10f-f49e6a6b5b33,,failed,[Errno 2] No such file or directory: 'ffmpeg'
a0118835-825b-44af-b2a8-a8cd9092406d,,failed,[Errno 2] No such file or directory: 'ffmpeg'
76377f55-4ff6-4c3a-a1f2-56ccea2b6f1e,,failed,[Errno 2] No such file or directory: 'ffmpeg'
124949f0-7824-46b7-9e65-892e56e91e2b,,failed,[Errno 2] No such file or directory: 'ffmpeg'
916f0507-c9ad-4516-883c-688fa5349f4d,,failed,[Errno 2] No such file or directory: 'ffmpeg'
7ec93562-a960-4154-be69-952fc60f5d84,,failed,[Errno 2] No such file or directory: 'ffmpeg'
73463d61-dba7-4c02-bfac-44bd6facd502,,failed,[Errno 2] No such file or directory: 'ffmpeg'
e30123cb-668d-426c-a56f-7adeb89627f5,,failed,[Errno 2] No such file or directory: 'ffmpeg'
b802fbf4-eaf5-41b7-a401-334725796879,,failed,[Errno 2] No such file or directory: 'ffmpeg'
2981bc78-3cec-46cd-8b89-c3d3b05017ce,,failed,[Errno 2] No such file or directory: 'ffmpeg'
f9367b71-8de7-4de7-b5df-901e2d470bae,,failed,[Errno 2] No such file or directory: 'ffmpeg'
8c8d4ad7-5b56-49cf-b9e6-6121cf1b6bff,,failed,[Errno 2] No such file or directory: 'ffmpeg'
ad17ca80-2912-4a8e-b0e1-035d9cfb259f,,failed,[Errno 2] No such file or directory: 'ffmpeg'
4d0cc5ba-ea2f-4d66-bd78-922101989a8c,,failed,[Errno 2] No such file or directory: 'ffmpeg'
10bfef5a-0b43-4c80-a996-fc8e2f7f560a,,failed,[Errno 2] No such file or directory: 'ffmpeg'
3a518307-d0cf-470f-a10a-76dddc2fe148,,failed,[Errno 2] No such file or directory: 'ffmpeg'
077d4bca-1c57-4e8b-813f-69125c61b252,,failed,[Errno 2] No such file or directory: 'ffmpeg'
12202b75-d7aa-48a1-ae78-4a261133d935,,failed,[Errno 2] No such file or directory: 'ffmpeg'
725a5d64-daac-448e-929a-82abb7e6a483,,failed,[Errno 2] No such file or directory: 'ffmpeg'
bae54070-842f-4bd8-8464-c98f8c81e994,,failed,[Errno 2] No such file or directory: 'ffmpeg'
665883dc-60f2-4122-b1be-f7d0e83b8038,,failed,[Errno 2] No such file or directory: 'ffmpeg'
de16d405-5013-493a-85d7-79c336a6adfd,,failed,[Errno 2] No such file or directory: 'ffmpeg'
ab970724-d4c9-4c95-a1ca-3ed0d9dbb553,,failed,[Errno 2] No such file or directory: 'ffmpeg'
0c1ca9db-d798-4cd7-b3e9-969a5524189f,,failed,[Errno 2] No such file or directory: 'ffmpeg'
fcb9ecdf-6870-49ea-972a-97d812a055e0,,failed,[Errno 2] No such file or directory: 'ffmpeg'
79ba124e-ae6c-441c-884f-8ed0990e3668,,failed,[Errno 2] No such file or directory: 'ffmpeg'
e12c661b-069d-4e66-b296-e2261bb63e61,,failed,[Errno 2] No such file or directory: 'ffmpeg'
4255d53e-08ac-4099-a4fb-cdec7cb13e5e,,failed,[Errno 2] No such file or directory: 'ffmpeg'
cce5c96c-19a3-4e11-b8da-28952f341ade,,failed,[Errno 2] No such file or directory: 'ffmpeg'
1eed22ea-293a-4731-be96-0638c351e7b1,,failed,[Errno 2] No such file or directory: 'ffmpeg'
c6a56e6c-981f-4352-95df-e920847cd467,,failed,[Errno 2] No such file or directory: 'ffmpeg'
1f4df2ca-d145-4d37-93cf-1ddb4a4fbec6,,failed,[Errno 2] No such file or directory: 'ffmpeg'
74c7bc9f-5876-4c85-8e14-eb439f49bcda,,failed,[Errno 2] No such file or directory: 'ffmpeg'
6cbe2230-3196-4cb2-9024-0a1e897cdd3c,,failed,[Errno 2] No such file or directory: 'ffmpeg'
a12ad265-d0e6-40ae-af23-77e718d38767,,failed,[Errno 2] No such file or directory: 'ffmpeg'
24fc81d9-a0e9-448c-acdc-d94aaf6b8621,,failed,[Errno 2] No such file or directory: 'ffmpeg'
d28d449c-ae7e-4fa5-aa0e-39514bca3372,,failed,[Errno 2] No such file or directory: 'ffmpeg'
e5b3a074-842e-449b-a944-25949276b394,,failed,[Errno 2] No such file or directory: 'ffmpeg'
fc588aae-dc16-4901-8e39-8d7797aa425d,,failed,[Errno 2] No such file or directory: 'ffmpeg'
8ca3ec0b-3932-463d-92df-52452cbc1411,,failed,[Errno 2] No such file or directory: 'ffmpeg'
cd2c66b2-a795-4aa6-b1d3-1c224e9e5c7d,,failed,[Errno 2] No such file or directory: 'ffmpeg'
b5829220-5025-4996-a905-e7d2d0ce4525,,failed,[Errno 2] No such file or directory: 'ffmpeg'
dd6fd7cd-437b-492a-9802-8f8b8728fec5,,failed,[Errno 2] No such file or directory: 'ffmpeg'
efb9f6d3-8d61-45e0-92f2-a5e13769f8b0,,failed,[Errno 2] No such file or directory: 'ffmpeg'
8763cbcf-e0be-4a7d-904b-f6e9fca78a4b,,failed,[Errno 2] No such file or directory: 'ffmpeg'
d7df23a3-bb97-4e63-aa4e-fb2d9d75a225,,failed,[Errno 2] No such file or directory: 'ffmpeg'
27599176-7595-44e1-9a63-ffcd80472f1e,,failed,[Errno 2] No such file or directory: 'ffmpeg'
8578d64d-f930-41a9-bd68-3b52c600b4c7,,failed,[Errno 2] No such file or directory: 'ffmpeg'
06d228db-c1ab-4116-a47d-0c15921943ef,,failed,[Errno 2] No such file or directory: 'ffmpeg'
9784b55b-5f12-4d1a-8d18-8940729d74ec,,failed,[Errno 2] No such file or directory: 'ffmpeg'
771ca82e-45f7-4288-b1ad-24bf368b3850,,failed,[Errno 2] No such file or directory: 'ffmpeg'
8251569e-0e39-4a60-8faf-c694c3935460,,failed,[Errno 2] No such file or directory: 'ffmpeg'
17b95689-57ab-4e8b-90c1-80af8c1deb75,,failed,[Errno 2] No such file or directory: 'ffmpeg'
47dd0fef-4145-4299-bfac-e7894ea40367,,failed,[Errno 2] No such file or directory: 'ffmpeg'
a6cd13a8-16f0-4634-8bd8-e48bbd75042f,,failed,[Errno 2] No such file or directory: 'ffmpeg'
87cf167e-59e3-428b-a24a-76fc6184d125,,failed,[Errno 2] No such file or directory: 'ffmpeg'
885c4925-3039-462e-8375-50c81189d5a5,,failed,[Errno 2] No such file or directory: 'ffmpeg'
c3672582-d2a3-4722-ad2e-4b4b79606a4c,,failed,[Errno 2] No such file or directory: 'ffmpeg'
4ad6fce3-c072-415c-9701-f3307be17ff2,,failed,[Errno 2] No such file or directory: 'ffmpeg'
e784fb0e-f266-453b-81bb-86be98747eb3,,failed,[Errno 2] No such file or directory: 'ffmpeg'
aa1747ed-c1ea-44fd-ba40-42daa5cb7639,,failed,[Errno 2] No such file or directory: 'ffmpeg'
c205e93b-dd6f-43c0-ba13-cfa8819a4409,,failed,[Errno 2] No such file or directory: 'ffmpeg'
6c91fef2-4583-4121-9cdb-4c68a802e5f2,,failed,[Errno 2] No such file or directory: 'ffmpeg'
4e2649bc-2ed0-4e8f-bcc9-2cae1682376e,,failed,[Errno 2] No such file or directory: 'ffmpeg'
14d527e4-6970-4cd7-a953-c083635bf43f,,failed,[Errno 2] No such file or directory: 'ffmpeg'
75c2f529-225b-4aa3-b7d8-fc2c1660ba98,,failed,[Errno 2] No such file or directory: 'ffmpeg'
e82b43d9-04cb-4406-ba29-d3f8e9e6c1b1,,failed,[Errno 2] No such file or directory: 'ffmpeg'
6fc3d01a-b203-47fc-ae3e-6f620ef472df,,failed,[Errno 2] No such file or directory: 'ffmpeg'
a870e95f-6d8d-468f-8883-79a75938ee92,,failed,[Errno 2] No such file or directory: 'ffmpeg'
28e188d2-af9d-41ef-8352-6e9e80babec0,,failed,[Errno 2] No such file or directory: 'ffmpeg'
0c5a1fb7-e510-4448-8ecd-70773d6dd7ea,,failed,[Errno 2] No such file or directory: 'ffmpeg'
4f37c101-329e-416a-aa87-5d6ccda72b89,,failed,[Errno 2] No such file or directory: 'ffmpeg'
1581e06d-6a64-4757-9e42-76e63ed679af,,failed,[Errno 2] No such file or directory: 'ffmpeg'
7f1402b5-a220-43c7-a0cf-01415eab90ee,,failed,[Errno 2] No such file or directory: 'ffmpeg'
576eee79-fd63-4896-ae41-05d80efa7d0a,,failed,[Errno 2] No such file or directory: 'ffmpeg'
86182548-0bda-4276-816f-85cbf319c196,,failed,[Errno 2] No such file or directory: 'ffmpeg'
5a316d8d-70aa-41bf-8cda-5d8d320891aa,,failed,[Errno 2] No such file or directory: 'ffmpeg'
ded4f2d6-2a98-450b-883c-a10b6af579f1,,failed,[Errno 2] No such file or directory: 'ffmpeg'
2094bc75-311e-4415-a069-32a11ea23dbe,,failed,[Errno 2] No such file or directory: 'ffmpeg'
fa2cac2d-742e-4371-abd1-81afb2c77149,,failed,[Errno 2] No such file or directory: 'ffmpeg'
16e9cadf-b60c-4cc2-953b-860e9561e507,,failed,[Errno 2] No such file or directory: 'ffmpeg'
547d9a86-e71a-49af-b0c9-ecf37b2f67d1,,failed,[Errno 2] No such file or directory: 'ffmpeg'
18f8a7f0-ab40-4940-8835-e094305c7281,,failed,[Errno 2] No such file or directory: 'ffmpeg'
7be8f9ab-fcec-478f-b398-9a6ed171882c,,failed,[Errno 2] No such file or directory: 'ffmpeg'
d76f196d-f48a-42d1-853d-b86383ee5f01,,failed,[Errno 2] No such file or directory: 'ffmpeg'
7f0bda58-a9a5-4f8b-977b-7b93f79f2ae1,,failed,[Errno 2] No such file or directory: 'ffmpeg'
9652e9a7-e77b-474d-bb72-4a2b0565977f,,failed,[Errno 2] No such file or directory: 'ffmpeg'
1cc2217b-a7cb-4273-88f0-04444e2dbe07,,failed,[Errno 2] No such file or directory: 'ffmpeg'
2cb79c45-a271-4231-888e-2546f9469ec7,,failed,[Errno 2] No such file or directory: 'ffmpeg'
b5edfc91-73ff-4d99-b530-ad4e09578be3,,failed,[Errno 2] No such file or directory: 'ffmpeg'
30e71b09-d8b8-4923-b038-f1a1a907474e,,failed,[Errno 2] No such file or directory: 'ffmpeg'
a6b5463c-4362-4f46-8091-4cf0183fee01,,failed,[Errno 2] No such file or directory: 'ffmpeg'
eb176d70-cb62-41c4-b22a-0b0fc342ed82,,failed,[Errno 2] No such file or directory: 'ffmpeg'
809b5f8b-af61-4b84-831c-56451c97cb23,,failed,[Errno 2] No such file or directory: 'ffmpeg'
80b33e5c-faff-40d3-888c-daeb1d32101c,,failed,[Errno 2] No such file or directory: 'ffmpeg'
b7ff7f9d-77c0-4f4f-8abe-8bdabfb714a1,,failed,[Errno 2] No such file or directory: 'ffmpeg'
d1005f11-44d1-4c54-962c-10f252569c15,,failed,[Errno 2] No such file or directory: 'ffmpeg'
e984f221-c267-4f3f-82dd-02f36065f762,,failed,[Errno 2] No such file or directory: 'ffmpeg'
d7575b53-bb78-45d5-b33f-e0938560445f,,failed,[Errno 2] No such file or directory: 'ffmpeg'
810574cb-5624-4fcb-80cd-1c1b1445b72c,,failed,[Errno 2] No such file or directory: 'ffmpeg'
128c65b2-0253-4675-80a0-695d3eb18f65,,failed,[Errno 2] No such file or directory: 'ffmpeg'
a57fd2c7-2490-41f4-90a0-6d168d53db05,,failed,[Errno 2] No such file or directory: 'ffmpeg'
cfd1b4b5-8a22-4dc7-905d-9a91cdf67f81,,failed,[Errno 2] No such file or directory: 'ffmpeg'
772d6e62-5af5-4eb7-b9a3-cc2fdda39794,,failed,[Errno 2] No such file or directory: 'ffmpeg'
b2e09fef-bac8-4a59-87cb-381976c33ec7,,failed,[Errno 2] No such file or directory: 'ffmpeg'
9bd07758-f125-458d-bb33-461a92a4c62f,,failed,[Errno 2] No such file or directory: 'ffmpeg'
8762833a-7f7e-4746-b3a8-50623b08aedc,,failed,[Errno 2] No such file or directory: 'ffmpeg'
5288b4cc-ef13-418a-97fc-2e01547fdaba,,failed,[Errno 2] No such file or directory: 'ffmpeg'
dd0143d3-e6a0-4f83-a207-ce16160590a5,,failed,[Errno 2] No such file or directory: 'ffmpeg'
6cd544bc-efc4-490a-9658-5a229d8fb377,,failed,[Errno 2] No such file or directory: 'ffmpeg'
08f789fc-4071-4626-b3fa-61ce21424c84,,failed,[Errno 2] No such file or directory: 'ffmpeg'
74f2d6cf-d2f3-4265-a225-6a1818c344c7,,failed,[Errno 2] No such file or directory: 'ffmpeg'
a2fa2e31-5c4f-44f1-835f-2c9f1f569def,,failed,[Errno 2] No such file or directory: 'ffmpeg'
c7ee3617-14e5-4873-a7a6-f899738c4549,,failed,[Errno 2] No such file or directory: 'ffmpeg'
06ce7d5f-b211-45d6-9ecf-b000fb9a3a41,,failed,[Errno 2] No such file or directory: 'ffmpeg'
1361e8f2-2d03-473c-af79-5a7134f47799,,failed,[Errno 2] No such file or directory: 'ffmpeg'
965315e5-36c1-4f09-921a-eb5bae0c60de,,failed,[Errno 2] No such file or directory: 'ffmpeg'
669da992-f2c2-4772-870e-cc24588c844c,,failed,[Errno 2] No such file or directory: 'ffmpeg'
3c080f07-00f8-4a29-9c22-f8ad351a4cdf,,failed,[Errno 2] No such file or directory: 'ffmpeg'
9ae281a5-1dc0-444a-93c8-a3d64cd40dbd,,failed,[Errno 2] No such file or directory: 'ffmpeg'
16990a92-f28f-45b6-abfe-f6cbba48c84d,,failed,[Errno 2] No such file or directory: 'ffmpeg'
c48b75a4-cab2-4c30-81ae-0003f0ac5b53,,failed,[Errno 2] No such file or directory: 'ffmpeg'
437bf6b3-70a3-4d15-9d79-72f628118e1e,,failed,[Errno 2] No such file or directory: 'ffmpeg'
58086c98-fa65-4b55-a985-974a7cffad98,,failed,[Errno 2] No such file or directory: 'ffmpeg'
dcd0c1dc-2f5f-41ef-b265-3816af7a2f07,,failed,[Errno 2] No such file or directory: 'ffmpeg'
1fcfc868-b62f-43f8-acf9-82410dd4e9dc,,failed,[Errno 2] No such file or directory: 'ffmpeg'
5973c026-13d5-4cf0-a63b-6d74d51c02d5,,failed,[Errno 2] No such file or directory: 'ffmpeg'
9ba37263-5d28-42bf-8d1c-b624aa97556b,,failed,[Errno 2] No such file or directory: 'ffmpeg'
b5623204-d11a-4447-ac3a-ec71bd8f7f4e,,failed,[Errno 2] No such file or directory: 'ffmpeg'
72d67f0a-7b63-4013-92f8-f0d2ec20b215,,failed,[Errno 2] No such file or directory: 'ffmpeg'
b2e364cd-8e70-4e32-9234-e529ff4f0308,,failed,[Errno 2] No such file or directory: 'ffmpeg'
f7bc9bf9-ffd8-4038-9abe-8c31654d8fb2,,failed,[Errno 2] No such file or directory: 'ffmpeg'
cf1c6abc-0336-42a4-baa8-2c160c4d7ad5,,failed,[Errno 2] No such file or directory: 'ffmpeg'
1db06683-72a0-4426-b688-a30540e5357e,,failed,[Errno 2] No such file or directory: 'ffmpeg'
51aca299-869f-4fef-89a4-5aa09e42cdbe,,failed,[Errno 2] No such file or directory: 'ffmpeg'
f114d202-707b-418b-9871-f9fa5fcd45c0,,failed,[Errno 2] No such file or directory: 'ffmpeg'
de511db1-b1a7-44c5-bd78-d704aede3b20,,failed,[Errno 2] No such file or directory: 'ffmpeg'
7fa7df52-b410-45c3-b10f-007d3dd399c0,,failed,[Errno 2] No such file or directory: 'ffmpeg'
5e55d2c1-320a-4c94-8dc5-d8242fe2e654,,failed,[Errno 2] No such file or directory: 'ffmpeg'
f9b744ab-dc7a-4d4e-8a58-f93ea6cf6515,,failed,[Errno 2] No such file or directory: 'ffmpeg'
ba0a73a8-97a8-4cf2-94c0-9e455f20325c,,failed,[Errno 2] No such file or directory: 'ffmpeg'
ccaac16d-0099-41ca-b05c-a47c3a42c9ad,,failed,[Errno 2] No such file or directory: 'ffmpeg'
49c634c9-d5b2-41e4-b057-4462efc5a8ff,,failed,[Errno 2] No such file or directory: 'ffmpeg'
0b1d59a8-6864-4d26-a3bf-ce61e28dfac8,,failed,[Errno 2] No such file or directory: 'ffmpeg'
3f510b23-ffca-4cc2-9658-f755440f3520,,failed,[Errno 2] No such file or directory: 'ffmpeg'
c9c68823-e358-49c2-a696-0d35c16cbbcb,,failed,[Errno 2] No such file or directory: 'ffmpeg'
0eb5084d-8295-4565-90af-1f6fa1cf523c,,failed,[Errno 2] No such file or directory: 'ffmpeg'
081f5964-b29c-42c9-ac33-1bc856ed1cd1,,failed,[Errno 2] No such file or directory: 'ffmpeg'
b1a104b2-3cad-4da5-8279-bb0d2b330704,,failed,[Errno 2] No such file or directory: 'ffmpeg'
65932ceb-9ace-4de5-bb35-a286192d203b,,failed,[Errno 2] No such file or directory: 'ffmpeg'
69f1035d-ae4f-411e-95a0-259afc7d6cf7,,failed,[Errno 2] No such file or directory: 'ffmpeg'
f8025d00-28c3-4542-b16c-a437e1e0fe99,,failed,[Errno 2] No such file or directory: 'ffmpeg'
73623c4b-fc6a-491a-888d-be87effe1b27,,failed,[Errno 2] No such file or directory: 'ffmpeg'
a6a86cc4-fc76-48f1-81d0-a066e97ab86d,,failed,[Errno 2] No such file or directory: 'ffmpeg'
5ed82c2e-682f-4710-8d75-b8bd4682edd5,,failed,[Errno 2] No such file or directory: 'ffmpeg'
85a55343-b264-420b-96be-f7c2c9fa9de1,,failed,[Errno 2] No such file or directory: 'ffmpeg'
d4d33eef-0b05-46c1-b441-162fdeba4666,,failed,[Errno 2] No such file or directory: 'ffmpeg'
87bef5ac-6464-470a-ac60-05c92215842f,,failed,[Errno 2] No such file or directory: 'ffmpeg'
08898a38-2dc2-4225-b99b-e92c1cf30a0a,,failed,[Errno 2] No such file or directory: 'ffmpeg'
5b9604cc-4525-4371-ad5d-e8272e8113e0,,failed,[Errno 2] No such file or directory: 'ffmpeg'
cce5c7d2-0765-4787-b402-897ffa847ccd,,failed,[Errno 2] No such file or directory: 'ffmpeg'
8cf83e0f-25d4-47b5-a5c5-51972ad90699,,failed,[Errno 2] No such file or directory: 'ffmpeg'
03d58a1a-47a2-4cde-b508-1859d68e508a,,failed,[Errno 2] No such file or directory: 'ffmpeg'
2d178e3c-7109-4b14-a038-70cb9ea43d30,,failed,[Errno 2] No such file or directory: 'ffmpeg'
10e2ec07-6912-4de5-aa8a-a8882e9052ce,,failed,[Errno 2] No such file or directory: 'ffmpeg'
5430a597-e2a7-4498-b16e-a1cd12d9d28b,,failed,[Errno 2] No such file or directory: 'ffmpeg'
53abd0d6-c35c-401a-858f-02fafb8da5a8,,failed,[Errno 2] No such file or directory: 'ffmpeg'
621da453-f94e-45c9-a00a-f9ca4b792985,,failed,[Errno 2] No such file or directory: 'ffmpeg'
1750b58c-bf39-45e6-8ef5-5c2d91436379,,failed,[Errno 2] No such file or directory: 'ffmpeg'
1d23b1a1-1246-42ce-8594-1feaeb8c8b8a,,failed,[Errno 2] No such file or directory: 'ffmpeg'
19eb36b9-f81e-49c2-a963-8dfe4b58af0b,,failed,[Errno 2] No such file or directory: 'ffmpeg'
3dc7b39d-fba6-4c00-a46d-db922c92fb08,,failed,[Errno 2] No such file or directory: 'ffmpeg'
398e98e4-850a-4697-8a55-664592d33354,,failed,[Errno 2] No such file or directory: 'ffmpeg'
60ae68dc-2fc5-496e-8bf8-ed24cfed1018,,failed,[Errno 2] No such file or directory: 'ffmpeg'
36ad53ec-6e4b-45f3-9f43-f120571ded94,,failed,[Errno 2] No such file or directory: 'ffmpeg'
f516890f-8386-4148-856d-408b548d9e87,,failed,[Errno 2] No such file or directory: 'ffmpeg'
55a6123c-58e0-4288-94aa-30bace86b8ce,,failed,[Errno 2] No such file or directory: 'ffmpeg'
7ac0373c-b189-4a4b-bb3c-13ec64473dd1,,failed,[Errno 2] No such file or directory: 'ffmpeg'
4156ffd3-dbbd-431f-bb80-637768e2d090,,failed,[Errno 2] No such file or directory: 'ffmpeg'
6dfb593a-3a24-47b6-ac19-3a14b687150f,,failed,[Errno 2] No such file or directory: 'ffmpeg'
fa379cc3-16cb-4826-9828-a356c4604902,,failed,[Errno 2] No such file or directory: 'ffmpeg'
671a6b61-80ac-41f4-9cbb-9a923e0cff03,,failed,[Errno 2] No such file or directory: 'ffmpeg'
d25bc67f-607a-47a6-9419-bc6ccd350454,,failed,[Errno 2] No such file or directory: 'ffmpeg'
6bcece73-162a-4b5a-a9e0-4a0a57089421,,failed,[Errno 2] No such file or directory: 'ffmpeg'
87eafd7a-a58f-4a25-979d-5bdf11ad2979,,failed,[Errno 2] No such file or directory: 'ffmpeg'
3f2ebdc2-228f-4912-a17c-438c06d4239e,,failed,[Errno 2] No such file or directory: 'ffmpeg'
683471c1-0d53-436c-8667-ebab77c9938e,,failed,[Errno 2] No such file or directory: 'ffmpeg'
c2b1f5d4-48b1-4edd-8630-b7eed49c87e2,,failed,[Errno 2] No such file or directory: 'ffmpeg'
e0b80523-4ede-4e11-a779-b1eb90630878,,failed,[Errno 2] No such file or directory: 'ffmpeg'
e7106ca1-e9e4-4bbd-9cee-39ae7940a7e0,,failed,[Errno 2] No such file or directory: 'ffmpeg'
9d18ef06-98d3-43db-a9e4-339d0b58707f,,failed,[Errno 2] No such file or directory: 'ffmpeg'
d46596af-6ee3-4834-9685-7ae09856fa92,,failed,[Errno 2] No such file or directory: 'ffmpeg'
1f7b6576-3ac8-4c98-b13d-73f73f8f0d4f,,failed,[Errno 2] No such file or directory: 'ffmpeg'
1b901dab-bbae-4b72-b0ea-f5b266e5336c,,failed,[Errno 2] No such file or directory: 'ffmpeg'
83ccf828-c7b6-41f5-80f4-b87fca3f4528,,failed,[Errno 2] No such file or directory: 'ffmpeg'
dd6a2708-3f2f-4dfd-acd6-134cfc4ca902,,failed,[Errno 2] No such file or directory: 'ffmpeg'
e2020fff-9e17-4789-b8ad-7fb6dea80216,,failed,[Errno 2] No such file or directory: 'ffmpeg'
b17c5f7e-9062-4874-aaa9-a8cf2b148e77,,failed,[Errno 2] No such file or directory: 'ffmpeg'
31844f94-1788-47f6-87b0-059b598b237c,,failed,[Errno 2] No such file or directory: 'ffmpeg'
9d5ae05a-ee6c-49cd-a1e3-8ab3cc800003,,failed,[Errno 2] No such file or directory: 'ffmpeg'
fa0f6e77-9617-4ada-9b5c-1bba7854bf50,,failed,[Errno 2] No such file or directory: 'ffmpeg'
468079ee-5a4d-46df-93da-07141988023c,,failed,[Errno 2] No such file or directory: 'ffmpeg'
ac5a15c8-40ce-46fd-9c53-ab8051330159,,failed,[Errno 2] No such file or directory: 'ffmpeg'
53daa37d-075f-4ef5-ab45-10171971d032,,failed,[Errno 2] No such file or directory: 'ffmpeg'
2cfa4329-f9f7-4f00-a9b9-c9f22698ded3,,failed,[Errno 2] No such file or directory: 'ffmpeg'
150e146e-c050-455e-b7d7-af5bdecc8821,,failed,[Errno 2] No such file or directory: 'ffmpeg'
ebb3af35-0e24-4467-b9e8-5a8f47186aca,,failed,[Errno 2] No such file or directory: 'ffmpeg'
b06c1f8f-5083-42f4-8b3e-eb39bb714cab,,failed,[Errno 2] No such file or directory: 'ffmpeg'
236bea96-3340-4ba4-8c89-6620102414bc,,failed,[Errno 2] No such file or directory: 'ffmpeg'
2c426236-721d-4f12-a10c-6c8e79ccf22b,,failed,[Errno 2] No such file or directory: 'ffmpeg'
fdcc9abc-d06f-4b8c-8b94-ddce0ad9de9e,,failed,[Errno 2] No such file or directory: 'ffmpeg'
5fde0bcc-229f-427b-89e2-de92863e2db2,,failed,[Errno 2] No such file or directory: 'ffmpeg'
68a28d8e-d86f-479f-8003-de15fd63f226,,failed,[Errno 2] No such file or directory: 'ffmpeg'
d49fcbdd-1530-4f69-96e3-d0c29fd8c66a,,failed,[Errno 2] No such file or directory: 'ffmpeg'
51c95c53-de93-42da-996e-2e5ac7a1153c,,failed,[Errno 2] No such file or directory: 'ffmpeg'
0a974ae8-8209-48f2-a972-2e30e333b027,,failed,[Errno 2] No such file or directory: 'ffmpeg'
8cedeaf3-fd31-4dfa-8436-66fd2c22277a,,failed,[Errno 2] No such file or directory: 'ffmpeg'
be52b45b-332f-4008-ae5e-220a58353c3e,,failed,[Errno 2] No such file or directory: 'ffmpeg'
e0b73f06-36f9-4084-9f99-5601a8cca396,,failed,[Errno 2] No such file or directory: 'ffmpeg'
3900aa53-6276-474d-8e20-46d2811364b8,,failed,[Errno 2] No such file or directory: 'ffmpeg'
ed16d419-e1fe-45da-95fe-4e9839195f3b,,failed,[Errno 2] No such file or directory: 'ffmpeg'
7ad09c20-d05e-4ad3-b34a-3555d4ab2172,,failed,[Errno 2] No such file or directory: 'ffmpeg'
7de74660-2562-4414-95a5-99d02e638dc4,,failed,[Errno 2] No such file or directory: 'ffmpeg'
6e5e6ef5-fc11-43be-8795-7fe4c07b1794,,failed,[Errno 2] No such file or directory: 'ffmpeg'
f862fd33-eb82-4a19-98a6-fcccbac509bf,,failed,[Errno 2] No such file or directory: 'ffmpeg'
17b9f1cf-5d38-44bb-958b-15384f9c82c1,,failed,[Errno 2] No such file or directory: 'ffmpeg'
f752c984-6fb5-46e4-b458-44ea8e9de660,,failed,[Errno 2] No such file or directory: 'ffmpeg'
1d1f46cc-03c8-4d0c-a48a-7d4c23b4b542,,failed,[Errno 2] No such file or directory: 'ffmpeg'
2c4deca5-9495-4961-bf21-2045c9a0f45e,,failed,[Errno 2] No such file or directory: 'ffmpeg'
2fcf56a5-a1b1-4d49-9168-22e6c8858af5,,failed,[Errno 2] No such file or directory: 'ffmpeg'
89ecde60-ec7b-4361-aecf-645d6365a9b2,,failed,[Errno 2] No such file or directory: 'ffmpeg'
62a37746-fb89-4120-966c-aa86d031de31,,failed,[Errno 2] No such file or directory: 'ffmpeg'
1edc581b-21d1-415f-a7bf-d72760647a0e,,failed,[Errno 2] No such file or directory: 'ffmpeg'
d4f683af-2a67-48a5-90fe-d6ec30acb2dc,,failed,[Errno 2] No such file or directory: 'ffmpeg'
c9a9afdb-e562-481c-9394-46077f31ba9f,,failed,[Errno 2] No such file or directory: 'ffmpeg'
e6727e88-025f-435a-a330-717b2436a59f,,failed,[Errno 2] No such file or directory: 'ffmpeg'
7ed1dcb4-a3ee-40b4-92f0-c0f0e513f3ba,,failed,[Errno 2] No such file or directory: 'ffmpeg'
910a1c8c-a758-49c2-98f2-e0912f4085b6,,failed,[Errno 2] No such file or directory: 'ffmpeg'
1144d2dd-1f56-4f1d-a57d-3ee728de8da8,,failed,[Errno 2] No such file or directory: 'ffmpeg'
b0c18b96-cb5a-4e50-a2e1-a86439d48a2a,,failed,[Errno 2] No such file or directory: 'ffmpeg'
1d30ccd1-b40f-45b5-846a-998f85bf0e44,,failed,[Errno 2] No such file or directory: 'ffmpeg'
1f0d8b4d-3e92-48e7-8e92-57d4b94bd054,,failed,[Errno 2] No such file or directory: 'ffmpeg'
f8d23e49-90c9-4988-bc2d-882dc38e42fe,,failed,[Errno 2] No such file or directory: 'ffmpeg'
b2394ddf-1406-4c31-b4c2-f11d8fff6b07,,failed,[Errno 2] No such file or directory: 'ffmpeg'
67f072f6-1278-4be4-83c5-8e8cd73686ec,,failed,[Errno 2] No such file or directory: 'ffmpeg'
2c768e89-e4f4-42cd-8e71-c71f0601cd1a,,failed,[Errno 2] No such file or directory: 'ffmpeg'
db2ddcc8-9861-401e-a6b7-149fa5405835,,failed,[Errno 2] No such file or directory: 'ffmpeg'
a4013473-c9a9-4fae-bf8a-9982dd06cde6,,failed,[Errno 2] No such file or directory: 'ffmpeg'
ab32bd03-17c3-4e64-a96d-879e12b597ba,,failed,[Errno 2] No such file or directory: 'ffmpeg'
de33343e-7180-463d-9670-f3c04907d637,,failed,[Errno 2] No such file or directory: 'ffmpeg'
08fb3e20-c0b6-4eb7-b28e-e39e48f5154f,,failed,[Errno 2] No such file or directory: 'ffmpeg'
6675d68e-443a-4b0a-b2e1-37d6f26eb664,,failed,[Errno 2] No such file or directory: 'ffmpeg'
6340e956-a895-4199-891f-5ced71590432,,failed,[Errno 2] No such file or directory: 'ffmpeg'
35469477-eb55-4b20-acee-10af92faa190,,failed,[Errno 2] No such file or directory: 'ffmpeg'
27e29e80-9c30-4be4-add3-bf85e9f892f2,,failed,[Errno 2] No such file or directory: 'ffmpeg'
ff2e6738-28ff-4565-8827-680720335f04,,failed,[Errno 2] No such file or directory: 'ffmpeg'
948f8f25-c838-4d87-9426-15cb7a071c72,,failed,[Errno 2] No such file or directory: 'ffmpeg'
145e7165-8283-498c-9a15-425302d99675,,failed,[Errno 2] No such file or directory: 'ffmpeg'
cab64d07-2e87-473d-b31c-099637943384,,failed,[Errno 2] No such file or directory: 'ffmpeg'
a7cefb44-697f-4609-8811-6946e67ef35f,,failed,[Errno 2] No such file or directory: 'ffmpeg'
a93e05b2-4cb3-4ea7-8a97-f231639141aa,,failed,[Errno 2] No such file or directory: 'ffmpeg'
61d08c79-5bd7-4af0-9d5f-3d7fc66a5203,,failed,[Errno 2] No such file or directory: 'ffmpeg'
b1ba3001-9d67-4801-a828-96fb6683fc9a,,failed,[Errno 2] No such file or directory: 'ffmpeg'
c1157400-d737-4f2a-923d-2ba67ea01a1b,,failed,[Errno 2] No such file or directory: 'ffmpeg'
f24b990b-43f1-45ac-bd55-16018b84d7a2,,failed,[Errno 2] No such file or directory: 'ffmpeg'
e547a46d-8f0c-4412-a185-fe445bd94b20,,failed,[Errno 2] No such file or directory: 'ffmpeg'
bb446d4f-aee1-44bb-acc6-d3dbc122b668,,failed,[Errno 2] No such file or directory: 'ffmpeg'
d191c647-60fe-4af0-8d0b-0ee4cffc6c71,,failed,[Errno 2] No such file or directory: 'ffmpeg'
f18c1ca0-3471-4b16-aefd-7f8f66cddf29,,failed,[Errno 2] No such file or directory: 'ffmpeg'
acdab8ec-103c-45f5-b4b5-5126b6ff8cc2,,failed,[Errno 2] No such file or directory: 'ffmpeg'
11ba0d7f-1326-493c-8ef1-8b0a11ad05c8,,failed,[Errno 2] No such file or directory: 'ffmpeg'
f55f6962-bec3-4f2e-b7d0-cfa8b853fc2e,,failed,[Errno 2] No such file or directory: 'ffmpeg'
87f74c4e-0289-43ed-bc59-5d6f5f813712,,failed,[Errno 2] No such file or directory: 'ffmpeg'
b040cf83-fdac-4e5d-8988-bb619cdb47cd,,failed,[Errno 2] No such file or directory: 'ffmpeg'
09cd84d0-92bf-40a3-b5ba-6414630e513c,,failed,[Errno 2] No such file or directory: 'ffmpeg'
c7e1cdea-3865-43b6-9217-6a54e63cd051,,failed,[Errno 2] No such file or directory: 'ffmpeg'
dea9d079-7bae-4310-9f4e-46cf46f02a7e,,failed,[Errno 2] No such file or directory: 'ffmpeg'
ae849735-69b7-42d3-ad77-f4546b15f4f0,,failed,[Errno 2] No such file or directory: 'ffmpeg'
dc9fc32f-0486-4274-ab79-20139bd20af9,,failed,[Errno 2] No such file or directory: 'ffmpeg'
f61c32d4-4ccc-481f-92db-1d37f6413cf9,,failed,[Errno 2] No such file or directory: 'ffmpeg'
61541a43-0d48-47db-a790-2ae62414bb7b,,failed,[Errno 2] No such file or directory: 'ffmpeg'
aad1bc33-1c69-4c0e-8ba8-e425a9fada05,,failed,[Errno 2] No such file or directory: 'ffmpeg'
96612785-6087-4586-9e31-aead164a8393,,failed,[Errno 2] No such file or directory: 'ffmpeg'
b7c6d0ea-2bf7-4367-a952-3f19aa1686af,,failed,[Errno 2] No such file or directory: 'ffmpeg'
fa4187e4-1406-431d-a0e0-d52778288ccc,,failed,[Errno 2] No such file or directory: 'ffmpeg'
2cfe8124-f049-4af5-9488-705d281c59d4,,failed,[Errno 2] No such file or directory: 'ffmpeg'
c3614221-7b59-4134-9758-d0661ff9627b,,failed,[Errno 2] No such file or directory: 'ffmpeg'
a2a5654a-a1ce-4e16-b59d-82ae52ef776a,,failed,[Errno 2] No such file or directory: 'ffmpeg'
1a409e30-3ead-4ec8-8f66-12c1e26be8ab,,failed,[Errno 2] No such file or directory: 'ffmpeg'
779f82fa-c72b-4393-8858-c43c7e31e92f,,failed,[Errno 2] No such file or directory: 'ffmpeg'
5dd7c806-bd6c-4bf8-a65f-ec89c743b471,,failed,[Errno 2] No such file or directory: 'ffmpeg'
32c3b9e8-4fd6-4d5b-94fd-f3999c3a2f82,,failed,[Errno 2] No such file or directory: 'ffmpeg'
8057c5ef-234e-4ec0-bf77-48bcc5726dd9,,failed,[Errno 2] No such file or directory: 'ffmpeg'
0138ce24-3128-49eb-8ba9-6f8a99437e2f,,failed,[Errno 2] No such file or directory: 'ffmpeg'
122dc0b8-124b-47b4-b6b4-624f411938b1,,failed,[Errno 2] No such file or directory: 'ffmpeg'
a5a755ea-cc6a-4e83-9111-7aa60b7d48ad,,failed,[Errno 2] No such file or directory: 'ffmpeg'
addb5eb4-1e7c-4425-a38b-a8f7c400e1fd,,failed,[Errno 2] No such file or directory: 'ffmpeg'
018671ec-fd9c-4d8a-a7bc-c1361f0220aa,,failed,[Errno 2] No such file or directory: 'ffmpeg'
1091551f-8836-4f55-abf7-b16477d785f6,,failed,[Errno 2] No such file or directory: 'ffmpeg'
b9d07de8-2ad1-4881-b1d6-bf15ddf66a34,,failed,[Errno 2] No such file or directory: 'ffmpeg'
0f1fde42-0e89-4238-945a-fe5b65d48710,,failed,[Errno 2] No such file or directory: 'ffmpeg'
5d2433bd-40bc-429a-872b-774cffb5f987,,failed,[Errno 2] No such file or directory: 'ffmpeg'
e3cbacea-739e-4769-986a-8469618f2554,,failed,[Errno 2] No such file or directory: 'ffmpeg'
27f5ce02-b910-47b3-85b6-3ff1abc54c2f,,failed,[Errno 2] No such file or directory: 'ffmpeg'
b993726f-add6-4ea9-b337-c277229253be,,failed,[Errno 2] No such file or directory: 'ffmpeg'
99f76acd-72fc-4e60-9548-a20f65c0a1c8,,failed,[Errno 2] No such file or directory: 'ffmpeg'
1ed25b2f-fdd8-4175-ad04-5f6a7601f252,,failed,[Errno 2] No such file or directory: 'ffmpeg'
66c532ab-9297-4d01-a531-8495c57b0b0d,,failed,[Errno 2] No such file or directory: 'ffmpeg'
e84b2d64-1eab-47e4-a7c7-3af4ce521ca6,,failed,[Errno 2] No such file or directory: 'ffmpeg'
dd814c41-70c5-4218-85f9-ec6c57833ef9,,failed,[Errno 2] No such file or directory: 'ffmpeg'
fab9c81e-39be-480a-a658-62f152d9b440,,failed,[Errno 2] No such file or directory: 'ffmpeg'
ea3a00c7-233b-49bd-9a88-b88e17b6b2ab,,failed,[Errno 2] No such file or directory: 'ffmpeg'
0bce5fe6-9d37-4cce-a69e-f31035b3c7ad,,failed,[Errno 2] No such file or directory: 'ffmpeg'
277520ef-8645-4b4c-8ec1-6f5cb318de57,,failed,[Errno 2] No such file or directory: 'ffmpeg'
b8b503a8-598e-4106-9ddd-dffdf011358f,,failed,[Errno 2] No such file or directory: 'ffmpeg'
8967ff3c-58ea-4dfa-8227-df5b4e7ca062,,failed,[Errno 2] No such file or directory: 'ffmpeg'
ddfb9abc-ffd9-4ba2-809a-2018f56a66b7,,failed,[Errno 2] No such file or directory: 'ffmpeg'
8e86a898-d5fe-4934-815d-4500d0034ba5,,failed,[Errno 2] No such file or directory: 'ffmpeg'
7af31206-9e1a-4ddb-bf6e-aafb51f63e6b,,failed,[Errno 2] No such file or directory: 'ffmpeg'
72821978-cbe9-4630-bcad-46ad46082da6,,failed,[Errno 2] No such file or directory: 'ffmpeg'
68df5a70-6b19-440f-97cb-f55479b0920c,,failed,[Errno 2] No such file or directory: 'ffmpeg'
6a0da610-c1f0-4871-877f-3751117854b3,,failed,[Errno 2] No such file or directory: 'ffmpeg'
82195962-76d1-4cf2-bd4b-485fe39ead27,,failed,[Errno 2] No such file or directory: 'ffmpeg'
73210d35-7b8f-4b0e-9e15-f60ffab089f4,,failed,[Errno 2] No such file or directory: 'ffmpeg'
86743af4-2f25-461e-b64a-a022a22d3530,,failed,[Errno 2] No such file or directory: 'ffmpeg'
15831083-6415-4b6d-8ec2-e4c469537d2a,,failed,[Errno 2] No such file or directory: 'ffmpeg'
6b948ee5-e467-4ea9-8f93-8c2ce1101cb3,,failed,[Errno 2] No such file or directory: 'ffmpeg'
521007ee-5062-4d5f-b489-e930c950dfdd,,failed,[Errno 2] No such file or directory: 'ffmpeg'
5bc05279-9609-4e07-a080-d93710874887,,failed,[Errno 2] No such file or directory: 'ffmpeg'
91bfafd2-0155-43eb-a42b-144e9abd01ac,,failed,[Errno 2] No such file or directory: 'ffmpeg'
03b477e8-0829-4527-8df3-18ad99c62382,,failed,[Errno 2] No such file or directory: 'ffmpeg'
98fe9919-8154-45c0-a9d7-96eccc126899,,failed,[Errno 2] No such file or directory: 'ffmpeg'
cb9c62c5-e6f4-489b-ab14-0fea3a4e191a,,failed,[Errno 2] No such file or directory: 'ffmpeg'
150f62c0-fd2a-4073-9abf-31e7be064d3d,,failed,[Errno 2] No such file or directory: 'ffmpeg'
66a2b3cf-7bea-4129-b0d4-c6910a640bdc,,failed,[Errno 2] No such file or directory: 'ffmpeg'
f2d97cf9-f92d-4ca7-81b0-521900489df5,,failed,[Errno 2] No such file or directory: 'ffmpeg'
d7af61f9-1621-48d3-964e-2515d351a901,,failed,[Errno 2] No such file or directory: 'ffmpeg'
def83f71-a442-40c6-a9f8-d1e6ff9073f4,,failed,[Errno 2] No such file or directory: 'ffmpeg'
8f0d6467-266b-4ee4-80df-8f8b4708c9d1,,failed,[Errno 2] No such file or directory: 'ffmpeg'
35806a3d-2854-4226-a77e-d2027cde6a91,,failed,[Errno 2] No such file or directory: 'ffmpeg'
57144e68-248b-457b-be87-25781a1a8112,,failed,[Errno 2] No such file or directory: 'ffmpeg'
738cd1a4-2ba7-40d9-8f6c-859d58ae0c22,,failed,[Errno 2] No such file or directory: 'ffmpeg'
6777fdb2-d963-4dcc-8555-3b085ec855ff,,failed,[Errno 2] No such file or directory: 'ffmpeg'
cfaf9168-821f-4f34-bf54-76fce6bdfce9,,failed,[Errno 2] No such file or directory: 'ffmpeg'
17fe8266-5b78-4a34-a964-55b5b9e30a3b,,failed,[Errno 2] No such file or directory: 'ffmpeg'
1d6dc4db-c86a-40d2-84c3-ba127c14c2b7,,failed,[Errno 2] No such file or directory: 'ffmpeg'
7034e645-f27b-4487-abdd-92472a08cdbd,,failed,[Errno 2] No such file or directory: 'ffmpeg'
c8f809eb-f87f-48b2-9d93-49620755e917,,failed,[Errno 2] No such file or directory: 'ffmpeg'
81064afb-8478-48cd-9a90-3356e562c816,,failed,[Errno 2] No such file or directory: 'ffmpeg'
103d9312-f942-45f1-8239-67d05b750274,,failed,[Errno 2] No such file or directory: 'ffmpeg'
9e09bf2b-b426-42f0-ba66-316ad1b006d6,,failed,[Errno 2] No such file or directory: 'ffmpeg'
fe964dc2-aa2d-4c08-95e0-8ea8bb992d5a,,failed,[Errno 2] No such file or directory: 'ffmpeg'
d9d768ec-2a21-4410-83a1-7a08f1e67488,,failed,[Errno 2] No such file or directory: 'ffmpeg'
0e33c85a-847e-43c0-a14b-a8d7066007fb,,failed,[Errno 2] No such file or directory: 'ffmpeg'
dace7b8b-a61a-4273-9dd2-8bf5e84aac2e,,failed,[Errno 2] No such file or directory: 'ffmpeg'
23370b2e-2017-4fc2-9a6f-3f0b8f46f31d,,failed,[Errno 2] No such file or directory: 'ffmpeg'
173a8021-e443-4528-b789-dc3ec4f8c7e1,,failed,[Errno 2] No such file or directory: 'ffmpeg'
aaa07fc8-5cc6-4ed9-ac78-6d83d47af3c4,,failed,[Errno 2] No such file or directory: 'ffmpeg'
81fd0142-0f2d-47e9-a280-bd8699ca6046,,failed,[Errno 2] No such file or directory: 'ffmpeg'
b0ea7df0-98bc-457d-997d-b149725e745f,,failed,[Errno 2] No such file or directory: 'ffmpeg'
4ad23064-a539-4359-a31f-1b1ba9fffcc9,,failed,[Errno 2] No such file or directory: 'ffmpeg'
08008f6e-74db-4480-a632-a7968a85ee6b,,failed,[Errno 2] No such file or directory: 'ffmpeg'
5adfe18f-4220-4d44-8701-593a2c086d66,,failed,[Errno 2] No such file or directory: 'ffmpeg'
6f591686-9086-4040-937d-6b72ec2cdc34,,failed,[Errno 2] No such file or directory: 'ffmpeg'
018b6fb6-a0cc-44e5-afcf-39afbea93cae,,failed,[Errno 2] No such file or directory: 'ffmpeg'
c1366849-3bca-4722-b9e1-71d19ca7d22c,,failed,[Errno 2] No such file or directory: 'ffmpeg'
2532eebe-f8c8-46a7-ac40-a8c1dd9dd70f,,failed,[Errno 2] No such file or directory: 'ffmpeg'
9b33a78c-a3f0-4d5d-80ac-55ff63db9a79,,failed,[Errno 2] No such file or directory: 'ffmpeg'
11f1c263-7056-4d43-a5a1-ad11848895b9,,failed,[Errno 2] No such file or directory: 'ffmpeg'
06efc526-1e5f-45d8-9645-78fb36656695,,failed,[Errno 2] No such file or directory: 'ffmpeg'
d9aca2a3-3537-48ad-847c-34c425f97e9d,,failed,[Errno 2] No such file or directory: 'ffmpeg'
eb364dff-d005-447e-915f-f0f77d7e85ad,,failed,[Errno 2] No such file or directory: 'ffmpeg'
a2ea53ee-d898-48ee-8923-17d75bc8eaad,,failed,[Errno 2] No such file or directory: 'ffmpeg'
8a7950f9-c479-4530-9c98-9f2a3f708908,,failed,[Errno 2] No such file or directory: 'ffmpeg'
e7bf1980-b668-4a0e-9189-e484d140bdee,,failed,[Errno 2] No such file or directory: 'ffmpeg'
24b53e2b-cea0-45e2-b213-54da4fd1ccb7,,failed,[Errno 2] No such file or directory: 'ffmpeg'
ada4554c-0b77-4b8b-b42b-47edd0deab7a,,failed,[Errno 2] No such file or directory: 'ffmpeg'
327be957-1b3f-468f-bcd7-35fc9fa9aaf7,,failed,[Errno 2] No such file or directory: 'ffmpeg'
2ddb88f0-40d3-4f51-82fd-76d1fdb4daf8,,failed,[Errno 2] No such file or directory: 'ffmpeg'
caac30bf-9c8c-469d-b69b-861a4592e615,,failed,[Errno 2] No such file or directory: 'ffmpeg'
a7e581f8-882a-4922-adb3-eed55c25c556,,failed,[Errno 2] No such file or directory: 'ffmpeg'
9c50ac6a-2253-447b-8441-bc5249627945,,failed,[Errno 2] No such file or directory: 'ffmpeg'
e3e848cc-5dd1-495a-849a-85267b4a7ee0,,failed,[Errno 2] No such file or directory: 'ffmpeg'
4d476a5f-6938-468d-b525-7a4c211361b8,,failed,[Errno 2] No such file or directory: 'ffmpeg'
cb1258a5-dc91-4e0c-9187-824ed5591333,,failed,[Errno 2] No such file or directory: 'ffmpeg'
32406411-ad2e-4bb4-9728-f51813c4a2d3,,failed,[Errno 2] No such file or directory: 'ffmpeg'
d57cb6e3-d2a4-43e0-8efa-98551fe78a13,,failed,[Errno 2] No such file or directory: 'ffmpeg'
60849811-a63c-4160-9fab-0dcdb9d05a1e,,failed,[Errno 2] No such file or directory: 'ffmpeg'
5459579b-7518-4b17-a418-3b849d1d9f98,,failed,[Errno 2] No such file or directory: 'ffmpeg'
8fd5551c-b7c4-4ce5-a1e3-b17259e532d8,,failed,[Errno 2] No such file or directory: 'ffmpeg'
a44cd36f-d68d-4cfa-bf3f-ce335a1d3a0b,,failed,[Errno 2] No such file or directory: 'ffmpeg'
0d47187a-e899-4715-8a83-3f2fe6c14191,,failed,[Errno 2] No such file or directory: 'ffmpeg'
b87f2016-6b2e-497f-b251-fbcd172a1b7e,,failed,[Errno 2] No such file or directory: 'ffmpeg'
1cf2130e-6fad-401a-8c10-a9c7934fc9cb,,failed,[Errno 2] No such file or directory: 'ffmpeg'
ab5b9de7-f213-4672-9299-4b0a7f4935f3,,failed,[Errno 2] No such file or directory: 'ffmpeg'
1b9537ec-5761-4449-b073-8250e79c3b47,,failed,[Errno 2] No such file or directory: 'ffmpeg'
d7c3351b-9bc3-473a-adcf-fa08df7fad6b,,failed,[Errno 2] No such file or directory: 'ffmpeg'
5a496a94-a2b5-47ad-a1bc-8069285b95bd,,failed,[Errno 2] No such file or directory: 'ffmpeg'
0a95cb4c-cb83-4bd1-bdbc-7f536f23e4ac,,failed,[Errno 2] No such file or directory: 'ffmpeg'
e1534c45-4d9e-47a8-93f6-300864a62520,,failed,[Errno 2] No such file or directory: 'ffmpeg'
9a362c0e-f2ef-4c9f-968f-49a612d9840f,,failed,[Errno 2] No such file or directory: 'ffmpeg'
8dda33d7-c7c0-4823-b1ff-7a74a0268ed0,,failed,[Errno 2] No such file or directory: 'ffmpeg'
5e829334-2a6f-4715-96d0-ed3904f0467f,,failed,[Errno 2] No such file or directory: 'ffmpeg'
51b044be-be94-4cf9-a2f5-0a3386f8e0d4,,failed,[Errno 2] No such file or directory: 'ffmpeg'
3170180e-c7dd-4b5f-9975-e8b45b706e6f,,failed,[Errno 2] No such file or directory: 'ffmpeg'
38a23257-ea6e-4b61-b03d-4b893a6d4c00,,failed,[Errno 2] No such file or directory: 'ffmpeg'
f10f29b0-38af-49fb-9013-ce9733a450ca,,failed,[Errno 2] No such file or directory: 'ffmpeg'
d5fc9ef6-513d-4221-8ab7-8f48d17cccf9,,failed,[Errno 2] No such file or directory: 'ffmpeg'
72492e3a-106d-4818-bf22-e3f55359ed8d,,failed,[Errno 2] No such file or directory: 'ffmpeg'
717e57e2-b50c-41ba-a2a1-a342387e636d,,failed,[Errno 2] No such file or directory: 'ffmpeg'
c56d73b4-91f8-4375-8519-4755b87e25e1,,failed,[Errno 2] No such file or directory: 'ffmpeg'
d6a40820-5fbc-4a70-ad7c-2c44388c4c34,,failed,[Errno 2] No such file or directory: 'ffmpeg'
28df4468-18a5-4f51-8936-91f647cc4f24,,failed,[Errno 2] No such file or directory: 'ffmpeg'
16d588a3-1a5f-4eb7-b6a3-a0112454a962,,failed,[Errno 2] No such file or directory: 'ffmpeg'
cd92c5a2-03f3-4115-9f5b-c6671445124a,,failed,[Errno 2] No such file or directory: 'ffmpeg'
34a1f427-1149-4a0c-bf0c-560ab8e39ea3,,failed,[Errno 2] No such file or directory: 'ffmpeg'
b0ef211e-b2f2-4252-963b-635ee43a687a,,failed,[Errno 2] No such file or directory: 'ffmpeg'
65cec706-dd00-4ac8-a0d7-0ebe1ffa89ac,,failed,[Errno 2] No such file or directory: 'ffmpeg'
1dedfda6-e933-464b-a866-5183d9ddcec3,,failed,[Errno 2] No such file or directory: 'ffmpeg'
b71f0160-2155-4198-bbab-a4c849be8ea4,,failed,[Errno 2] No such file or directory: 'ffmpeg'
ae34f333-2797-4894-a29e-6661bc2bd01a,,failed,[Errno 2] No such file or directory: 'ffmpeg'
3e39df69-48b7-4e67-ace1-8388967fbcd1,,failed,[Errno 2] No such file or directory: 'ffmpeg'
7cea3a3d-b785-4d70-bd51-7f1303499f6b,,failed,[Errno 2] No such file or directory: 'ffmpeg'
d22c3d58-2d83-47da-8e84-6250473aaa9f,,failed,[Errno 2] No such file or directory: 'ffmpeg'
0d082f8d-013f-4212-b7bd-830e01202432,,failed,[Errno 2] No such file or directory: 'ffmpeg'
c6474840-6ae0-4214-813f-53ebdd51ee69,,failed,[Errno 2] No such file or directory: 'ffmpeg'
0095699a-74c9-4129-8fd5-db4dde1281bd,,failed,[Errno 2] No such file or directory: 'ffmpeg'
34cd8867-4568-4940-89b0-52d82ed4e43e,,failed,[Errno 2] No such file or directory: 'ffmpeg'
3056b7f1-ee39-463b-9051-d35204039878,,failed,[Errno 2] No such file or directory: 'ffmpeg'
72e7ca81-d4ad-48c3-b99b-05c89fb007f9,,failed,[Errno 2] No such file or directory: 'ffmpeg'
07045b10-e317-43ab-a548-6f5170e95234,,failed,[Errno 2] No such file or directory: 'ffmpeg'
2c3c3266-e6d0-46bb-aa9d-251acef54390,,failed,[Errno 2] No such file or directory: 'ffmpeg'
f7570218-6e20-4617-9a26-849f6ff4fee0,,failed,[Errno 2] No such file or directory: 'ffmpeg'
56683627-4f40-40d9-a00f-e9367b396626,,failed,[Errno 2] No such file or directory: 'ffmpeg'
52b0ec2f-e0b8-4cad-bfc0-9063a32f388d,,failed,[Errno 2] No such file or directory: 'ffmpeg'
9755621e-f034-4e05-88ef-142db8a18771,,failed,[Errno 2] No such file or directory: 'ffmpeg'
46dacd70-d083-4031-bf08-a9be25be379c,,failed,[Errno 2] No such file or directory: 'ffmpeg'
336719d9-e481-453d-a195-027f7e0a91f9,,failed,[Errno 2] No such file or directory: 'ffmpeg'
5a191edf-3065-47a2-ab9a-82759dd4b43a,,failed,[Errno 2] No such file or directory: 'ffmpeg'
5cd9d38f-750e-4127-b4ef-673020e6be82,,failed,[Errno 2] No such file or directory: 'ffmpeg'
aabecaa0-d076-4255-a04d-16b7def10735,,failed,[Errno 2] No such file or directory: 'ffmpeg'
8b3b32e3-83a2-48ef-802a-22df6b6cdb07,,failed,[Errno 2] No such file or directory: 'ffmpeg'
2c60e8ff-7e20-4450-a992-89225ab1a674,,failed,[Errno 2] No such file or directory: 'ffmpeg'
eb83e62a-c624-44de-b409-f0dda01578cf,,failed,[Errno 2] No such file or directory: 'ffmpeg'
2b2bcad0-b9b7-482e-aa2f-ced1f0ec0ef2,,failed,[Errno 2] No such file or directory: 'ffmpeg'
caff2c66-9478-4600-870c-911211df0eff,,failed,[Errno 2] No such file or directory: 'ffmpeg'
ba433540-0e5b-4311-9101-06b763afa402,,failed,[Errno 2] No such file or directory: 'ffmpeg'
e3c73aed-9cb9-41a1-ad90-5a9cd7ceeeae,,failed,[Errno 2] No such file or directory: 'ffmpeg'
e388a601-c75a-4153-ac4e-1e07de55e50b,,failed,[Errno 2] No such file or directory: 'ffmpeg'
2f666cba-6bfb-44a5-8d9f-f694cef74573,,failed,[Errno 2] No such file or directory: 'ffmpeg'
e176cca5-0393-4eed-a52b-9b5622bfd2d0,,failed,[Errno 2] No such file or directory: 'ffmpeg'
101d213d-8e5e-4417-b775-d14dc6f42998,,failed,[Errno 2] No such file or directory: 'ffmpeg'
72e2078c-dd4c-4f3c-925d-c756704960f6,,failed,[Errno 2] No such file or directory: 'ffmpeg'
48c99e38-b6f7-47f8-ba5f-56c011713c94,,failed,[Errno 2] No such file or directory: 'ffmpeg'
3740fe3f-2654-44bb-8864-551699f8fee4,,failed,[Errno 2] No such file or directory: 'ffmpeg'
0a650e7f-62f6-415f-bdf4-9a87a9ac024d,,failed,[Errno 2] No such file or directory: 'ffmpeg'
851f80fb-ecc7-4ef1-a4f8-a821d0d3fc15,,failed,[Errno 2] No such file or directory: 'ffmpeg'
c7efecb8-06f0-479a-b9d4-ada2a959eb36,,failed,[Errno 2] No such file or directory: 'ffmpeg'
b30d4efa-9fe2-447e-8d1b-91646eac5d7f,,failed,[Errno 2] No such file or directory: 'ffmpeg'
3b9e50d7-3319-4707-ad87-2519dc156d67,,failed,[Errno 2] No such file or directory: 'ffmpeg'
e2dd9ac1-dbd3-4abf-8613-64613aa84145,,failed,[Errno 2] No such file or directory: 'ffmpeg'
de6c017b-df0c-4805-a609-4486db98e3bb,,failed,[Errno 2] No such file or directory: 'ffmpeg'
dd0b8bfe-7211-4874-93eb-ade89196b0a6,,failed,[Errno 2] No such file or directory: 'ffmpeg'
bc4e4f8b-6ca2-4a73-880a-869d7027350d,,failed,[Errno 2] No such file or directory: 'ffmpeg'
5b5a51c9-1c76-43f8-9519-20b9cbd6677e,,failed,[Errno 2] No such file or directory: 'ffmpeg'
201d619b-a3f2-469d-977f-4d43242976e2,,failed,[Errno 2] No such file or directory: 'ffmpeg'
6f4ab37f-ea4a-4ce5-be99-26e2d1c5a224,,failed,[Errno 2] No such file or directory: 'ffmpeg'
264a12cd-aed6-4820-a19c-0dd4c6708ffe,,failed,[Errno 2] No such file or directory: 'ffmpeg'
c42656f3-ed2e-4a2c-84f5-1c0962dee1a6,,failed,[Errno 2] No such file or directory: 'ffmpeg'
30eeb8f1-4783-4bd0-9363-8568686ccf2b,,failed,[Errno 2] No such file or directory: 'ffmpeg'
9ecb3212-4c2c-4d58-af59-b3ccd9ee07ea,,failed,[Errno 2] No such file or directory: 'ffmpeg'
d7beb0f9-1b78-48fd-8132-98bc426ac6b3,,failed,[Errno 2] No such file or directory: 'ffmpeg'
48cfffc3-0803-4021-94cd-58010108b064,,failed,[Errno 2] No such file or directory: 'ffmpeg'
9dae3a8b-5a5a-4389-a007-af57dd56c890,,failed,[Errno 2] No such file or directory: 'ffmpeg'
aad3e468-f847-4eac-a299-3638fc768f5f,,failed,[Errno 2] No such file or directory: 'ffmpeg'
5f3446fc-6372-4612-820e-d9ac2a517707,,failed,[Errno 2] No such file or directory: 'ffmpeg'
af06fc07-eab6-4974-9659-5edadd49eea7,,failed,[Errno 2] No such file or directory: 'ffmpeg'
c2612129-5042-4f9d-abde-7263eb15a023,,failed,[Errno 2] No such file or directory: 'ffmpeg'
5bf4d604-2cc4-4dfe-bd6b-d2fc1bffce71,,failed,[Errno 2] No such file or directory: 'ffmpeg'
26186d2b-0aca-4ef2-8393-34c3252e9b24,,failed,[Errno 2] No such file or directory: 'ffmpeg'
5b9817a5-4bfc-43d9-ade5-6706e054cda2,,failed,[Errno 2] No such file or directory: 'ffmpeg'
d24f9512-7f2a-42ca-b5a4-ed94a3140dd0,,failed,[Errno 2] No such file or directory: 'ffmpeg'
78fe5b8f-cfa4-4625-8612-04a8429ef81d,,failed,[Errno 2] No such file or directory: 'ffmpeg'
34c78215-fb77-4399-a7f1-d811272a879d,,failed,[Errno 2] No such file or directory: 'ffmpeg'
6787ecdf-7cc4-4b36-8fc1-426273b6e66f,,failed,[Errno 2] No such file or directory: 'ffmpeg'
8b8acd3a-8814-4a0d-9d85-f715df9183c2,,failed,[Errno 2] No such file or directory: 'ffmpeg'
4f42e3da-32f6-414f-aff4-cfe2d8bdc042,,failed,[Errno 2] No such file or directory: 'ffmpeg'
da55a2b0-0897-4750-8ceb-1b701fec9ea8,,failed,[Errno 2] No such file or directory: 'ffmpeg'
aebbbd81-1aa8-4816-9926-380b26bd8023,,failed,[Errno 2] No such file or directory: 'ffmpeg'
54f8c6f3-bfcb-4abf-93bb-96659fb5f67f,,failed,[Errno 2] No such file or directory: 'ffmpeg'
176db3a9-ff52-4964-8c96-f6da67d0d3b4,,failed,[Errno 2] No such file or directory: 'ffmpeg'
362e8757-00b1-4096-ac7e-0fe2fd72e18e,,failed,[Errno 2] No such file or directory: 'ffmpeg'
b29df823-a2a8-4d4a-a434-c0ec852986fe,,failed,[Errno 2] No such file or directory: 'ffmpeg'
8868f617-aac0-42c5-b6ea-609f656a1d05,,failed,[Errno 2] No such file or directory: 'ffmpeg'
e2e4f708-a8df-46cc-bb4e-e5461c30d873,,failed,[Errno 2] No such file or directory: 'ffmpeg'
320a4005-cff1-4f44-a153-739f529fa386,,failed,[Errno 2] No such file or directory: 'ffmpeg'
84d6d22c-78ab-46e6-8400-6715be6c83f3,,failed,[Errno 2] No such file or directory: 'ffmpeg'
2218f2f9-8173-48a1-aa31-f32af2a2aa92,,failed,[Errno 2] No such file or directory: 'ffmpeg'
db808b3f-0beb-4721-a37b-b1be85306c3f,,failed,[Errno 2] No such file or directory: 'ffmpeg'
262be104-115c-4b71-9395-d313294035a6,,failed,[Errno 2] No such file or directory: 'ffmpeg'
19b6b8ab-a7fd-42c0-a44b-06338cc6d349,,failed,[Errno 2] No such file or directory: 'ffmpeg'
59503e8b-eefa-4b51-ac12-c77c051eec18,,failed,[Errno 2] No such file or directory: 'ffmpeg'
a321c93e-1b20-4b6c-accf-50a1be58813c,,failed,[Errno 2] No such file or directory: 'ffmpeg'
378afcf0-1da4-42cb-a1e0-3ceb4363d3a4,,failed,[Errno 2] No such file or directory: 'ffmpeg'
e1757c77-cdca-4690-acf4-c637069565e4,,failed,[Errno 2] No such file or directory: 'ffmpeg'
8aea20ca-dee9-4085-aa8e-7e677cba1a87,,failed,[Errno 2] No such file or directory: 'ffmpeg'
5d024900-f70b-4378-b60c-8ba3e8f1d12b,,failed,[Errno 2] No such file or directory: 'ffmpeg'
cc89ee48-1e83-46fd-86a0-18b8dbeb84e5,,failed,[Errno 2] No such file or directory: 'ffmpeg'
58254204-6e10-4e40-813a-9357cbbe8b8c,,failed,[Errno 2] No such file or directory: 'ffmpeg'
b2e62d0d-23c9-441e-bb31-fee57faeafb5,,failed,[Errno 2] No such file or directory: 'ffmpeg'
84dd7eb4-e08c-462d-aa59-26d4590e0844,,failed,[Errno 2] No such file or directory: 'ffmpeg'
1c3fde85-c04d-4839-85ec-22fc6427aa13,,failed,[Errno 2] No such file or directory: 'ffmpeg'
f3961f43-e36d-400a-8fb2-491f2589dc59,,failed,[Errno 2] No such file or directory: 'ffmpeg'
6ba4168c-6453-4052-9846-8d2f0acf4b19,,failed,[Errno 2] No such file or directory: 'ffmpeg'
caed5aca-194c-4000-a8bd-cc2bed132179,,failed,[Errno 2] No such file or directory: 'ffmpeg'
8347bd32-ddc3-47c1-aa8d-39a0d42bcbc4,,failed,[Errno 2] No such file or directory: 'ffmpeg'
d17a7721-6f3c-4f76-a959-f2e906fe994f,,failed,[Errno 2] No such file or directory: 'ffmpeg'
9cf98c5e-360b-44f3-9268-dc4dbd51a5be,,failed,[Errno 2] No such file or directory: 'ffmpeg'
f57d156a-0d5f-4b64-b75a-18f7b420b076,,failed,[Errno 2] No such file or directory: 'ffmpeg'
ca81fb42-c5db-4fa4-bda0-fe5d81fb0580,,failed,[Errno 2] No such file or directory: 'ffmpeg'
077b10ce-40df-408c-a441-f260d956e1ae,,failed,[Errno 2] No such file or directory: 'ffmpeg'
90fdfc48-deae-48f7-b719-d1da2e3614f0,,failed,[Errno 2] No such file or directory: 'ffmpeg'
99885b49-21c9-4091-a490-798c36408ab6,,failed,[Errno 2] No such file or directory: 'ffmpeg'
2c4cb95a-5a95-403e-870c-490c86b1b65c,,failed,[Errno 2] No such file or directory: 'ffmpeg'
7b389270-6dc6-40a1-b13d-91c7589557f1,,failed,[Errno 2] No such file or directory: 'ffmpeg'
de3aa94e-fa95-492d-ba61-ca06d6ebc28c,,failed,[Errno 2] No such file or directory: 'ffmpeg'
2bbb890a-9e52-4227-8653-e1d1373a5799,,failed,[Errno 2] No such file or directory: 'ffmpeg'
0daa9eb8-8243-4057-9717-e63e9f30e0fa,,failed,[Errno 2] No such file or directory: 'ffmpeg'
921b34d9-c947-4488-a1b1-eab4fb78693d,,failed,[Errno 2] No such file or directory: 'ffmpeg'
52359557-babb-439c-b23b-510dc9eb4ac5,,failed,[Errno 2] No such file or directory: 'ffmpeg'
1b5d6a3a-61fc-47d2-89bd-acffccf776f0,,failed,[Errno 2] No such file or directory: 'ffmpeg'
bd685aa4-401e-4b21-87ff-4bddd91b793c,,failed,[Errno 2] No such file or directory: 'ffmpeg'
066c95e5-9d07-42af-8cbb-b457d77633d8,,failed,[Errno 2] No such file or directory: 'ffmpeg'
2035ed23-30ab-4d6b-962f-cd80cc852ed7,,failed,[Errno 2] No such file or directory: 'ffmpeg'
a2040d0a-a170-4e87-a8f5-ffaf333a79c0,,failed,[Errno 2] No such file or directory: 'ffmpeg'
80f9741b-fc78-4ce9-b2e8-1c119520ec15,,failed,[Errno 2] No such file or directory: 'ffmpeg'
886c2163-feb3-4f7f-b197-43b5132827d1,,failed,[Errno 2] No such file or directory: 'ffmpeg'
913c2f38-1a11-4d91-aacb-5318040bb026,,failed,[Errno 2] No such file or directory: 'ffmpeg'
509b12d5-bfa6-4ad1-b87c-63c955669d02,,failed,[Errno 2] No such file or directory: 'ffmpeg'
45709139-21dd-4b4b-bade-7886e4af027b,,failed,[Errno 2] No such file or directory: 'ffmpeg'
667049c0-9d98-48cd-a0a2-3cb8b17a1954,,failed,[Errno 2] No such file or directory: 'ffmpeg'
2253bfcb-111b-4232-a4e1-cc27449e200c,,failed,[Errno 2] No such file or directory: 'ffmpeg'
d350bf91-37c3-4861-b845-c5d5fda9ba80,,failed,[Errno 2] No such file or directory: 'ffmpeg'
2f1f92dc-6d82-4bb0-9a12-901fd004f53d,,failed,[Errno 2] No such file or directory: 'ffmpeg'
5baccac4-02be-464f-a5f1-5495cbecc39a,,failed,[Errno 2] No such file or directory: 'ffmpeg'
1aadc207-50aa-4d7f-b7d0-c9f1cf38c06d,,failed,[Errno 2] No such file or directory: 'ffmpeg'
e48e1c49-ca53-4042-be50-f60236f7667f,,failed,[Errno 2] No such file or directory: 'ffmpeg'
30658baf-9e87-4cb2-8a60-38578f1e6c39,,failed,[Errno 2] No such file or directory: 'ffmpeg'
6ca459f1-d61b-4954-8dfa-23632383faaf,,failed,[Errno 2] No such file or directory: 'ffmpeg'
5e84d9eb-fc0e-4999-939f-9f90fd596a6a,,failed,[Errno 2] No such file or directory: 'ffmpeg'
2bc42ab7-c63d-4600-88c2-6476aa6bb979,,failed,[Errno 2] No such file or directory: 'ffmpeg'
9c69154f-f4c2-4cc4-b9aa-ebd880790402,,failed,[Errno 2] No such file or directory: 'ffmpeg'
1b01b3c6-ab55-44f4-a382-c36755b7e73e,,failed,[Errno 2] No such file or directory: 'ffmpeg'
9d7778a3-5952-4d65-9a50-d1f2404cc597,,failed,[Errno 2] No such file or directory: 'ffmpeg'
5114d6ed-5c5e-4a24-809e-1e943e3205a6,,failed,[Errno 2] No such file or directory: 'ffmpeg'
f8cd7c5d-3c4d-49da-9c95-21253b47b6e9,,failed,[Errno 2] No such file or directory: 'ffmpeg'
0f85c42a-cd4d-46d9-b0f2-937678cfafc2,,failed,[Errno 2] No such file or directory: 'ffmpeg'
33890595-6fe3-443d-8dba-d6db9a02e430,,failed,[Errno 2] No such file or directory: 'ffmpeg'
bb606ef2-bbdd-4611-8d56-dabe0eefe709,,failed,[Errno 2] No such file or directory: 'ffmpeg'
b15f8267-d163-4cea-a6b0-9fa1ca32a934,,failed,[Errno 2] No such file or directory: 'ffmpeg'
ffeff4a2-2f16-4bf2-ae59-a99ee3dddfb1,,failed,[Errno 2] No such file or directory: 'ffmpeg'
dd1cc99f-9a49-4a94-9999-5021f9453d48,,failed,[Errno 2] No such file or directory: 'ffmpeg'
0bb43979-5249-4ffb-8f7b-fbe103d8c86f,,failed,[Errno 2] No such file or directory: 'ffmpeg'
8ae84a1d-2bd7-4875-a6e9-f9deb47d5b5a,,failed,[Errno 2] No such file or directory: 'ffmpeg'
260065be-116f-4fb4-ad39-ccd62a8256f8,,failed,[Errno 2] No such file or directory: 'ffmpeg'
7cde18d7-d8e6-4449-acbf-dba48e505ed0,,failed,[Errno 2] No such file or directory: 'ffmpeg'
d7e141cc-a65f-4895-8833-8ffaee18b0b9,,failed,[Errno 2] No such file or directory: 'ffmpeg'
684a4bbb-80c5-4f85-a0f6-cacb1245a80d,,failed,[Errno 2] No such file or directory: 'ffmpeg'
8f690550-ca91-4f4a-aeb4-046a71a39f23,,failed,[Errno 2] No such file or directory: 'ffmpeg'
b24ce4fa-1425-40bb-9731-b734be322209,,failed,[Errno 2] No such file or directory: 'ffmpeg'
11304f20-8954-48e7-9081-810ce2c81f64,,failed,[Errno 2] No such file or directory: 'ffmpeg'
497c6e93-9028-4b1e-8f4e-dc4ca3ef6730,,failed,[Errno 2] No such file or directory: 'ffmpeg'
80a760f0-2551-4e6e-91f3-c60de1c0a897,,failed,[Errno 2] No such file or directory: 'ffmpeg'
0751976f-181c-4fc5-a31e-71b9c9787b32,,failed,[Errno 2] No such file or directory: 'ffmpeg'
3251d3ed-5f3a-4d90-9d31-c45a336151ce,,failed,[Errno 2] No such file or directory: 'ffmpeg'
df204555-c397-4e33-b2c7-1e9f7c4f9198,,failed,[Errno 2] No such file or directory: 'ffmpeg'
a8261c2a-94e2-40f4-b2c9-50e666c64ad8,,failed,[Errno 2] No such file or directory: 'ffmpeg'
b8836b6b-8bf0-45c9-9a4e-fbe67805bb71,,failed,[Errno 2] No such file or directory: 'ffmpeg'
984db8a4-29a0-47da-9102-d7918d0ed07d,,failed,[Errno 2] No such file or directory: 'ffmpeg'
c39b8407-624e-4fdd-9a50-f323e9f8d445,,failed,[Errno 2] No such file or directory: 'ffmpeg'
4eda8579-ed0c-4ed8-9f8f-524aee21ab85,,failed,[Errno 2] No such file or directory: 'ffmpeg'
ffb1761b-3d05-4ac6-afbb-c7ed3f9afd92,,failed,[Errno 2] No such file or directory: 'ffmpeg'
3c0c684b-deef-45cc-a853-755b40ce530b,,failed,[Errno 2] No such file or directory: 'ffmpeg'
1c2c0877-daac-4af9-9a13-478db7ffb79c,,failed,[Errno 2] No such file or directory: 'ffmpeg'
364f1a73-9075-479e-b978-f4e3a134e0ec,,failed,[Errno 2] No such file or directory: 'ffmpeg'
323eeda0-a6af-4a4d-be35-bfa2d10026e4,,failed,[Errno 2] No such file or directory: 'ffmpeg'
992f7563-5220-45b9-99cf-737529944ca5,,failed,[Errno 2] No such file or directory: 'ffmpeg'
8bb719fe-db0c-4c56-a49a-18743ad66ada,,failed,[Errno 2] No such file or directory: 'ffmpeg'
84cf514d-525b-4228-96a4-18ba0c4ff5c1,,failed,[Errno 2] No such file or directory: 'ffmpeg'
fe98fabc-85da-4483-b51f-831bda8e0a7b,,failed,[Errno 2] No such file or directory: 'ffmpeg'
9a97f91f-0e4e-408c-bef1-e953b0c5acb6,,failed,[Errno 2] No such file or directory: 'ffmpeg'
91bad15a-a18d-4594-ad58-395a655757f0,,failed,[Errno 2] No such file or directory: 'ffmpeg'
50b2e4f0-b07a-41fc-87cf-b7b3c0575393,,failed,[Errno 2] No such file or directory: 'ffmpeg'
fe6b7671-dd2c-444f-bee1-adad28836c9f,,failed,[Errno 2] No such file or directory: 'ffmpeg'
00811784-5699-4359-a046-0c487bbfb934,,failed,[Errno 2] No such file or directory: 'ffmpeg'
d0441cb4-9a79-4bfc-aae8-6ae30d07779f,,failed,[Errno 2] No such file or directory: 'ffmpeg'
e627f1e8-c9f3-464f-8b1c-afd1f7d0bd4a,,failed,[Errno 2] No such file or directory: 'ffmpeg'
e14c128f-0967-426b-ad30-1c4d928a8679,,failed,[Errno 2] No such file or directory: 'ffmpeg'
6e63f744-83e6-4549-910b-2860e3840a23,,failed,[Errno 2] No such file or directory: 'ffmpeg'
92c9671e-e562-4041-a3c1-2c868b2bfa78,,failed,[Errno 2] No such file or directory: 'ffmpeg'
d32e395b-1d10-4b8b-89fe-c466e455513b,,failed,[Errno 2] No such file or directory: 'ffmpeg'
4e982df0-c267-4f52-8483-d35d7410dc26,,failed,[Errno 2] No such file or directory: 'ffmpeg'
cdba5ffb-9893-41b4-b384-a448d3059ce8,,failed,[Errno 2] No such file or directory: 'ffmpeg'
6c1f50eb-62b1-4a44-a3d9-5e1b79e851a9,,failed,[Errno 2] No such file or directory: 'ffmpeg'
331b1334-f176-4ffe-828a-c463224f6528,,failed,[Errno 2] No such file or directory: 'ffmpeg'
7af997c8-3135-4451-927e-cf0516ce1259,,failed,[Errno 2] No such file or directory: 'ffmpeg'
3a25dd0f-add1-4647-96f1-2500c3fd48f1,,failed,[Errno 2] No such file or directory: 'ffmpeg'
fdbb6b04-c601-4a22-ac5e-e39c52dfc23f,,failed,[Errno 2] No such file or directory: 'ffmpeg'
5f076f43-8b2e-4855-9af9-20a46869c755,,failed,[Errno 2] No such file or directory: 'ffmpeg'
814d56a5-4a27-49a4-bb4b-85887548f24e,,failed,[Errno 2] No such file or directory: 'ffmpeg'
2fab2f51-1a14-48b2-857b-153b80a48981,,failed,[Errno 2] No such file or directory: 'ffmpeg'
b27d4a47-4201-4c83-8863-946228e06b57,,failed,[Errno 2] No such file or directory: 'ffmpeg'
30c1bb7e-2bf8-4b83-bce6-563cf528d450,,failed,[Errno 2] No such file or directory: 'ffmpeg'
67d3b3a3-ed75-4e15-914d-53c711aa88f7,,failed,[Errno 2] No such file or directory: 'ffmpeg'
aee0d193-3b6d-421a-8f0a-d6961c75bd65,,failed,[Errno 2] No such file or directory: 'ffmpeg'
383d4b98-db96-40e7-bcce-8d2899df4c47,,failed,[Errno 2] No such file or directory: 'ffmpeg'
dd581352-b1b0-4591-8baf-8125ed44cf23,,failed,[Errno 2] No such file or directory: 'ffmpeg'
ca5a7d4a-23c9-409f-aa23-64ba1da3f210,,failed,[Errno 2] No such file or directory: 'ffmpeg'
3d78ea75-f6e6-4ea5-bc50-c5c4f2dfb9a4,,failed,[Errno 2] No such file or directory: 'ffmpeg'
18c4af4b-22a4-447e-87d9-074be5697afd,,failed,[Errno 2] No such file or directory: 'ffmpeg'
26f0503e-999c-45ac-9616-5db58525ccb8,,failed,[Errno 2] No such file or directory: 'ffmpeg'
d8b22bc3-ff2b-4a49-91bc-96fe0c0cf61f,,failed,[Errno 2] No such file or directory: 'ffmpeg'
462f283f-00a5-4c6b-b1ea-5098728cc03d,,failed,[Errno 2] No such file or directory: 'ffmpeg'
92e3fbb0-253f-421f-b527-a5a142ae8808,,failed,[Errno 2] No such file or directory: 'ffmpeg'
a731ac2f-90a2-4f1a-a73a-b4da3bf291de,,failed,[Errno 2] No such file or directory: 'ffmpeg'
b474d6b8-de0f-4a56-b3b5-0d878e493c14,,failed,[Errno 2] No such file or directory: 'ffmpeg'
fc9ae5ca-6dab-422d-8d14-abf9b11879f2,,failed,[Errno 2] No such file or directory: 'ffmpeg'
e5b14863-817b-41e9-b0fe-0a53becce23b,,failed,[Errno 2] No such file or directory: 'ffmpeg'
8f6e464a-a7fe-4496-a27f-7f0a9e8d0d82,,failed,[Errno 2] No such file or directory: 'ffmpeg'
b1bf0199-8e7d-4e0a-b3e8-0fde864683db,,failed,[Errno 2] No such file or directory: 'ffmpeg'
e7463c67-e3d8-4b6e-834e-462887f76fbd,,failed,[Errno 2] No such file or directory: 'ffmpeg'
4677afa9-ea29-4c10-8685-f1619a4a8699,,failed,[Errno 2] No such file or directory: 'ffmpeg'
1ee7e4e9-b4d8-4b97-8fd3-dcdcbaafc195,,failed,[Errno 2] No such file or directory: 'ffmpeg'
6ee2a649-06ed-4728-9864-dc33bff3c5bb,,failed,[Errno 2] No such file or directory: 'ffmpeg'
54667885-038b-469b-ba23-550fe3f41fc3,,failed,[Errno 2] No such file or directory: 'ffmpeg'
540bdd63-d1d5-4865-8fe4-a9fe10a0fc23,,failed,[Errno 2] No such file or directory: 'ffmpeg'
a4c7235b-a046-4338-87d9-8b2f2058db97,,failed,[Errno 2] No such file or directory: 'ffmpeg'
bed9541c-8fc6-4a3d-b565-4cab7dde7449,,failed,[Errno 2] No such file or directory: 'ffmpeg'
230d1e0f-9880-4e31-8d57-f32496f00665,,failed,[Errno 2] No such file or directory: 'ffmpeg'
36e925fa-bfbe-4085-8c73-67a873af5b8b,,failed,[Errno 2] No such file or directory: 'ffmpeg'
51d99225-ec0f-4460-8528-f2dde6eb21d9,,failed,[Errno 2] No such file or directory: 'ffmpeg'
4c097bed-b989-4b9a-b31a-3e2705caacc5,,failed,[Errno 2] No such file or directory: 'ffmpeg'
d75651fe-b2d0-42a8-869d-fab53b857f34,,failed,[Errno 2] No such file or directory: 'ffmpeg'
aa958dde-92c3-40de-a84a-f727d99439db,,failed,[Errno 2] No such file or directory: 'ffmpeg'
47793eed-0f0b-4ba1-bac4-e5d0c3ffb975,,failed,[Errno 2] No such file or directory: 'ffmpeg'
883b3a44-d562-4c6b-b690-f910845d1a0a,,failed,[Errno 2] No such file or directory: 'ffmpeg'
8ac57d43-19c2-4041-9612-e3ee97c96a7d,,failed,[Errno 2] No such file or directory: 'ffmpeg'
7796535f-47ef-4c38-b4af-f9f091e24e9a,,failed,[Errno 2] No such file or directory: 'ffmpeg'
b725c696-758f-4c32-852b-1145f210143e,,failed,[Errno 2] No such file or directory: 'ffmpeg'
a1830066-48d8-42d1-87bd-93087ade5c60,,failed,[Errno 2] No such file or directory: 'ffmpeg'
4a577161-4256-42b8-a97d-da27d17d3cc8,,failed,[Errno 2] No such file or directory: 'ffmpeg'
bfe7f137-7024-4537-b9fa-745353cad4e5,,failed,[Errno 2] No such file or directory: 'ffmpeg'
435a5b97-ac9f-4993-ac42-91b830af3cc2,,failed,[Errno 2] No such file or directory: 'ffmpeg'
055ad588-1dae-4df1-9995-da6ebc32c35e,,failed,[Errno 2] No such file or directory: 'ffmpeg'
f19537ff-1cf4-4a28-86b1-dd658a48a096,,failed,[Errno 2] No such file or directory: 'ffmpeg'
6ecbc682-602e-4b14-b279-0a54f4ce7065,,failed,[Errno 2] No such file or directory: 'ffmpeg'
929306b6-da79-4b0a-9807-8a7fdf47680e,,failed,[Errno 2] No such file or directory: 'ffmpeg'
4b265fea-1922-4ffc-ba7f-01238462a94a,,failed,[Errno 2] No such file or directory: 'ffmpeg'
28fcadbe-b2c9-47b3-a171-602b9cd2c1f5,,failed,[Errno 2] No such file or directory: 'ffmpeg'
90aaa753-5136-4f31-8032-b64b09f0a671,,failed,[Errno 2] No such file or directory: 'ffmpeg'
37bf01d2-b4ed-4022-bdb6-85fd0c959267,,failed,[Errno 2] No such file or directory: 'ffmpeg'
89e64832-a48b-451c-a1af-1f4b44922b9e,,failed,[Errno 2] No such file or directory: 'ffmpeg'
125db7c5-98b1-4597-b32f-3215f435fa53,,failed,[Errno 2] No such file or directory: 'ffmpeg'
5c469186-3703-4055-97f8-148cc71dbed0,,failed,[Errno 2] No such file or directory: 'ffmpeg'
b43d12d5-c347-430f-abf2-6f382d015d0e,,failed,[Errno 2] No such file or directory: 'ffmpeg'
ab9fc772-06db-448e-a6c5-b176c52fb054,,failed,[Errno 2] No such file or directory: 'ffmpeg'
8250e63c-3027-433c-a71a-d4acf56e7cc5,,failed,[Errno 2] No such file or directory: 'ffmpeg'
cd91aec3-97a3-4ebd-b141-4f8aa112aa70,,failed,[Errno 2] No such file or directory: 'ffmpeg'
c9785117-578c-41d7-a472-c79ff2749699,,failed,[Errno 2] No such file or directory: 'ffmpeg'
fed118a5-9b3c-439e-8bdc-2ac73c810d48,,failed,[Errno 2] No such file or directory: 'ffmpeg'
0fc76201-cdf7-4edd-84e3-634b923fa2a6,,failed,[Errno 2] No such file or directory: 'ffmpeg'
777465ea-fbcd-494d-be06-2b248e29316d,,failed,[Errno 2] No such file or directory: 'ffmpeg'
398ff050-934a-4277-aeb9-0defbf8ea89a,,failed,[Errno 2] No such file or directory: 'ffmpeg'
3393e7b7-cfaf-474c-9df1-cd2d44e41b57,,failed,[Errno 2] No such file or directory: 'ffmpeg'
ba2cb5a3-32fa-4086-9c9f-3e55f42dfa05,,failed,[Errno 2] No such file or directory: 'ffmpeg'
592864f8-1c10-4988-ae93-e56a71b96c0c,,failed,[Errno 2] No such file or directory: 'ffmpeg'
43bd850b-fa1a-4481-8ab3-b336575ef460,,failed,[Errno 2] No such file or directory: 'ffmpeg'
94b6e2a9-dc25-4257-b1c3-a68e9afe8838,,failed,[Errno 2] No such file or directory: 'ffmpeg'
3c5fa293-c1df-49f1-b5e8-e87cd66a14a6,,failed,[Errno 2] No such file or directory: 'ffmpeg'
ae758407-d25d-4378-8c0a-93c1e9090c53,,failed,[Errno 2] No such file or directory: 'ffmpeg'
dfd92324-decd-49b2-8f77-ca7516a62ca0,,failed,[Errno 2] No such file or directory: 'ffmpeg'
d0087a8c-3798-4658-8d2e-e440469527f2,,failed,[Errno 2] No such file or directory: 'ffmpeg'
d9fa5442-9d58-4bf3-93ed-a1dacf35b82c,,failed,[Errno 2] No such file or directory: 'ffmpeg'
759551a3-3876-4fda-93cd-f89076f6bc24,,failed,[Errno 2] No such file or directory: 'ffmpeg'
1450db71-3c6c-41e4-88be-4ac3d89c0e36,,failed,[Errno 2] No such file or directory: 'ffmpeg'
c30b3146-d640-4989-9868-8f3e6b27014c,,failed,[Errno 2] No such file or directory: 'ffmpeg'
327afdc0-2d02-469f-bf60-27fa30fba05f,,failed,[Errno 2] No such file or directory: 'ffmpeg'
a7bddeeb-c111-468c-ad96-2ace94e8fbe5,,failed,[Errno 2] No such file or directory: 'ffmpeg'
78100c90-f8c3-4943-99e9-1de23fd4f955,,failed,[Errno 2] No such file or directory: 'ffmpeg'
1b35ecc5-638f-4387-962c-83724a48329a,,failed,[Errno 2] No such file or directory: 'ffmpeg'
79a850f8-c110-45b9-ae35-e0f63b620595,,failed,[Errno 2] No such file or directory: 'ffmpeg'
0a17c670-5d4d-4035-9380-66f84d9773f8,,failed,[Errno 2] No such file or directory: 'ffmpeg'
5f3cbd9c-0ac2-4725-857c-b5259945d2b8,,failed,[Errno 2] No such file or directory: 'ffmpeg'
88a3de62-a1cc-4948-8fb5-a2ec42ba7b5a,,failed,[Errno 2] No such file or directory: 'ffmpeg'
4460de3f-ad08-4ddd-bbc0-713f61afa7ac,,failed,[Errno 2] No such file or directory: 'ffmpeg'
1d85621d-8e0f-40c1-a850-4ee8be8d9d12,,failed,[Errno 2] No such file or directory: 'ffmpeg'
057ee357-a536-490c-ab6d-7ce10abcc1c2,,failed,[Errno 2] No such file or directory: 'ffmpeg'
7d5a2862-e542-41ec-bfa9-567f95b25fca,,failed,[Errno 2] No such file or directory: 'ffmpeg'
62ae9296-23d1-4de2-bd2f-08ed88cc577e,,failed,[Errno 2] No such file or directory: 'ffmpeg'
bea43f1c-206f-4119-9f43-a7bbc3a8289a,,failed,[Errno 2] No such file or directory: 'ffmpeg'
9fab941b-fbd5-4f7c-a211-ba17abb64daa,,failed,[Errno 2] No such file or directory: 'ffmpeg'
63fe7032-17c4-4d2d-ace8-3317b7fb251f,,failed,[Errno 2] No such file or directory: 'ffmpeg'
c24d99d8-2d55-4ff2-b182-f82f67d639f3,,failed,[Errno 2] No such file or directory: 'ffmpeg'
b28bf559-50a0-4793-ad31-0c74ada6313f,,failed,[Errno 2] No such file or directory: 'ffmpeg'
0d6a4b4f-d040-4ea8-9420-7a12d8575ade,,failed,[Errno 2] No such file or directory: 'ffmpeg'
e77a8fa3-ca42-4316-9d94-2875c83f0e7d,,failed,[Errno 2] No such file or directory: 'ffmpeg'
54d85477-0371-4798-b0be-fbb6ede3647b,,failed,[Errno 2] No such file or directory: 'ffmpeg'
b42f2df0-1057-4012-a2f5-c906456083ba,,failed,[Errno 2] No such file or directory: 'ffmpeg'
15cdd66d-946e-4725-b620-2d158aab4816,,failed,[Errno 2] No such file or directory: 'ffmpeg'
b11f6a23-208e-4fd2-a134-1fd924177be2,,failed,[Errno 2] No such file or directory: 'ffmpeg'
c1980d1a-d5eb-4780-a96d-d5cc7f4470af,,failed,[Errno 2] No such file or directory: 'ffmpeg'
c295c329-11e5-44d6-a985-1dbc3e5b5f01,,failed,[Errno 2] No such file or directory: 'ffmpeg'
22ad979b-fb5d-4812-8b1c-ac10282f6ea0,,failed,[Errno 2] No such file or directory: 'ffmpeg'
0c90413e-ee86-49de-b1d0-12ce958ebd04,,failed,[Errno 2] No such file or directory: 'ffmpeg'
c08ef9a7-8c36-44ec-a0df-c09a1f44ef6e,,failed,[Errno 2] No such file or directory: 'ffmpeg'
402d4656-0e8a-4f56-8777-40f5f64d9737,,failed,[Errno 2] No such file or directory: 'ffmpeg'
fbbc9b51-781b-4ff3-8c48-19eaae375e7e,,failed,[Errno 2] No such file or directory: 'ffmpeg'
f6dceb71-164b-4b53-85fa-1611ca0e9a1f,,failed,[Errno 2] No such file or directory: 'ffmpeg'
daa0ffa4-7f73-4277-abde-adc5e8a036bc,,failed,[Errno 2] No such file or directory: 'ffmpeg'
2f63de3b-5e69-4d62-b41e-314316d066e4,,failed,[Errno 2] No such file or directory: 'ffmpeg'
81bfe37b-0c6d-4ad5-9243-ee2276daaf93,,failed,[Errno 2] No such file or directory: 'ffmpeg'
c13d21e7-783c-4bd5-8a60-70ea9e8ac624,,failed,[Errno 2] No such file or directory: 'ffmpeg'
9fbfa870-7938-4e87-9b6e-90b8b41c2416,,failed,[Errno 2] No such file or directory: 'ffmpeg'
0d3976f0-1de3-4bcc-b8c1-39b1329632ce,,failed,[Errno 2] No such file or directory: 'ffmpeg'
2f945e3e-bc70-4836-8003-b34d01a76ac4,,failed,[Errno 2] No such file or directory: 'ffmpeg'
59058e8f-40ea-4ced-ae33-8d17d209c122,,failed,[Errno 2] No such file or directory: 'ffmpeg'
6632e953-150f-4277-a343-44a0267f895f,,failed,[Errno 2] No such file or directory: 'ffmpeg'
e5e7770c-4e65-4471-94a0-5922b91536f6,,failed,[Errno 2] No such file or directory: 'ffmpeg'
06c68eb6-15ff-420a-ac95-65e26c5654ff,,failed,[Errno 2] No such file or directory: 'ffmpeg'
cdd50b61-22f8-491c-894f-070d6c52d158,,failed,[Errno 2] No such file or directory: 'ffmpeg'
59f039dd-6195-422d-8ab9-46a6595eff23,,failed,[Errno 2] No such file or directory: 'ffmpeg'
5aa4e060-f0df-4632-a01a-f40e10d328f4,,failed,[Errno 2] No such file or directory: 'ffmpeg'
f067e057-97de-457f-a07b-239b7babf324,,failed,[Errno 2] No such file or directory: 'ffmpeg'
142aaaac-9553-4d7f-bc68-c18fe8639b61,,failed,[Errno 2] No such file or directory: 'ffmpeg'
1976f29d-00bd-427f-95ec-cffda4cafdfe,,failed,[Errno 2] No such file or directory: 'ffmpeg'
7492a0b1-a668-480c-89ba-aabd2d363254,,failed,[Errno 2] No such file or directory: 'ffmpeg'
0d25e5af-67a3-4f4d-a0cc-335787bd986b,,failed,[Errno 2] No such file or directory: 'ffmpeg'
ab5e3c18-5d63-46c3-8d36-8242531bc693,,failed,[Errno 2] No such file or directory: 'ffmpeg'
bc00e1c4-c841-4afb-a3e4-45e4092aa8df,,failed,[Errno 2] No such file or directory: 'ffmpeg'
0063d41d-46ce-404b-b3ae-98331e788008,,failed,[Errno 2] No such file or directory: 'ffmpeg'
74e0b3a9-75ec-4101-a3a5-c6239a74812d,,failed,[Errno 2] No such file or directory: 'ffmpeg'
96b41f24-8a17-4840-bfd1-2cffcdf3faa4,,failed,[Errno 2] No such file or directory: 'ffmpeg'
7765ed16-d420-4cd4-879d-a848e93a850a,,failed,[Errno 2] No such file or directory: 'ffmpeg'
33394718-e807-444a-a6f2-47e67682e035,,failed,[Errno 2] No such file or directory: 'ffmpeg'
a5c25e22-0a64-4b39-8a31-7ba3cb7a6f39,,failed,[Errno 2] No such file or directory: 'ffmpeg'
be3fe0a1-01c3-44c3-aaa9-a49ce5a9270f,,failed,[Errno 2] No such file or directory: 'ffmpeg'
26c62be0-45d0-4227-ba37-93fcebfe6d7f,,failed,[Errno 2] No such file or directory: 'ffmpeg'
500013a5-47bc-47c3-8a76-4956c2580664,,failed,[Errno 2] No such file or directory: 'ffmpeg'
0f03edd3-88dc-4f5b-af48-83b95e9360d2,,failed,[Errno 2] No such file or directory: 'ffmpeg'
15cfd766-54bb-4914-807d-634ae1c1a0ac,,failed,[Errno 2] No such file or directory: 'ffmpeg'
b6c58de5-c161-45e7-9433-ba0e5c79c516,,failed,[Errno 2] No such file or directory: 'ffmpeg'
373486dc-acc1-4a55-bc5d-be50790376db,,failed,[Errno 2] No such file or directory: 'ffmpeg'
9c3c1a81-6f72-4dde-bb2e-ca2d27b3c0a0,,failed,[Errno 2] No such file or directory: 'ffmpeg'
8df4954d-e065-43ff-a1d2-9ee1d4264e89,,failed,[Errno 2] No such file or directory: 'ffmpeg'
4c2aef8f-da32-4005-a05c-0c4aaf1d8b02,,failed,[Errno 2] No such file or directory: 'ffmpeg'
9bac4404-5925-43d2-b590-bb5e492ca4d1,,failed,[Errno 2] No such file or directory: 'ffmpeg'
70a83ee9-19fa-44f0-8f4f-5d597b2a3e02,,failed,[Errno 2] No such file or directory: 'ffmpeg'
67a42779-62ab-4835-bd81-633fe8153752,,failed,[Errno 2] No such file or directory: 'ffmpeg'
8706e9a4-b06c-410b-aae7-2b3a0f067e7c,,failed,[Errno 2] No such file or directory: 'ffmpeg'
280c06c0-df57-4c4b-97c4-4920babffbca,,failed,[Errno 2] No such file or directory: 'ffmpeg'
3dadc09b-4f52-47b9-9d49-48afba284ccf,,failed,[Errno 2] No such file or directory: 'ffmpeg'
e42c5367-be09-4263-bb2c-f08a289f6d44,,failed,[Errno 2] No such file or directory: 'ffmpeg'
9c773bd6-058f-46a5-9fdf-3ea4790ecaf2,,failed,[Errno 2] No such file or directory: 'ffmpeg'
1d8fbea5-8d91-4ad4-990b-8c54f2879367,,failed,[Errno 2] No such file or directory: 'ffmpeg'
262d5b11-5d84-4d2b-b43a-12296c600050,,failed,[Errno 2] No such file or directory: 'ffmpeg'
cb48bdea-b89d-4daa-9ebd-a6cffedc32d4,,failed,[Errno 2] No such file or directory: 'ffmpeg'
89db7ae2-8dc7-4754-9e86-f19ca430c0e6,,failed,[Errno 2] No such file or directory: 'ffmpeg'
3884f5ec-2bfc-4f20-bfa2-4d349e8eb5e3,,failed,[Errno 2] No such file or directory: 'ffmpeg'
95751285-68fb-4a76-ae6c-d1daed39c89f,,failed,[Errno 2] No such file or directory: 'ffmpeg'
ea103bd3-f0d6-46b8-9135-a17c30720285,,failed,[Errno 2] No such file or directory: 'ffmpeg'
a877d332-8f12-41bc-bcba-c15cf5c7605f,,failed,[Errno 2] No such file or directory: 'ffmpeg'
0d3d15b8-ed59-45d9-a805-0e4a9bede81f,,failed,[Errno 2] No such file or directory: 'ffmpeg'
a2c9b5e2-5d87-4437-84be-f9fafbc230c5,,failed,[Errno 2] No such file or directory: 'ffmpeg'
df11b42b-d6b6-4b8e-80af-e45ca388dd46,,failed,[Errno 2] No such file or directory: 'ffmpeg'
ee4d7315-76ee-4b32-a5e1-4b777a6b5c58,,failed,[Errno 2] No such file or directory: 'ffmpeg'
d8a594d3-c956-4dc0-97a4-19ddfc5979d5,,failed,[Errno 2] No such file or directory: 'ffmpeg'
d53a6fb0-e1a1-4fba-924b-4259028d75c8,,failed,[Errno 2] No such file or directory: 'ffmpeg'
85167e22-b47d-4ceb-8f0e-1345261d4204,,failed,[Errno 2] No such file or directory: 'ffmpeg'
b75cbcb7-799c-4ede-8367-f8c970caa03c,,failed,[Errno 2] No such file or directory: 'ffmpeg'
fd317895-c53f-49e2-9c84-a1ed30597c72,,failed,[Errno 2] No such file or directory: 'ffmpeg'
f4538bc8-470c-4d9d-b8dd-22394bdde0e7,,failed,[Errno 2] No such file or directory: 'ffmpeg'
c235591f-5575-4dcb-81b8-f2eab1473d8a,,failed,[Errno 2] No such file or directory: 'ffmpeg'
e55c1e6e-c2ae-4fd6-9a99-d069e63b08ce,,failed,[Errno 2] No such file or directory: 'ffmpeg'
8ae6f491-5cda-4a06-a307-cff7ebb0e13e,,failed,[Errno 2] No such file or directory: 'ffmpeg'
377f3d0b-6788-4faf-9b40-a074beb13aa1,,failed,[Errno 2] No such file or directory: 'ffmpeg'
c12b6f01-12fb-4a5c-ad46-bf95d72bd886,,failed,[Errno 2] No such file or directory: 'ffmpeg'
c5630eab-688a-4ab7-b7b6-f2e9c7be0142,,failed,[Errno 2] No such file or directory: 'ffmpeg'
f374158a-73b1-4c91-82e5-0ae6cf2c61a3,,failed,[Errno 2] No such file or directory: 'ffmpeg'
a4a48bbc-343b-4924-98eb-4fee5a85b9f4,,failed,[Errno 2] No such file or directory: 'ffmpeg'
63cd4b2e-fec2-44f4-80cd-227ac5afeb73,,failed,[Errno 2] No such file or directory: 'ffmpeg'
7a0f80c2-1471-4e94-be31-505c0ee9b8ec,,failed,[Errno 2] No such file or directory: 'ffmpeg'
94905b93-6d83-443d-b632-533758f551c5,,failed,[Errno 2] No such file or directory: 'ffmpeg'
efad164d-f4a0-4b0d-8d96-cbff25bfa20c,,failed,[Errno 2] No such file or directory: 'ffmpeg'
d9cbd7a8-ce49-465f-a4b2-f927c18a8082,,failed,[Errno 2] No such file or directory: 'ffmpeg'
942c0807-2a7f-4d36-bc88-a0c1f92ffe29,,failed,[Errno 2] No such file or directory: 'ffmpeg'
ab96b791-448a-4096-90f2-4a59ff082e40,,failed,[Errno 2] No such file or directory: 'ffmpeg'
7eb6d2d1-3202-4f56-a979-ced95a37a435,,failed,[Errno 2] No such file or directory: 'ffmpeg'
f4be1cb6-e98d-4a02-a260-0d6b4f443035,,failed,[Errno 2] No such file or directory: 'ffmpeg'
00518165-9f53-419d-9a32-7eebfad8ec88,,failed,[Errno 2] No such file or directory: 'ffmpeg'
03e9b1ed-e6ec-4e01-8a9d-0983491652d0,,failed,[Errno 2] No such file or directory: 'ffmpeg'
fdbcc5ac-6298-4116-8a18-75a856d65420,,failed,[Errno 2] No such file or directory: 'ffmpeg'
ad3a58c5-cda5-446c-8a67-2a7911119120,,failed,[Errno 2] No such file or directory: 'ffmpeg'
14ea858d-255d-4207-b4e1-c26626f804eb,,failed,[Errno 2] No such file or directory: 'ffmpeg'
37b6d0fb-0f7e-4c76-a1bb-a193a33e0cbe,,failed,[Errno 2] No such file or directory: 'ffmpeg'
f0bc07e5-55f1-4b28-a32a-fd785951102e,,failed,[Errno 2] No such file or directory: 'ffmpeg'
c2ededf8-855a-49cd-b3c5-2061c75cee7c,,failed,[Errno 2] No such file or directory: 'ffmpeg'
8a4f68ea-fe40-49a5-8474-4538571e940c,,failed,[Errno 2] No such file or directory: 'ffmpeg'
28458084-0da5-4e99-b895-4bebb3f05c54,,failed,[Errno 2] No such file or directory: 'ffmpeg'
94ae1f45-2924-401c-8e53-451ed3300b7e,,failed,[Errno 2] No such file or directory: 'ffmpeg'
509739c0-96d5-4431-bd28-a6d2d87f4866,,failed,[Errno 2] No such file or directory: 'ffmpeg'
b76dac9f-ae3a-434f-b35c-96362aadcb93,,failed,[Errno 2] No such file or directory: 'ffmpeg'
bb942eaa-99c3-4f87-b892-bdb3be78bd62,,failed,[Errno 2] No such file or directory: 'ffmpeg'
d1f4a460-2e8a-4fec-ac57-3008049d8fe3,,failed,[Errno 2] No such file or directory: 'ffmpeg'
6d93d03c-c3eb-4bfe-9d76-362fde7a7398,,failed,[Errno 2] No such file or directory: 'ffmpeg'
1be8e5fc-3a55-4699-b9dd-8394b33fcdab,,failed,[Errno 2] No such file or directory: 'ffmpeg'
7b790d78-6dee-40d4-9cde-89bd6fac29c7,,failed,[Errno 2] No such file or directory: 'ffmpeg'
6b443caa-72ad-46f5-990a-3328e420e9b0,,failed,[Errno 2] No such file or directory: 'ffmpeg'
a3a51a75-3dd0-4c97-b109-a9b5332b86ae,,failed,[Errno 2] No such file or directory: 'ffmpeg'
cdbb3bc6-ff52-4f01-92d3-6686952f2bbb,,failed,[Errno 2] No such file or directory: 'ffmpeg'
b36a77de-c54c-443d-9edc-eabebd6aa37f,,failed,[Errno 2] No such file or directory: 'ffmpeg'
0100258e-dafe-42bb-8c4c-1448eb7704f3,,failed,[Errno 2] No such file or directory: 'ffmpeg'
ff80aa88-c2c0-43cc-8d85-04028ceeed8c,,failed,[Errno 2] No such file or directory: 'ffmpeg'
1548b8ab-c8ca-42ae-9aea-48664564b7c4,,failed,[Errno 2] No such file or directory: 'ffmpeg'
2b602fb4-86ea-4a17-956f-b74ec05dccc5,,failed,[Errno 2] No such file or directory: 'ffmpeg'
a9ef314f-b9c5-429d-912e-21eb86922203,,failed,[Errno 2] No such file or directory: 'ffmpeg'
696d9354-0b83-4e0c-b986-1d4ce67358d0,,failed,[Errno 2] No such file or directory: 'ffmpeg'
1714541b-38c9-4893-acd0-9f06ad1d4813,,failed,[Errno 2] No such file or directory: 'ffmpeg'
9696e390-bc69-4e3b-b6e7-3ecc6814d039,,failed,[Errno 2] No such file or directory: 'ffmpeg'
a5661886-1e31-422e-9dd6-2802df236fff,,failed,[Errno 2] No such file or directory: 'ffmpeg'
17210bf3-3c8e-4808-994d-84f87612106a,,failed,[Errno 2] No such file or directory: 'ffmpeg'
4f1e21c5-beb7-4ca4-afdc-eb63b393a996,,failed,[Errno 2] No such file or directory: 'ffmpeg'
47bed977-20a5-4b42-9b62-32246a38aabf,,failed,[Errno 2] No such file or directory: 'ffmpeg'
54efca3c-60fc-466b-93ed-31df2e156ede,,failed,[Errno 2] No such file or directory: 'ffmpeg'
7046577e-9fa5-48bf-b1d7-6cfd098bc65a,,failed,[Errno 2] No such file or directory: 'ffmpeg'
c6725509-3177-4edd-8c7f-e72d85dfaa48,,failed,[Errno 2] No such file or directory: 'ffmpeg'
a2699f40-c844-42cd-9178-c2fef0466355,,failed,[Errno 2] No such file or directory: 'ffmpeg'
e5eb97c3-f848-4792-b8e9-f50ae073c6a5,,failed,[Errno 2] No such file or directory: 'ffmpeg'
701747be-a2a5-4aa6-8e7a-bd76167a762e,,failed,[Errno 2] No such file or directory: 'ffmpeg'
696d7633-1492-40cd-b4a1-f513fb83db32,,failed,[Errno 2] No such file or directory: 'ffmpeg'
6e9a9f07-fc64-4d8c-a2ab-b25954b2bc04,,failed,[Errno 2] No such file or directory: 'ffmpeg'
e25c3d02-f1dd-42a5-b772-951a092df729,,failed,[Errno 2] No such file or directory: 'ffmpeg'
a808b2d7-fc90-4ba7-891a-356cb3beac6e,,failed,[Errno 2] No such file or directory: 'ffmpeg'
8702f51d-8176-4c51-87a4-2a4c5cc647a1,,failed,[Errno 2] No such file or directory: 'ffmpeg'
a1ba3975-83fd-4d02-9031-6d33da3ec709,,failed,[Errno 2] No such file or directory: 'ffmpeg'
3e044655-92cc-4a0a-acbc-141fe1306a83,,failed,[Errno 2] No such file or directory: 'ffmpeg'
d3e8e7a6-9e3e-4d79-932d-8ea02c7cad79,,failed,[Errno 2] No such file or directory: 'ffmpeg'
7dffa5bb-e25b-4fbb-abf4-a4784f1fb6eb,,failed,[Errno 2] No such file or directory: 'ffmpeg'
aa0652d3-3c45-40d4-bc39-e02d5071e9f2,,failed,[Errno 2] No such file or directory: 'ffmpeg'
ff390699-9de7-4899-bd58-cb904324ce78,,failed,[Errno 2] No such file or directory: 'ffmpeg'
8d3fb2cd-ed75-4560-a6e1-15e2b7b2a6cb,,failed,[Errno 2] No such file or directory: 'ffmpeg'
9cc919e4-4a56-42a4-a8dd-d696af2ded3d,,failed,[Errno 2] No such file or directory: 'ffmpeg'
bd52af59-17b3-47e6-99bb-26a2bcfe0605,,failed,[Errno 2] No such file or directory: 'ffmpeg'
a23ecbe0-2c8c-480e-b576-3ae99f260eea,,failed,[Errno 2] No such file or directory: 'ffmpeg'
c85f9ce5-be1b-4032-8baf-000912510d5c,,failed,[Errno 2] No such file or directory: 'ffmpeg'
65599096-fe13-4678-b8e2-68d13f38c4be,,failed,[Errno 2] No such file or directory: 'ffmpeg'
e233082b-971f-40de-a800-1c66704eb12f,,failed,[Errno 2] No such file or directory: 'ffmpeg'
88a4ab2e-379d-43db-99d9-319024511992,,failed,[Errno 2] No such file or directory: 'ffmpeg'
c02410df-000a-4134-a977-a01b91c84c8b,,failed,[Errno 2] No such file or directory: 'ffmpeg'
5bd19fc9-edac-45d7-a63a-5a99c8e44415,,failed,[Errno 2] No such file or directory: 'ffmpeg'
74385c3f-55ca-4ce3-b3ca-4c8da96c482c,,failed,[Errno 2] No such file or directory: 'ffmpeg'
bf2ff38a-dec2-4659-be9d-d622e4dd5848,,failed,[Errno 2] No such file or directory: 'ffmpeg'
2c657ef2-e35a-4c96-9551-0ad8a1bd4c20,,failed,[Errno 2] No such file or directory: 'ffmpeg'
90877914-3776-46a2-b683-09027c0ca26f,,failed,[Errno 2] No such file or directory: 'ffmpeg'
539be9a6-85ca-4bf8-ae67-d34f7ef51ce9,,failed,[Errno 2] No such file or directory: 'ffmpeg'
1f538a5f-20b0-464e-92b2-c1b36cee07b8,,failed,[Errno 2] No such file or directory: 'ffmpeg'
91797671-0560-4c86-9c61-b899c63b2382,,failed,[Errno 2] No such file or directory: 'ffmpeg'
5571e103-f5a3-46c0-8457-658242d286ae,,failed,[Errno 2] No such file or directory: 'ffmpeg'
7bb8389c-a1f3-4794-9277-9d913b8a80d4,,failed,[Errno 2] No such file or directory: 'ffmpeg'
ebfcf693-7663-46e5-a63e-33c1df1ba0c4,,failed,[Errno 2] No such file or directory: 'ffmpeg'
044ff7c3-b66a-417a-8792-db2c87739b78,,failed,[Errno 2] No such file or directory: 'ffmpeg'
de39562a-014a-4744-a601-91f168526d0b,,failed,[Errno 2] No such file or directory: 'ffmpeg'
5aef9bf2-25b8-4c2e-9d0c-d3093ae39ec8,,failed,[Errno 2] No such file or directory: 'ffmpeg'
aa19ce2a-a1a8-4222-a394-d6ae394ba091,,failed,[Errno 2] No such file or directory: 'ffmpeg'
4133ef31-fd9f-420e-b3b5-9f220642074f,,failed,[Errno 2] No such file or directory: 'ffmpeg'
d493f347-55d8-4d32-8a39-951d20707c75,,failed,[Errno 2] No such file or directory: 'ffmpeg'
2acbe350-76d9-4e89-92a8-aae873a78a76,,failed,[Errno 2] No such file or directory: 'ffmpeg'
8600a007-c213-4124-94c0-a3cbebc68b53,,failed,[Errno 2] No such file or directory: 'ffmpeg'
ca40e650-1646-415e-9ba9-0711cfab8c97,,failed,[Errno 2] No such file or directory: 'ffmpeg'
8c2d87ae-6532-491d-bf00-f19153f6ca21,,failed,[Errno 2] No such file or directory: 'ffmpeg'
1225a834-838e-4236-8c27-8e1b78d8745a,,failed,[Errno 2] No such file or directory: 'ffmpeg'
352b7f7d-7b4d-44fe-9846-452d61001f5c,,failed,[Errno 2] No such file or directory: 'ffmpeg'
d450b761-7223-4cce-84ea-4d1574c27d9f,,failed,[Errno 2] No such file or directory: 'ffmpeg'
cd69cdc1-cfc8-4f27-9a84-0011b51ae7ed,,failed,[Errno 2] No such file or directory: 'ffmpeg'
5070847e-d736-4908-8f54-a52b7f744d20,,failed,[Errno 2] No such file or directory: 'ffmpeg'
098b4cc0-3a55-497a-a6cb-7fcfd57249f8,,failed,[Errno 2] No such file or directory: 'ffmpeg'
535c002e-0711-4b5e-9315-8c3bb09057e4,,failed,[Errno 2] No such file or directory: 'ffmpeg'
5399160b-9dcf-4bab-93b4-3cc4cb350efc,,failed,[Errno 2] No such file or directory: 'ffmpeg'
954d32a2-33ab-4676-a8da-a973219efd95,,failed,[Errno 2] No such file or directory: 'ffmpeg'
8614580d-a2b8-4cae-b450-e7007aca711c,,failed,[Errno 2] No such file or directory: 'ffmpeg'
02aa1b76-843b-42c6-bebc-97fc44d3a5dd,,failed,[Errno 2] No such file or directory: 'ffmpeg'
d56f54d8-030e-4b50-8755-f977da295fb2,,failed,[Errno 2] No such file or directory: 'ffmpeg'
78306f6b-0600-4181-85ba-ffd56e5050fb,,failed,[Errno 2] No such file or directory: 'ffmpeg'
59886929-f43d-40a0-a102-2de301988c84,,failed,[Errno 2] No such file or directory: 'ffmpeg'
15a9883b-a768-411d-b93f-1bbbc98ca89f,,failed,[Errno 2] No such file or directory: 'ffmpeg'
7ee4fb59-c2c1-413f-8575-4f47870a367d,,failed,[Errno 2] No such file or directory: 'ffmpeg'
bf67b18e-a013-474c-976f-e79f4b79a964,,failed,[Errno 2] No such file or directory: 'ffmpeg'
354f965d-6adf-44a4-afd5-b9a9a3edc74f,,failed,[Errno 2] No such file or directory: 'ffmpeg'
7f00a118-a83b-4cdc-9e00-94f78ce4e0a8,,failed,[Errno 2] No such file or directory: 'ffmpeg'
c78c9515-2734-4d21-8c8c-a1b6965ea761,,failed,[Errno 2] No such file or directory: 'ffmpeg'
11b82542-602b-4b5d-ac8d-3b1b65802fb5,,failed,[Errno 2] No such file or directory: 'ffmpeg'
c19ad266-80a6-47cd-a2e1-c9c1e95ee04a,,failed,[Errno 2] No such file or directory: 'ffmpeg'
0f08ef4f-6836-46ea-b3df-0ec61988a83d,,failed,[Errno 2] No such file or directory: 'ffmpeg'
c45b6513-65d7-44ea-97bc-e06241b06f97,,failed,[Errno 2] No such file or directory: 'ffmpeg'
7cb256ee-7d58-455a-a140-26ba52cdec4b,,failed,[Errno 2] No such file or directory: 'ffmpeg'
c3e6aeda-0f04-469c-89ea-8ba8ed13ba17,,failed,[Errno 2] No such file or directory: 'ffmpeg'
b89b7162-49e9-433f-8458-060b0e0372ca,,failed,[Errno 2] No such file or directory: 'ffmpeg'
06f178e7-617c-49f9-816e-3b041c08f586,,failed,[Errno 2] No such file or directory: 'ffmpeg'
e221d176-6935-49ab-b92f-44ac9e1a6318,,failed,[Errno 2] No such file or directory: 'ffmpeg'
aa8b35e7-88fb-4a20-8584-0e3f17c144ed,,failed,[Errno 2] No such file or directory: 'ffmpeg'
4d915f0c-7f4f-4fec-aa0f-e65dba3c1dd7,,failed,[Errno 2] No such file or directory: 'ffmpeg'
9597a1a9-1442-489f-a86f-0392fb6e3a08,,failed,[Errno 2] No such file or directory: 'ffmpeg'
bac62b13-9123-4775-915d-7f06e875954d,,failed,[Errno 2] No such file or directory: 'ffmpeg'
7e4f9c2c-b13e-48ad-9cee-0e955639406c,,failed,[Errno 2] No such file or directory: 'ffmpeg'
aa03cd11-f8ca-4466-af86-ae99dc96c860,,failed,[Errno 2] No such file or directory: 'ffmpeg'
627c109a-4fba-4415-ad61-983ea62b8729,,failed,[Errno 2] No such file or directory: 'ffmpeg'
c40b2ebd-36b8-41e4-a7c9-497c60682d81,,failed,[Errno 2] No such file or directory: 'ffmpeg'
6b543a5e-9a63-433f-9249-c97239b65278,,failed,[Errno 2] No such file or directory: 'ffmpeg'
f226a2db-5d3c-445e-a80b-e47b3ba6a74d,,failed,[Errno 2] No such file or directory: 'ffmpeg'
838cc633-5e9a-41ff-a09e-a582d33404d4,,failed,[Errno 2] No such file or directory: 'ffmpeg'
9ba21a8e-c83f-45f9-bea5-1ab7c9db11db,,failed,[Errno 2] No such file or directory: 'ffmpeg'
1dc3c693-508d-4607-bc95-66d8a436dc3b,,failed,[Errno 2] No such file or directory: 'ffmpeg'
233a4624-315f-4ecb-bda7-2c7b940d8739,,failed,[Errno 2] No such file or directory: 'ffmpeg'
9eba47f1-65d1-4e38-8b5a-b175f9699134,,failed,[Errno 2] No such file or directory: 'ffmpeg'
d84050e0-17cd-489b-a9ba-80f11ebf0e3e,,failed,[Errno 2] No such file or directory: 'ffmpeg'
45957918-b302-489d-8108-9b2e65ccb2b3,,failed,[Errno 2] No such file or directory: 'ffmpeg'
662fc99a-4c47-4fd1-bf98-a3b867aa4266,,failed,[Errno 2] No such file or directory: 'ffmpeg'
9007be55-302f-4972-8172-f05ddfd36969,,failed,[Errno 2] No such file or directory: 'ffmpeg'
07c06749-15fa-40b9-aab3-5d731968559e,,failed,[Errno 2] No such file or directory: 'ffmpeg'
b9c4e4e4-6bd8-4bad-8ca9-db29895e12fe,,failed,[Errno 2] No such file or directory: 'ffmpeg'
2adadf7b-9ea1-420d-b91e-0e94ad2c7844,,failed,[Errno 2] No such file or directory: 'ffmpeg'
396331aa-dd87-4f9d-bf80-6999d2f442fb,,failed,[Errno 2] No such file or directory: 'ffmpeg'
90b76862-1afd-4f03-9ca1-321e551a4662,,failed,[Errno 2] No such file or directory: 'ffmpeg'
98e2b0d3-42ec-4b90-9de6-0efc473bfa21,,failed,[Errno 2] No such file or directory: 'ffmpeg'
22eba0f3-6446-499b-946d-85d2d450a94a,,failed,[Errno 2] No such file or directory: 'ffmpeg'
a2ec6d30-101e-461d-a1ee-c25254cd74a8,,failed,[Errno 2] No such file or directory: 'ffmpeg'
40ddc194-80f8-4bb9-92eb-b4c1f6f1d1e3,,failed,[Errno 2] No such file or directory: 'ffmpeg'
11f8ffd5-1659-43aa-87fd-648b8e9b2caa,,failed,[Errno 2] No such file or directory: 'ffmpeg'
dfca1fc4-4c6f-410c-aa99-685c4624174f,,failed,[Errno 2] No such file or directory: 'ffmpeg'
30ee6360-6fc6-4c64-8cc0-624e2d265e36,,failed,[Errno 2] No such file or directory: 'ffmpeg'
1a367d2d-b7f6-4577-9329-ff958b9c9991,,failed,[Errno 2] No such file or directory: 'ffmpeg'
abfb6bca-344c-4282-80b2-55368816b9e9,,failed,[Errno 2] No such file or directory: 'ffmpeg'
3b0212d2-d70b-4d2b-b85d-32ecc5407882,,failed,[Errno 2] No such file or directory: 'ffmpeg'
86523860-2c11-4f4c-9184-532261383181,,failed,[Errno 2] No such file or directory: 'ffmpeg'
f6bb796d-cc07-431f-9b76-51021141b203,,failed,[Errno 2] No such file or directory: 'ffmpeg'
407a7465-9114-4f65-8cc3-ff403f1d4f5b,,failed,[Errno 2] No such file or directory: 'ffmpeg'
20e60029-cd08-4d9a-aa7a-3dfa1d83d822,,failed,[Errno 2] No such file or directory: 'ffmpeg'
57dfe847-7049-49da-b155-8d551201b397,,failed,[Errno 2] No such file or directory: 'ffmpeg'
3caf1e39-6ca6-443f-a916-6953ea4d2792,,failed,[Errno 2] No such file or directory: 'ffmpeg'
6ab132a6-7a72-4bdd-9438-2f503493d72f,,failed,[Errno 2] No such file or directory: 'ffmpeg'
b0e7d0c2-385d-4656-8c23-fd0e7d4396ab,,failed,[Errno 2] No such file or directory: 'ffmpeg'
6416a753-77cc-46cd-b13a-79c7a6899854,,failed,[Errno 2] No such file or directory: 'ffmpeg'
73c6e6ef-5e69-4d0e-9213-5cb11cd5acbb,,failed,[Errno 2] No such file or directory: 'ffmpeg'
24032db6-cb7e-475b-a801-a7f0d9e13758,,failed,[Errno 2] No such file or directory: 'ffmpeg'
9bc32f80-c8db-47a3-9cdc-3c01f3c3633f,,failed,[Errno 2] No such file or directory: 'ffmpeg'
7e71f134-2e96-439a-8d85-34fdeee267d6,,failed,[Errno 2] No such file or directory: 'ffmpeg'
22ecb827-d29f-4301-a0e5-b1e0b22a1294,,failed,[Errno 2] No such file or directory: 'ffmpeg'
f05fa13a-1443-4698-a2cf-b617e0cbc9c7,,failed,[Errno 2] No such file or directory: 'ffmpeg'
ce484104-6bfc-4a5b-9e15-b6c05db65119,,failed,[Errno 2] No such file or directory: 'ffmpeg'
cbcec19e-7ca2-41c8-96af-cddb567e699c,,failed,[Errno 2] No such file or directory: 'ffmpeg'
a90ee1cb-5849-4ce0-bf0b-94c81ebe3d69,,failed,[Errno 2] No such file or directory: 'ffmpeg'
ead7b4f6-64d5-44be-b7e0-ebaf5c371d40,,failed,[Errno 2] No such file or directory: 'ffmpeg'
7d80b51a-fda4-4a5c-b2e9-872e34a920b9,,failed,[Errno 2] No such file or directory: 'ffmpeg'
3abd012e-470a-45a9-9a4d-6c638f1c460a,,failed,[Errno 2] No such file or directory: 'ffmpeg'
7ee5920a-d1bf-4a59-bdfb-060a4ae84167,,failed,[Errno 2] No such file or directory: 'ffmpeg'
de8be372-8ef4-4bce-a8f2-eba801d24448,,failed,[Errno 2] No such file or directory: 'ffmpeg'
99a7e32c-bb71-448c-a8e8-5f15faadbacc,,failed,[Errno 2] No such file or directory: 'ffmpeg'
c94a208a-1fdb-4000-a623-2efca8081018,,failed,[Errno 2] No such file or directory: 'ffmpeg'
c82e5803-33ef-4ea5-bd38-a2f22b922842,,failed,[Errno 2] No such file or directory: 'ffmpeg'
00057e4c-6542-4bed-be04-a308002dda40,,failed,[Errno 2] No such file or directory: 'ffmpeg'
25197654-1ee0-4218-863b-7c6624a73925,,failed,[Errno 2] No such file or directory: 'ffmpeg'
f250f5a3-3fc2-4d31-b9b6-46160b3878b9,,failed,[Errno 2] No such file or directory: 'ffmpeg'
7100e765-b865-40dd-a10f-eb1a7491b7bb,,failed,[Errno 2] No such file or directory: 'ffmpeg'
f5c39eae-a28e-4ed1-a682-f5451847d8bd,,failed,[Errno 2] No such file or directory: 'ffmpeg'
d2cf06bc-7f31-4174-bd39-30d136a92bb3,,failed,[Errno 2] No such file or directory: 'ffmpeg'
0b6f424a-57c8-4efb-a22b-571d36d9dc7f,,failed,[Errno 2] No such file or directory: 'ffmpeg'
0cf443b4-e988-4bb4-a027-dabd5e28ce5a,,failed,[Errno 2] No such file or directory: 'ffmpeg'
18d1c2fa-4ff4-49f5-b7dd-9e2107f0f482,,failed,[Errno 2] No such file or directory: 'ffmpeg'
d03774a8-52e4-47cb-b9d6-3c14d822a846,,failed,[Errno 2] No such file or directory: 'ffmpeg'
89bb46ba-7669-4de3-b98b-05954a690399,,failed,[Errno 2] No such file or directory: 'ffmpeg'
1155b4f0-4ecd-4faa-ac46-31ec7731f351,,failed,[Errno 2] No such file or directory: 'ffmpeg'
e85b5801-0f1a-453d-b187-7437c4a22457,,failed,[Errno 2] No such file or directory: 'ffmpeg'
1b164509-d210-47e3-b47c-84feb907e615,,failed,[Errno 2] No such file or directory: 'ffmpeg'
f5198cca-12e9-42a5-ac40-4f5aeb1fca0a,,failed,[Errno 2] No such file or directory: 'ffmpeg'
c68c185c-a7e1-4387-a5f5-e17cdc64e844,,failed,[Errno 2] No such file or directory: 'ffmpeg'
1f5191ae-36f5-451b-a3cc-e2359dccd316,,failed,[Errno 2] No such file or directory: 'ffmpeg'
5cade82b-c03f-41d6-800f-a1b946fb7fda,,failed,[Errno 2] No such file or directory: 'ffmpeg'
8f72ac62-55b4-4ce7-b9e1-c8385151c5b7,,failed,[Errno 2] No such file or directory: 'ffmpeg'
7a73a8c9-26b7-4a4c-ae5e-6c9f9f471cc1,,failed,[Errno 2] No such file or directory: 'ffmpeg'
5b19d490-b20d-435a-8c68-a35b52a5e595,,failed,[Errno 2] No such file or directory: 'ffmpeg'
a5f3b8b1-558c-4295-8e2f-53a329b4e1f0,,failed,[Errno 2] No such file or directory: 'ffmpeg'
64f353b0-c54f-43d4-8b0a-1ec53625db56,,failed,[Errno 2] No such file or directory: 'ffmpeg'
c3d4e21e-d2f1-424d-86f1-dd4a751ff434,,failed,[Errno 2] No such file or directory: 'ffmpeg'
df72922d-2dec-43f8-abb9-b4590387b92b,,failed,[Errno 2] No such file or directory: 'ffmpeg'
7fc0e2ef-202a-467e-8022-c0acf31f9325,,failed,[Errno 2] No such file or directory: 'ffmpeg'
bd429d1d-2459-4d3f-9e2a-d0f6adbd9907,,failed,[Errno 2] No such file or directory: 'ffmpeg'
3708afd0-eaf9-410d-bc5e-88f5b1c2612c,,failed,[Errno 2] No such file or directory: 'ffmpeg'
b6e41f73-9f41-443a-9911-8b0431aaf5fb,,failed,[Errno 2] No such file or directory: 'ffmpeg'
0377abcc-0c5b-40d7-b3a6-486c6b4ce2a8,,failed,[Errno 2] No such file or directory: 'ffmpeg'
b256fc4b-9102-4257-8229-77c4d11f6ca6,,failed,[Errno 2] No such file or directory: 'ffmpeg'
8a6c2990-254a-4052-a155-2eee4e81bf58,,failed,[Errno 2] No such file or directory: 'ffmpeg'
e8324cea-1dbe-4225-90d1-fb5aaf1f3ea7,,failed,[Errno 2] No such file or directory: 'ffmpeg'
4b1f5183-db2f-4041-9151-da8684fdb34b,,failed,[Errno 2] No such file or directory: 'ffmpeg'
0c242f67-2f9c-4ba5-9515-f02f557d24fd,,failed,[Errno 2] No such file or directory: 'ffmpeg'
94a4b81f-8781-4c54-95c9-bf5a0acb5cf2,,failed,[Errno 2] No such file or directory: 'ffmpeg'
623a2a60-29e5-4379-acb2-1445e80b7b2d,,failed,[Errno 2] No such file or directory: 'ffmpeg'
6807223e-d6d1-4ba7-b7c8-d7900a37e305,,failed,[Errno 2] No such file or directory: 'ffmpeg'
ce8c7ca9-bf3b-4dfd-816d-0272f5266c84,,failed,[Errno 2] No such file or directory: 'ffmpeg'
95abbbf6-f708-4353-b2da-89c99baf814a,,failed,[Errno 2] No such file or directory: 'ffmpeg'
525df0cd-bbf6-4af9-b611-7e0c9fe75789,,failed,[Errno 2] No such file or directory: 'ffmpeg'
410004a0-c83e-4eac-8d84-1a6e2468ab0a,,failed,[Errno 2] No such file or directory: 'ffmpeg'
bd9ab4ab-bb4b-4fc3-ab8b-47dd03524891,,failed,[Errno 2] No such file or directory: 'ffmpeg'
e5837dc5-eef3-402b-8725-21ad5b153e9d,,failed,[Errno 2] No such file or directory: 'ffmpeg'
8a6989ee-cde3-4c43-b43e-0867f7757db5,,failed,[Errno 2] No such file or directory: 'ffmpeg'
50786c4c-5126-4581-8283-7b82a1854090,,failed,[Errno 2] No such file or directory: 'ffmpeg'
458f235e-3411-43d2-9e75-fb3d72f8b822,,failed,[Errno 2] No such file or directory: 'ffmpeg'
4f22274b-be1f-4e92-b4e1-8a5dfab0ce54,,failed,[Errno 2] No such file or directory: 'ffmpeg'
ee7e4d3f-bfbc-4cce-9943-bb8c28265324,,failed,[Errno 2] No such file or directory: 'ffmpeg'
e3fab5d4-dd33-4b2f-8ea8-dfd23ea11fdd,,failed,[Errno 2] No such file or directory: 'ffmpeg'
c0dd5398-fc0f-45b6-b714-9cf4da89e24c,,failed,[Errno 2] No such file or directory: 'ffmpeg'
dd49c33d-6dfe-4bb5-a329-d95f43cade0f,,failed,[Errno 2] No such file or directory: 'ffmpeg'
40de3527-3262-427b-8c5d-e7183a93658b,,failed,[Errno 2] No such file or directory: 'ffmpeg'
a4346291-6fc1-41ad-a0bb-cdf0d9837159,,failed,[Errno 2] No such file or directory: 'ffmpeg'
c481719e-7bd8-4e50-97ae-863cab74e079,,failed,[Errno 2] No such file or directory: 'ffmpeg'
28877a6c-581d-4de0-9c71-43634931c323,,failed,[Errno 2] No such file or directory: 'ffmpeg'
f55affa5-239b-4192-8dd4-2a3e30d23654,,failed,[Errno 2] No such file or directory: 'ffmpeg'
e1bd104e-1b04-4ddb-aea8-19f3f5e8985c,,failed,[Errno 2] No such file or directory: 'ffmpeg'
d297434d-62ee-4a72-9cb7-e07735b83827,,failed,[Errno 2] No such file or directory: 'ffmpeg'
d0e209ea-ea5b-49d0-99c0-85a7fbc4d66d,,failed,[Errno 2] No such file or directory: 'ffmpeg'
ea6bd547-0a08-488a-91b3-923ebafd1a07,,failed,[Errno 2] No such file or directory: 'ffmpeg'
1dd6beeb-c480-4182-838c-e3c91b992c69,,failed,[Errno 2] No such file or directory: 'ffmpeg'
67c072c6-7d28-4cd0-8403-a545ea520469,,failed,[Errno 2] No such file or directory: 'ffmpeg'
fd6a94fd-44d6-4841-9c83-a3fd0862e21b,,failed,[Errno 2] No such file or directory: 'ffmpeg'
3c3fface-3335-448a-b4fd-96f6fa19685e,,failed,[Errno 2] No such file or directory: 'ffmpeg'
bccd5e70-5cd8-465b-9564-c6ab882e0ca0,,failed,[Errno 2] No such file or directory: 'ffmpeg'
54d77408-a539-46cd-acad-9462580477e6,,failed,[Errno 2] No such file or directory: 'ffmpeg'
3996210f-b7d8-405c-b078-d81e90ae5803,,failed,[Errno 2] No such file or directory: 'ffmpeg'
0ecd290f-fb88-4cec-86c1-38ffd04d557a,,failed,[Errno 2] No such file or directory: 'ffmpeg'
6b09d7a1-9550-4cd1-b0e9-a287f4320b5b,,failed,[Errno 2] No such file or directory: 'ffmpeg'
27b5596c-b371-4804-8491-d207c7543788,,failed,[Errno 2] No such file or directory: 'ffmpeg'
c6dacc2a-8cce-40ab-a0d5-f9d0b6c496ca,,failed,[Errno 2] No such file or directory: 'ffmpeg'
e0676c3c-424b-4394-a2ef-e649ee3c6b24,,failed,[Errno 2] No such file or directory: 'ffmpeg'
2f71bf41-3d2a-4e20-835f-bff6d053aa16,,failed,[Errno 2] No such file or directory: 'ffmpeg'
bbd17984-8e24-4160-bcbe-c6f3c63c73c8,,failed,[Errno 2] No such file or directory: 'ffmpeg'
e68b2632-41c7-4d4e-a89f-0dd0665a0a1e,,failed,[Errno 2] No such file or directory: 'ffmpeg'
e39c95e4-506a-4d3e-b447-f1ae93e1e1c5,,failed,[Errno 2] No such file or directory: 'ffmpeg'
cfaab2d4-103b-4c0a-a916-c156321a8859,,failed,[Errno 2] No such file or directory: 'ffmpeg'
53e7c15e-4346-4470-8c6b-f0360eea86f4,,failed,[Errno 2] No such file or directory: 'ffmpeg'
7131d144-9dd7-4e3f-a4fd-22f3e7d642b4,,failed,[Errno 2] No such file or directory: 'ffmpeg'
3c88113e-954b-4d30-a021-df32c740c193,,failed,[Errno 2] No such file or directory: 'ffmpeg'
8c96ab01-7edf-42c8-8c82-5c5eb2ddf73e,,failed,[Errno 2] No such file or directory: 'ffmpeg'
264d56c7-6be0-4d27-a910-3bce0301558f,,failed,[Errno 2] No such file or directory: 'ffmpeg'
7eeb31d4-39dc-44d4-8c59-904dc373455c,,failed,[Errno 2] No such file or directory: 'ffmpeg'
acb04eac-9eb9-4a98-89f9-217ec962be28,,failed,[Errno 2] No such file or directory: 'ffmpeg'
a40f5990-6f7c-4e34-bff6-3c21939d3310,,failed,[Errno 2] No such file or directory: 'ffmpeg'
441dd3bc-30ba-423a-89cf-b65199447009,,failed,[Errno 2] No such file or directory: 'ffmpeg'
6433c3bb-f186-4d7d-95d5-f0b6f5e58a4e,,failed,[Errno 2] No such file or directory: 'ffmpeg'
ab80d962-188a-4908-ae8c-011512df2f88,,failed,[Errno 2] No such file or directory: 'ffmpeg'
374112b1-fb4d-40d0-9a32-b8c4b06e9bfb,,failed,[Errno 2] No such file or directory: 'ffmpeg'
02b294be-dedb-411a-ad9c-28837760cea7,,failed,[Errno 2] No such file or directory: 'ffmpeg'
cacec85e-3579-4962-88a4-6a34fa319773,,failed,[Errno 2] No such file or directory: 'ffmpeg'
cfca2fc8-aa50-4438-b07c-8226c08cdcd0,,failed,[Errno 2] No such file or directory: 'ffmpeg'
6a65c562-843c-445f-a1e8-88527660db65,,failed,[Errno 2] No such file or directory: 'ffmpeg'
26d491be-b57e-47d0-9644-b2205f5af15f,,failed,[Errno 2] No such file or directory: 'ffmpeg'
d31bda27-3f08-4ad5-bdbc-dd5ea67a8f61,,failed,[Errno 2] No such file or directory: 'ffmpeg'
7d9473d8-9457-446c-bb7c-8a617e30beeb,,failed,[Errno 2] No such file or directory: 'ffmpeg'
0379aacd-ec7f-438e-9540-c6355ce9fea9,,failed,[Errno 2] No such file or directory: 'ffmpeg'
53aa16c4-9ad6-4378-a147-553660594bb6,,failed,[Errno 2] No such file or directory: 'ffmpeg'
51d4f570-4ad0-4eb0-93c7-1aabcd53d422,,failed,[Errno 2] No such file or directory: 'ffmpeg'
02afad92-da09-4f4d-8c28-31af48d12e11,,failed,[Errno 2] No such file or directory: 'ffmpeg'
cd95323b-de0e-4021-8df6-1c57c47bcb46,,failed,[Errno 2] No such file or directory: 'ffmpeg'
4f55380f-2e02-484b-b9da-3787831906df,,failed,[Errno 2] No such file or directory: 'ffmpeg'
3fdeaf1a-e36d-43f4-ac2c-6496cde72de8,,failed,[Errno 2] No such file or directory: 'ffmpeg'
801ffcb0-8838-4761-af36-783691183f0b,,failed,[Errno 2] No such file or directory: 'ffmpeg'
059ebfc8-4242-4661-919e-7172ab6e2802,,failed,[Errno 2] No such file or directory: 'ffmpeg'
b3b93b9c-aeee-480f-98fa-e9d5f8d10ef4,,failed,[Errno 2] No such file or directory: 'ffmpeg'
bf68f3fd-15b5-4fb1-b8b5-5199192d9383,,failed,[Errno 2] No such file or directory: 'ffmpeg'
59d66054-e942-4361-9280-22889334f476,,failed,[Errno 2] No such file or directory: 'ffmpeg'
2e999208-d810-4be2-a4a7-ee24525f598f,,failed,[Errno 2] No such file or directory: 'ffmpeg'
1ae77202-87f0-4c8b-bf71-f909a72fce73,,failed,[Errno 2] No such file or directory: 'ffmpeg'
879f7875-0724-4da4-a337-36c7bfa6566a,,failed,[Errno 2] No such file or directory: 'ffmpeg'
402ff6ac-bb28-434c-935e-00471cb87118,,failed,[Errno 2] No such file or directory: 'ffmpeg'
993bd3eb-e155-48bc-8553-c3da2118e8cf,,failed,[Errno 2] No such file or directory: 'ffmpeg'
d080259f-b80f-4382-8569-576d515ed597,,failed,[Errno 2] No such file or directory: 'ffmpeg'
2baadae7-0b3e-445f-8036-dbe6c146d103,,failed,[Errno 2] No such file or directory: 'ffmpeg'
a13eebe8-8b62-4b9e-a94b-484bc4f754a8,,failed,[Errno 2] No such file or directory: 'ffmpeg'
1dcfe104-3d41-4f80-86e6-741718fbb26e,,failed,[Errno 2] No such file or directory: 'ffmpeg'
9300b23b-1475-46ca-92c5-439af7fd2b7e,,failed,[Errno 2] No such file or directory: 'ffmpeg'
c4acbfc0-33a9-4d86-ac72-ba1f2ea5b735,,failed,[Errno 2] No such file or directory: 'ffmpeg'
d277f38c-e493-41f8-9bc9-6a0e9fafa621,,failed,[Errno 2] No such file or directory: 'ffmpeg'
5ac35926-32f1-4bd7-9210-b42bf88f2b26,,failed,[Errno 2] No such file or directory: 'ffmpeg'
f3bf1882-0f6a-4e9a-8a11-cccdba42a052,,failed,[Errno 2] No such file or directory: 'ffmpeg'
e38993c9-3ba0-4ec3-938b-a61eaa1ca745,,failed,[Errno 2] No such file or directory: 'ffmpeg'
5ea888fc-e12e-471c-b436-98a4136a3b6f,,failed,[Errno 2] No such file or directory: 'ffmpeg'
8150cff6-ee06-49ca-9bf2-9a27ffdac2b1,,failed,[Errno 2] No such file or directory: 'ffmpeg'
3ec74c4b-f8da-4715-91c7-bee79d5bf63e,,failed,[Errno 2] No such file or directory: 'ffmpeg'
d52a451c-eac0-4ba9-9865-bff39f4b325a,,failed,[Errno 2] No such file or directory: 'ffmpeg'
775d969a-1b5f-42a0-94b6-7930b8ef0869,,failed,[Errno 2] No such file or directory: 'ffmpeg'
b105cc80-55e8-440f-b8dd-1c55f4ddb5de,,failed,[Errno 2] No such file or directory: 'ffmpeg'
6be1d9c9-0b23-437f-9d2a-f9a3d4aeddb4,,failed,[Errno 2] No such file or directory: 'ffmpeg'
00bc145a-f4ce-4d77-8cd9-0180ec94568e,,failed,[Errno 2] No such file or directory: 'ffmpeg'
aa039c24-8f50-4a0b-ae2b-7f95e5bf140f,,failed,[Errno 2] No such file or directory: 'ffmpeg'
049e980c-2b70-42df-9d43-8cb809ac7d41,,failed,[Errno 2] No such file or directory: 'ffmpeg'
e8725d2c-b904-4075-99fc-340f5a4a52df,,failed,[Errno 2] No such file or directory: 'ffmpeg'
7bda8815-6fc2-49cf-b2ab-c65f198e7c58,,failed,[Errno 2] No such file or directory: 'ffmpeg'
5f5cde09-4427-4c78-8f41-464d4b5464b7,,failed,[Errno 2] No such file or directory: 'ffmpeg'
412dea3e-935c-4161-afa7-27238e3664e0,,failed,[Errno 2] No such file or directory: 'ffmpeg'
70628296-4957-425c-a3d6-dc5b412a1d01,,failed,[Errno 2] No such file or directory: 'ffmpeg'
e9ea25c3-508b-48bc-8b93-52f5056bbb3d,,failed,[Errno 2] No such file or directory: 'ffmpeg'
7c0abf15-26e4-43d4-b5ba-4508c80cbb0b,,failed,[Errno 2] No such file or directory: 'ffmpeg'
982f9613-7ac3-49c4-8abe-968f2de74f3d,,failed,[Errno 2] No such file or directory: 'ffmpeg'
6c113846-aa29-42a7-b2b6-cdc74d9d27cb,,failed,[Errno 2] No such file or directory: 'ffmpeg'
9c33c8db-622e-4153-ac94-e986fc896486,,failed,[Errno 2] No such file or directory: 'ffmpeg'
b007a89c-4581-40f6-aa1c-6227ae51f54b,,failed,[Errno 2] No such file or directory: 'ffmpeg'
ffc2600e-c8ef-41e6-b155-5cc4c7555e59,,failed,[Errno 2] No such file or directory: 'ffmpeg'
ad8150f2-45fb-449c-9f94-671c93fbe74a,,failed,[Errno 2] No such file or directory: 'ffmpeg'
704fa1bc-1393-49b6-80b3-49975c45f75a,,failed,[Errno 2] No such file or directory: 'ffmpeg'
d42aaadc-3cb2-41e6-855c-60e3e9883f39,,failed,[Errno 2] No such file or directory: 'ffmpeg'
6b0fdc3d-1aec-44ce-9eba-7e4bfcbb04ee,,failed,[Errno 2] No such file or directory: 'ffmpeg'
536887cd-4a81-4329-b6bc-aaf7c55e5049,,failed,[Errno 2] No such file or directory: 'ffmpeg'
7eef5c4c-2097-43a2-a141-787c29ef375f,,failed,[Errno 2] No such file or directory: 'ffmpeg'
7765945a-14db-4193-9cdc-e5316795628e,,failed,[Errno 2] No such file or directory: 'ffmpeg'
f1991fa5-071f-4367-b943-a333156f2a9a,,failed,[Errno 2] No such file or directory: 'ffmpeg'
827311db-a0cf-41c4-b5eb-8849c6047539,,failed,[Errno 2] No such file or directory: 'ffmpeg'
574385c4-5ea2-4aaf-86e5-36e1b150f322,,failed,[Errno 2] No such file or directory: 'ffmpeg'
ab0b8c75-2996-4613-afb3-decb92b0f23f,,failed,[Errno 2] No such file or directory: 'ffmpeg'
cef05509-ed74-457a-8615-fc1ddebf9b4d,,failed,[Errno 2] No such file or directory: 'ffmpeg'
97a08449-1785-45bb-8728-ba568fe5438d,,failed,[Errno 2] No such file or directory: 'ffmpeg'
73076f6e-6158-46c1-937f-90159169506b,,failed,[Errno 2] No such file or directory: 'ffmpeg'
c2e13b37-984a-407d-a320-760b9097c5d7,,failed,[Errno 2] No such file or directory: 'ffmpeg'
90fa3c01-a16f-4b29-aaef-c3e997213a54,,failed,[Errno 2] No such file or directory: 'ffmpeg'
2738a10f-df65-4837-a29b-a16f425307d4,,failed,[Errno 2] No such file or directory: 'ffmpeg'
942ce4fa-99a6-4332-8027-f6a6280b2f8c,,failed,[Errno 2] No such file or directory: 'ffmpeg'
7a9f14dc-3355-4d72-bba4-55288fc3a347,,failed,[Errno 2] No such file or directory: 'ffmpeg'
13b5e705-7ba3-49ba-9830-e1554c6c67d7,,failed,[Errno 2] No such file or directory: 'ffmpeg'
8f01be1e-9ea6-49f8-97f1-f1a69f72dc3e,,failed,[Errno 2] No such file or directory: 'ffmpeg'
1ab870e0-e498-4c97-9acc-dd4147bab427,,failed,[Errno 2] No such file or directory: 'ffmpeg'
38790c23-17f4-4c1e-82df-3d7bb4ed9ddb,,failed,[Errno 2] No such file or directory: 'ffmpeg'
cec6c45c-bf20-41a9-a436-f5721cacef03,,failed,[Errno 2] No such file or directory: 'ffmpeg'
f21bed14-bb8b-493e-9971-85a31c654851,,failed,[Errno 2] No such file or directory: 'ffmpeg'
ec8f4db3-2690-4a83-9417-84337ab15665,,failed,[Errno 2] No such file or directory: 'ffmpeg'
5771239b-f0c7-46c6-9cb8-7e9ad026ba84,,failed,[Errno 2] No such file or directory: 'ffmpeg'
486545c0-2579-4c9f-a19a-fb96b06452d1,,failed,[Errno 2] No such file or directory: 'ffmpeg'
fb28b539-95db-4a0c-ae21-4439592ee826,,failed,[Errno 2] No such file or directory: 'ffmpeg'
a063aa52-f3eb-4c59-b7bd-be852fa8b67f,,failed,[Errno 2] No such file or directory: 'ffmpeg'
ed5f6466-2a04-4f0e-b374-3650d203a0e9,,failed,[Errno 2] No such file or directory: 'ffmpeg'
a8130230-32ed-4fdb-bbd4-fdaf06aaf34f,,failed,[Errno 2] No such file or directory: 'ffmpeg'
eec58417-83f6-45de-b71c-4d2d52fe832d,,failed,[Errno 2] No such file or directory: 'ffmpeg'
f1fe417e-8f9d-41a9-9b5f-2b5c27c75d24,,failed,[Errno 2] No such file or directory: 'ffmpeg'
d47aa102-31c8-4f2c-828f-0d2c4b50b6ad,,failed,[Errno 2] No such file or directory: 'ffmpeg'
8563925f-8005-4fa9-839f-e143b98fc478,,failed,[Errno 2] No such file or directory: 'ffmpeg'
9b9a717a-1695-463b-bf99-aadf13f0433f,,failed,[Errno 2] No such file or directory: 'ffmpeg'
2f506fc7-a7b4-4af9-a88e-22d7b4e71be0,,failed,[Errno 2] No such file or directory: 'ffmpeg'
7d377ad7-a2eb-4c6f-8b8f-4cabdec7a0a3,,failed,[Errno 2] No such file or directory: 'ffmpeg'
04a54f40-bfe7-4747-8b5c-3e08313d31ed,,failed,[Errno 2] No such file or directory: 'ffmpeg'
68592162-4dda-48eb-b83a-52c5ad5a55ed,,failed,[Errno 2] No such file or directory: 'ffmpeg'
25f06fee-1b3b-40b3-9555-4e4b5c7ec3e8,,failed,[Errno 2] No such file or directory: 'ffmpeg'
b2ed8651-209a-4928-9452-fd1aff40b1af,,failed,[Errno 2] No such file or directory: 'ffmpeg'
03f571a3-5ba4-4e3a-95c2-2ff374cee857,,failed,[Errno 2] No such file or directory: 'ffmpeg'
1145f6dd-5c35-462e-a86b-bf2eeaecb0e4,,failed,[Errno 2] No such file or directory: 'ffmpeg'
830918ad-38be-420b-9e59-ae6cca4f476d,,failed,[Errno 2] No such file or directory: 'ffmpeg'
05d7e83e-cfb6-482b-942e-e683e0e46b0a,,failed,[Errno 2] No such file or directory: 'ffmpeg'
3ad331c8-d339-4234-bf29-2116b93a0cd4,,failed,[Errno 2] No such file or directory: 'ffmpeg'
70ee4a2a-d108-452a-8dca-4f82f6729f08,,failed,[Errno 2] No such file or directory: 'ffmpeg'
079a0fa1-e291-41b6-b49f-1651def931f7,,failed,[Errno 2] No such file or directory: 'ffmpeg'
503cd06c-a4a6-4b0b-8f43-6b4b594f11f6,,failed,[Errno 2] No such file or directory: 'ffmpeg'
2d42417b-e746-4f11-aac4-4e5a6c3c6307,,failed,[Errno 2] No such file or directory: 'ffmpeg'
7847bf5e-f5b9-4b43-969d-ff4e8b78c072,,failed,[Errno 2] No such file or directory: 'ffmpeg'
b59118b0-714b-4f99-af2d-f7d4fb460dec,,failed,[Errno 2] No such file or directory: 'ffmpeg'
4e766ff8-27a2-48fa-8b0d-b6bae1aaa750,,failed,[Errno 2] No such file or directory: 'ffmpeg'
05d7e25c-a5f3-4476-892e-d3279de8c1f2,,failed,[Errno 2] No such file or directory: 'ffmpeg'
7acdeb25-6a7f-4402-bbb0-4c570bb6bd37,,failed,[Errno 2] No such file or directory: 'ffmpeg'
af227a7b-f54e-4e5e-b335-bc58178dde6e,,failed,[Errno 2] No such file or directory: 'ffmpeg'
de569fda-a527-4407-934d-4b648a035776,,failed,[Errno 2] No such file or directory: 'ffmpeg'
e322bfe5-42f3-44da-a410-5fa76808b14d,,failed,[Errno 2] No such file or directory: 'ffmpeg'
2cdd1dd5-73ce-4207-9d11-ec33583f4c0a,,failed,[Errno 2] No such file or directory: 'ffmpeg'
641fb879-4778-4a27-a7c4-1d420fd8446e,,failed,[Errno 2] No such file or directory: 'ffmpeg'
8c607a50-9b6c-4199-9897-1d3d83167c81,,failed,[Errno 2] No such file or directory: 'ffmpeg'
16aa4ddd-82e0-49d2-ad91-e2b4efbd60e9,,failed,[Errno 2] No such file or directory: 'ffmpeg'
6d9fff63-69bc-4be6-b3d8-14c50d7643e7,,failed,[Errno 2] No such file or directory: 'ffmpeg'
a70ad917-5429-4761-9969-d7a55e455d73,,failed,[Errno 2] No such file or directory: 'ffmpeg'
e685a09d-e50d-4f31-ae64-a8d692ce7000,,failed,[Errno 2] No such file or directory: 'ffmpeg'
0bd6f269-3e18-444b-9181-95822bf2d514,,failed,[Errno 2] No such file or directory: 'ffmpeg'
0996287c-7ac0-4745-b304-7926abbf2850,,failed,[Errno 2] No such file or directory: 'ffmpeg'
ede4ef89-792b-4618-b49b-cbdc9bdd0658,,failed,[Errno 2] No such file or directory: 'ffmpeg'
91f2ea07-f601-4860-be18-15b6b98ddd55,,failed,[Errno 2] No such file or directory: 'ffmpeg'
b90b78db-1cb9-4191-ab50-63afbf9c4d89,,failed,[Errno 2] No such file or directory: 'ffmpeg'
ef986d7b-ba36-494f-9ec8-025f2cb36185,,failed,[Errno 2] No such file or directory: 'ffmpeg'
7734851b-6c03-43d7-9694-9b55eb2c866b,,failed,[Errno 2] No such file or directory: 'ffmpeg'
87228388-92c3-4b72-a24d-82d08197cc3c,,failed,[Errno 2] No such file or directory: 'ffmpeg'
efaabf7d-fa53-4c5b-87ba-1e4e4e339b24,,failed,[Errno 2] No such file or directory: 'ffmpeg'
efeec4dd-1b5f-43d4-8000-03976eff808a,,failed,[Errno 2] No such file or directory: 'ffmpeg'
299ebfe7-2389-41ad-975a-d92e0faa27f0,,failed,[Errno 2] No such file or directory: 'ffmpeg'
ea195d07-07b3-4f1b-bb17-4c8227c507ea,,failed,[Errno 2] No such file or directory: 'ffmpeg'
87ba6770-86bf-4b96-9201-5e97518e4b73,,failed,[Errno 2] No such file or directory: 'ffmpeg'
4d18fc72-92c0-4d04-8ad6-f62a70e882c5,,failed,[Errno 2] No such file or directory: 'ffmpeg'
29718336-4702-4ce4-b22e-970842313c3a,,failed,[Errno 2] No such file or directory: 'ffmpeg'
b02ec6f6-0811-4b82-9fa2-45418d7156b4,,failed,[Errno 2] No such file or directory: 'ffmpeg'
1058d570-c349-4b1d-b575-54dc6f0d41bb,,failed,[Errno 2] No such file or directory: 'ffmpeg'
04016161-ffaa-48e4-81ce-aa1451bea8fd,,failed,[Errno 2] No such file or directory: 'ffmpeg'
4fe3dad9-2583-435a-9ebe-18c34a77860a,,failed,[Errno 2] No such file or directory: 'ffmpeg'
7eaa3128-9a44-45ba-9f00-4f46259bb4f3,,failed,[Errno 2] No such file or directory: 'ffmpeg'
c3cb92af-8739-492f-b50e-d8cb124ba3be,,failed,[Errno 2] No such file or directory: 'ffmpeg'
ab98653a-5494-42d5-990c-536a33882447,,failed,[Errno 2] No such file or directory: 'ffmpeg'
3b8c4871-5c16-4a1e-ad41-857031bd2138,,failed,[Errno 2] No such file or directory: 'ffmpeg'
9c3b6965-ebba-4813-977a-915930bebf08,,failed,[Errno 2] No such file or directory: 'ffmpeg'
fc6c6b5c-5e6c-4b1f-a272-449464830d4d,,failed,[Errno 2] No such file or directory: 'ffmpeg'
c9b77249-8c87-4bba-b25b-8eb97cda9661,,failed,[Errno 2] No such file or directory: 'ffmpeg'
4bc24e07-66dc-410f-b36c-66070d79ab5b,,failed,[Errno 2] No such file or directory: 'ffmpeg'
bfb6bed9-0cfb-4776-8ee9-5d5884486cef,,failed,[Errno 2] No such file or directory: 'ffmpeg'
761c7087-eb7a-4a2e-8c44-9073f74ff4d8,,failed,[Errno 2] No such file or directory: 'ffmpeg'
59bc5ddb-009f-435c-8a42-c7bcb24792ae,,failed,[Errno 2] No such file or directory: 'ffmpeg'
35548691-62ca-4dea-9425-4a45d76ed6f7,,failed,[Errno 2] No such file or directory: 'ffmpeg'
e30d0322-e8af-40e1-916a-7fbb85911caa,,failed,[Errno 2] No such file or directory: 'ffmpeg'
ddb3b19e-a2f0-4ba3-b973-96d0c4590e5c,,failed,[Errno 2] No such file or directory: 'ffmpeg'
58ee2b32-be9e-4240-802d-295c23d22a94,,failed,[Errno 2] No such file or directory: 'ffmpeg'
9f046ffa-6774-4e96-bf8f-e0439207ac03,,failed,[Errno 2] No such file or directory: 'ffmpeg'
91ef6299-8e26-4377-aa4c-e6986ad58886,,failed,[Errno 2] No such file or directory: 'ffmpeg'
b4a8aeb1-0272-4c22-8617-775e96c876ed,,failed,[Errno 2] No such file or directory: 'ffmpeg'
18902e8c-8743-4438-bd7b-1627fa5708f2,,failed,[Errno 2] No such file or directory: 'ffmpeg'
b84e50fc-40a6-42dc-a589-9283267266f6,,failed,[Errno 2] No such file or directory: 'ffmpeg'
37fa2661-c60d-469e-8832-8a5e38a2aa05,,failed,[Errno 2] No such file or directory: 'ffmpeg'
d767b7a8-8fcb-40bd-835c-6d7abe11928c,,failed,[Errno 2] No such file or directory: 'ffmpeg'
d4d630f0-485c-45ba-be34-517b265dfa92,,failed,[Errno 2] No such file or directory: 'ffmpeg'
784d0654-4a71-48a8-a55c-0affb2509fd3,,failed,[Errno 2] No such file or directory: 'ffmpeg'
d3054235-9b6a-4dce-bbff-0cc4a6cb805f,,failed,[Errno 2] No such file or directory: 'ffmpeg'
24320792-fc8f-4d9e-83cc-32ccbbb05fb6,,failed,[Errno 2] No such file or directory: 'ffmpeg'
6f5a5483-b56f-484c-9fd1-cd6b471b927d,,failed,[Errno 2] No such file or directory: 'ffmpeg'
534db2ea-0f40-46a7-bd0c-1a2bf9168d25,,failed,[Errno 2] No such file or directory: 'ffmpeg'
14fa37e7-4a49-4478-a402-18b60bf8f353,,failed,[Errno 2] No such file or directory: 'ffmpeg'
67c17fff-63c5-444f-abfd-431a22b7dc2f,,failed,[Errno 2] No such file or directory: 'ffmpeg'
cb5c5ae3-8cb6-4a43-a5d5-5b0163916ac0,,failed,[Errno 2] No such file or directory: 'ffmpeg'
49dd72c9-cfbe-4b02-878d-7d2bac43d276,,failed,[Errno 2] No such file or directory: 'ffmpeg'
fe6a8f44-bec9-4b87-8f1f-c2325c136422,,failed,[Errno 2] No such file or directory: 'ffmpeg'
6d873120-3d2d-46c2-8586-e5e908dd3507,,failed,[Errno 2] No such file or directory: 'ffmpeg'
dc455f95-c7bc-4dbf-944a-2f35df40153d,,failed,[Errno 2] No such file or directory: 'ffmpeg'
61e018da-6988-4d80-8ed8-3ea0cb81b147,,failed,[Errno 2] No such file or directory: 'ffmpeg'
a5ec84a3-04d9-4feb-8c4e-f6974cc1bf1c,,failed,[Errno 2] No such file or directory: 'ffmpeg'
56c2845b-e759-4345-925a-634393c06b49,,failed,[Errno 2] No such file or directory: 'ffmpeg'
beccc6da-9c63-4771-b4f5-c74ff7301588,,failed,[Errno 2] No such file or directory: 'ffmpeg'
7ed42fa7-896d-4bca-8316-270880318fcd,,failed,[Errno 2] No such file or directory: 'ffmpeg'
b34b006e-e26d-405a-bfae-ceeb01e00dc4,,failed,[Errno 2] No such file or directory: 'ffmpeg'
08310a98-a534-4093-a36d-813d758fdb7a,,failed,[Errno 2] No such file or directory: 'ffmpeg'
3d00e2db-5fd4-43a8-9048-6809716af332,,failed,[Errno 2] No such file or directory: 'ffmpeg'
4428c064-c360-4b24-a349-16e0dd4a11ae,,failed,[Errno 2] No such file or directory: 'ffmpeg'
3c8eadee-3458-4b87-98dd-22baeaf60466,,failed,[Errno 2] No such file or directory: 'ffmpeg'
ba35d370-5273-47f2-b0b2-de711347a531,,failed,[Errno 2] No such file or directory: 'ffmpeg'
2252c90b-2c09-4c81-951b-05fd32d2aabe,,failed,[Errno 2] No such file or directory: 'ffmpeg'
233a9000-a341-4c61-836c-e8f69e1a458f,,failed,[Errno 2] No such file or directory: 'ffmpeg'
e329d725-3a7d-4114-9f4a-a7516ecf71f4,,failed,[Errno 2] No such file or directory: 'ffmpeg'
5c24dcc7-adf3-4626-aa8a-c4783c5b465f,,failed,[Errno 2] No such file or directory: 'ffmpeg'
158be558-b6cf-495c-a4e8-bc09f5987650,,failed,[Errno 2] No such file or directory: 'ffmpeg'
22e244c1-9f0e-442b-8b58-94641ed2ef50,,failed,[Errno 2] No such file or directory: 'ffmpeg'
fe03f5f0-689b-4784-97bb-ebe392f7a654,,failed,[Errno 2] No such file or directory: 'ffmpeg'
ecc75fbb-67da-486d-b9ae-e86ad9f83359,,failed,[Errno 2] No such file or directory: 'ffmpeg'
6aa9c278-456a-4d47-8e4c-02600a253396,,failed,[Errno 2] No such file or directory: 'ffmpeg'
680d695c-47b8-45ae-8b42-4d21bc4562a1,,failed,[Errno 2] No such file or directory: 'ffmpeg'
ee732f87-f57f-48d1-ae33-4f2fee8cb44e,,failed,[Errno 2] No such file or directory: 'ffmpeg'
917da0c7-2b41-46bf-b7c3-2a7db64ac045,,failed,[Errno 2] No such file or directory: 'ffmpeg'
6e94f2b9-129b-427c-9492-8031b3627996,,failed,[Errno 2] No such file or directory: 'ffmpeg'
fc26a973-170e-4e5b-98ab-a74ede928734,,failed,[Errno 2] No such file or directory: 'ffmpeg'
a17cd913-75b5-40d2-8fc9-e949e7d02659,,failed,[Errno 2] No such file or directory: 'ffmpeg'
f259e1bb-e2a9-422d-819d-bbc828903935,,failed,[Errno 2] No such file or directory: 'ffmpeg'
2d7cba31-3a81-43bc-8906-b35cca1e6c5d,,failed,[Errno 2] No such file or directory: 'ffmpeg'
2844e05d-fad5-446c-b09f-d64c2405664a,,failed,[Errno 2] No such file or directory: 'ffmpeg'
766aa698-7eb9-41b1-b693-6f2bfda320f7,,failed,[Errno 2] No such file or directory: 'ffmpeg'
fb633e66-15d7-4275-ba0b-8803462d72ec,,failed,[Errno 2] No such file or directory: 'ffmpeg'
77aabf5e-dec8-4d1a-8766-b45741f53eee,,failed,[Errno 2] No such file or directory: 'ffmpeg'
b4c60873-a20b-4308-a5ea-2ca9285a2bf7,,failed,[Errno 2] No such file or directory: 'ffmpeg'
9df558d4-400d-44ce-9458-a4803c99ae1b,,failed,[Errno 2] No such file or directory: 'ffmpeg'
b692f0ae-0d75-4d59-b69a-99944d500d11,,failed,[Errno 2] No such file or directory: 'ffmpeg'
bdcf1c65-390d-4f89-a1bf-65d6a12e9dc2,,failed,[Errno 2] No such file or directory: 'ffmpeg'
56ed0994-33c9-474e-bf5a-daa0ac9df5e5,,failed,[Errno 2] No such file or directory: 'ffmpeg'
05b31b42-4ad5-4ba0-8cd9-549b4715c171,,failed,[Errno 2] No such file or directory: 'ffmpeg'
1c126c96-7878-4d2c-b109-96a4f2a5af60,,failed,[Errno 2] No such file or directory: 'ffmpeg'
98925d8f-b163-40d8-aca9-260ee1d73f17,,failed,[Errno 2] No such file or directory: 'ffmpeg'
66912073-c74e-4868-80db-b4eb65a60646,,failed,[Errno 2] No such file or directory: 'ffmpeg'
c409913b-fa0d-45df-ad18-ea2c846a4698,,failed,[Errno 2] No such file or directory: 'ffmpeg'
57a52e64-5673-4190-a48d-3d79f82bbdf0,,failed,[Errno 2] No such file or directory: 'ffmpeg'
fde456d0-71c4-48d5-8a3c-bf66e7160747,,failed,[Errno 2] No such file or directory: 'ffmpeg'
7badc563-2d54-4ff9-a391-a3050d05213c,,failed,[Errno 2] No such file or directory: 'ffmpeg'
58756c84-707d-44ce-a62d-4442a8ba6cb7,,failed,[Errno 2] No such file or directory: 'ffmpeg'
61a8f6a1-40be-488c-b120-2e05b1f486cd,,failed,[Errno 2] No such file or directory: 'ffmpeg'
c8340b4c-1a83-4b04-9fb8-a930400a3357,,failed,[Errno 2] No such file or directory: 'ffmpeg'
4c86afe0-ec9f-4aba-90d6-cd0830f5f3b9,,failed,[Errno 2] No such file or directory: 'ffmpeg'
5e1c8c33-e37c-49d2-a864-322074a3d319,,failed,[Errno 2] No such file or directory: 'ffmpeg'
026bc492-8873-48fa-ad66-db567f36abc2,,failed,[Errno 2] No such file or directory: 'ffmpeg'
64f0b0b4-06ab-494c-8d40-76e7996c1524,,failed,[Errno 2] No such file or directory: 'ffmpeg'
a98a21e3-a139-44c1-8aec-5ca385570c22,,failed,[Errno 2] No such file or directory: 'ffmpeg'
26459fa3-c07b-40a5-b780-21ca4028ae30,,failed,[Errno 2] No such file or directory: 'ffmpeg'
e8937403-d343-49be-8fb7-90c0aadc5fd9,,failed,[Errno 2] No such file or directory: 'ffmpeg'
78f12fe1-c987-407f-b24a-fdca76eef53d,,failed,[Errno 2] No such file or directory: 'ffmpeg'
2459d5c9-d83f-4c5c-97eb-5786a2004014,,failed,[Errno 2] No such file or directory: 'ffmpeg'
53cc45de-6381-4c4c-a4ba-af355c0a6006,,failed,[Errno 2] No such file or directory: 'ffmpeg'
8d1d526a-a523-48d1-a362-0aa87aaa51e4,,failed,[Errno 2] No such file or directory: 'ffmpeg'
e20f2855-1429-476b-9ae5-3aeb0fa7b6b7,,failed,[Errno 2] No such file or directory: 'ffmpeg'
841a147f-20cc-4dca-a65d-4ec659a0ed55,,failed,[Errno 2] No such file or directory: 'ffmpeg'
8d5776b4-6046-43ff-990e-b0083242ebbd,,failed,[Errno 2] No such file or directory: 'ffmpeg'
34f17dfe-02b9-4e14-a5f2-c3dc0414739b,,failed,[Errno 2] No such file or directory: 'ffmpeg'
7834c44b-3f09-47f7-91e0-4619d372a466,,failed,[Errno 2] No such file or directory: 'ffmpeg'
caf3750e-fb9e-4483-9e1b-1b5c9cb6b7ed,,failed,[Errno 2] No such file or directory: 'ffmpeg'
786ff36a-5b89-4dff-9c23-ad5d04d97be3,,failed,[Errno 2] No such file or directory: 'ffmpeg'
dd2e2d50-ddcb-4fdd-9469-7356acb1db52,,failed,[Errno 2] No such file or directory: 'ffmpeg'
7d7524e0-81fb-46fd-b66c-15f24f70ca01,,failed,[Errno 2] No such file or directory: 'ffmpeg'
0f430451-bcf3-44e3-8726-7e7cab765c3f,,failed,[Errno 2] No such file or directory: 'ffmpeg'
054c8be9-3776-4ae5-b72d-335700318afc,,failed,[Errno 2] No such file or directory: 'ffmpeg'
41a982b6-0aa1-4243-b35d-e346bb52dcaa,,failed,[Errno 2] No such file or directory: 'ffmpeg'
03ff310a-7887-46d9-a348-c39e99449adf,,failed,[Errno 2] No such file or directory: 'ffmpeg'
7f220f1e-5a1a-4daf-92c5-01eb00d20bbe,,failed,[Errno 2] No such file or directory: 'ffmpeg'
a961260b-1892-4ee2-a9d2-8bfc4367dc1e,,failed,[Errno 2] No such file or directory: 'ffmpeg'
471dc98f-7b7e-46ea-8082-25a47cde664a,,failed,[Errno 2] No such file or directory: 'ffmpeg'
a5317f45-2efb-4c9d-92bd-eef3cbe97e6d,,failed,[Errno 2] No such file or directory: 'ffmpeg'
e92559a0-f1a8-401d-b31c-684ab57d92ca,,failed,[Errno 2] No such file or directory: 'ffmpeg'
86f3e1f4-d824-427f-b142-9853ba7e5520,,failed,[Errno 2] No such file or directory: 'ffmpeg'
9d5ec9e6-8593-4442-a9aa-0cf7750068f6,,failed,[Errno 2] No such file or directory: 'ffmpeg'
7c84cc0b-121d-488a-a7a4-31680b14f338,,failed,[Errno 2] No such file or directory: 'ffmpeg'
a5a10ba8-5265-4ebd-9548-ea2a5e7aa1d0,,failed,[Errno 2] No such file or directory: 'ffmpeg'
c2c0ebac-c9c2-425e-a08a-48e68e228f4c,,failed,[Errno 2] No such file or directory: 'ffmpeg'
dbaf7aa2-c1eb-4c65-bb74-88788a9b1817,,failed,[Errno 2] No such file or directory: 'ffmpeg'
d046e878-3c4b-4857-a5b5-51c94722bb89,,failed,[Errno 2] No such file or directory: 'ffmpeg'
f7a7bb42-2e31-4350-a677-3f8490a8263a,,failed,[Errno 2] No such file or directory: 'ffmpeg'
fe7b9539-50d5-4d5d-aa91-8dd4d3a50b69,,failed,[Errno 2] No such file or directory: 'ffmpeg'
24986ad7-f267-4c53-b3ef-7524e717220e,,failed,[Errno 2] No such file or directory: 'ffmpeg'
c0d457dd-39cf-46a9-bfca-26b59723707f,,failed,[Errno 2] No such file or directory: 'ffmpeg'
74bf479b-17e5-4c11-b32c-0dbe1c6127b6,,failed,[Errno 2] No such file or directory: 'ffmpeg'
ba04d247-e2c5-4bbc-8dfd-5eb8a086a818,,failed,[Errno 2] No such file or directory: 'ffmpeg'
c0c54033-c075-456d-a86b-f941a085f846,,failed,[Errno 2] No such file or directory: 'ffmpeg'
304ba6d9-2ca0-4f0b-8ce7-d246707697aa,,failed,[Errno 2] No such file or directory: 'ffmpeg'
995f9634-de5b-40e3-af63-d9f42b7cb009,,failed,[Errno 2] No such file or directory: 'ffmpeg'
168664f6-da32-4e96-8049-80343bf8072d,,failed,[Errno 2] No such file or directory: 'ffmpeg'
620b8a74-c710-4836-82af-16948942911d,,failed,[Errno 2] No such file or directory: 'ffmpeg'
0c71eda8-094b-44af-bdc4-5658bed16456,,failed,[Errno 2] No such file or directory: 'ffmpeg'
0410aece-7229-4173-bbde-9e70d2bc5712,,failed,[Errno 2] No such file or directory: 'ffmpeg'
403b6610-14f1-4127-b026-bedc2d6f8dfd,,failed,[Errno 2] No such file or directory: 'ffmpeg'
ec29baa7-2ee6-4d20-970c-621ff5a20ec8,,failed,[Errno 2] No such file or directory: 'ffmpeg'
3c19a6d1-ab88-4e43-8348-0be132f4d1a8,,failed,[Errno 2] No such file or directory: 'ffmpeg'
0881182c-ea49-403c-b08b-d5e2c9ccc1bc,,failed,[Errno 2] No such file or directory: 'ffmpeg'
cb6c1cab-6b2a-4a04-ba46-98a6a2579664,,failed,[Errno 2] No such file or directory: 'ffmpeg'
1bc094f3-fec5-4944-836c-88c00e61fe6d,,failed,[Errno 2] No such file or directory: 'ffmpeg'
824348a2-eca2-4395-b345-faca0051c8d1,,failed,[Errno 2] No such file or directory: 'ffmpeg'
0bce1056-59c1-48ca-9f7e-8c72859ebfbc,,failed,[Errno 2] No such file or directory: 'ffmpeg'
dbd66402-b855-412c-90b4-909a1f2169bd,,failed,[Errno 2] No such file or directory: 'ffmpeg'
255c4a0d-7de8-418c-b088-83f6fc0f955b,,failed,[Errno 2] No such file or directory: 'ffmpeg'
fef7c780-7b2d-412d-81fa-75d1c8cd83c7,,failed,[Errno 2] No such file or directory: 'ffmpeg'
bba31c12-414a-454a-b3b7-c7a5b5e17933,,failed,[Errno 2] No such file or directory: 'ffmpeg'
3747a614-bc84-4b5a-a885-70e3b7b04110,,failed,[Errno 2] No such file or directory: 'ffmpeg'
492bdd46-1368-4922-b4ac-cfff47d961e5,,failed,[Errno 2] No such file or directory: 'ffmpeg'
2b212cba-7fbe-49ac-8d2b-fae361845603,,failed,[Errno 2] No such file or directory: 'ffmpeg'
d51d2c21-551f-4cc4-8f32-d1f51acd9011,,failed,[Errno 2] No such file or directory: 'ffmpeg'
0f8fef10-a809-445e-b088-397ea554f9c7,,failed,[Errno 2] No such file or directory: 'ffmpeg'
d3841fdb-5819-4024-bba5-836d2cbfb9e9,,failed,[Errno 2] No such file or directory: 'ffmpeg'
8d9ae5e4-1559-4a6d-9177-28885f706fc6,,failed,[Errno 2] No such file or directory: 'ffmpeg'
c96cdaae-581a-4c09-bf7e-9c1945680d70,,failed,[Errno 2] No such file or directory: 'ffmpeg'
281e3227-f681-4863-845b-9870140eced3,,failed,[Errno 2] No such file or directory: 'ffmpeg'
94098a40-6b52-441e-9a45-69730f2458d0,,failed,[Errno 2] No such file or directory: 'ffmpeg'
835a309a-285d-4266-8425-6ee670f8f18f,,failed,[Errno 2] No such file or directory: 'ffmpeg'
7fc7cfa8-b158-4f99-ad93-c3f895e625e8,,failed,[Errno 2] No such file or directory: 'ffmpeg'
03b96de9-0410-42f0-9b3b-95facd0650de,,failed,[Errno 2] No such file or directory: 'ffmpeg'
a012c5d1-67c3-41b2-a227-f12fe106571f,,failed,[Errno 2] No such file or directory: 'ffmpeg'
add84f56-6ee9-4c0d-a39b-cfdca2c11d69,,failed,[Errno 2] No such file or directory: 'ffmpeg'
45666d1e-1387-4822-84ee-762341da66d6,,failed,[Errno 2] No such file or directory: 'ffmpeg'
ea6ea909-2803-469f-afe7-3456a09c5840,,failed,[Errno 2] No such file or directory: 'ffmpeg'
6b7b6379-9970-4b9c-9f7b-5e088980bf26,,failed,[Errno 2] No such file or directory: 'ffmpeg'
95ec27fa-bbd9-4a0f-ae1b-197ef07d3e15,,failed,[Errno 2] No such file or directory: 'ffmpeg'
c41fbb0a-01a9-409d-8473-53ab691d3d22,,failed,[Errno 2] No such file or directory: 'ffmpeg'
849f5942-380b-4b5c-90ba-cd3061143759,,failed,[Errno 2] No such file or directory: 'ffmpeg'
14185cc5-8f53-446d-a6b2-e93d9fccf90d,,failed,[Errno 2] No such file or directory: 'ffmpeg'
8fe25bdf-a1cf-485f-ac97-caf2ba008e08,,failed,[Errno 2] No such file or directory: 'ffmpeg'
d40c6dcc-f757-43d7-b7bc-0bd9f5578f9a,,failed,[Errno 2] No such file or directory: 'ffmpeg'
f6b15ec6-a98b-414c-a8ee-6effa5a27018,,failed,[Errno 2] No such file or directory: 'ffmpeg'
02e8b62b-cc44-4831-88d5-1854111e5c49,,failed,[Errno 2] No such file or directory: 'ffmpeg'
557947ce-e222-4d74-8ea3-ead064ebcf9a,,failed,[Errno 2] No such file or directory: 'ffmpeg'
6d7959ef-0143-4c9c-a7eb-07d8f4263e7d,,failed,[Errno 2] No such file or directory: 'ffmpeg'
7b300d0f-492c-4515-9b21-cb9484df048a,,failed,[Errno 2] No such file or directory: 'ffmpeg'
dd94e860-299a-4bd7-8ae1-5d7221453d8b,,failed,[Errno 2] No such file or directory: 'ffmpeg'
14ab397a-4f8e-4fa7-993f-e068183750f5,,failed,[Errno 2] No such file or directory: 'ffmpeg'
12183a69-79a2-4fa6-9030-94bdc2850702,,failed,[Errno 2] No such file or directory: 'ffmpeg'
4a7c47ef-ce1b-4162-be0b-4bb36c7bd485,,failed,[Errno 2] No such file or directory: 'ffmpeg'
74491e8c-8ed1-4c0d-9980-b1bb84dcbfae,,failed,[Errno 2] No such file or directory: 'ffmpeg'
56ffae3a-75ef-4520-bee3-21a7827c7b5f,,failed,[Errno 2] No such file or directory: 'ffmpeg'
f203ce4c-9eb4-4ef5-8966-9c4e0e556bc3,,failed,[Errno 2] No such file or directory: 'ffmpeg'
f40bcadc-b756-43a2-bb1a-e8cb67f632f4,,failed,[Errno 2] No such file or directory: 'ffmpeg'
c4c056d9-7c50-4212-9a41-6e4d17a70918,,failed,[Errno 2] No such file or directory: 'ffmpeg'
e511e30a-b2a1-4333-a005-44f4c726cb7d,,failed,[Errno 2] No such file or directory: 'ffmpeg'
599ab083-5537-4f5e-9845-87dd0eb480b3,,failed,[Errno 2] No such file or directory: 'ffmpeg'
64a75fb1-fcb2-4b1e-bd29-1ea3f2a11a38,,failed,[Errno 2] No such file or directory: 'ffmpeg'
ff4c2867-4987-4b95-87a5-22d9a81ed831,,failed,[Errno 2] No such file or directory: 'ffmpeg'
54bdf659-de42-4eed-bfe7-fb80a8597d86,,failed,[Errno 2] No such file or directory: 'ffmpeg'
596a6425-0d2b-4883-b634-17f791808beb,,failed,[Errno 2] No such file or directory: 'ffmpeg'
2822c910-32b5-431e-9e0e-f48cfb843c7c,,failed,[Errno 2] No such file or directory: 'ffmpeg'
1ba4f702-709d-45aa-9f1b-fa8a28b6e272,,failed,[Errno 2] No such file or directory: 'ffmpeg'
071ecf6e-2644-477b-8c8c-f168faf3022e,,failed,[Errno 2] No such file or directory: 'ffmpeg'
d8bf421b-4cf9-432e-bd2c-295643616f19,,failed,[Errno 2] No such file or directory: 'ffmpeg'
eb6a08e8-a993-43b8-b24c-9975dcfff964,,failed,[Errno 2] No such file or directory: 'ffmpeg'
60bc1999-f3ac-4490-963d-fb9ca57fbf2e,,failed,[Errno 2] No such file or directory: 'ffmpeg'
2d1c8707-4fff-4681-83c4-0c25567a5de6,,failed,[Errno 2] No such file or directory: 'ffmpeg'
e736cbe7-21e1-4df8-8f8e-00c7bdbd1cd6,,failed,[Errno 2] No such file or directory: 'ffmpeg'
a08e1957-1f60-4a7a-94c4-79b8fb19368e,,failed,[Errno 2] No such file or directory: 'ffmpeg'
3c44275e-4b3f-4212-93fd-4e6fe738ebc0,,failed,[Errno 2] No such file or directory: 'ffmpeg'
6b06d8eb-4f9b-441f-8015-b3e89d8652a2,,failed,[Errno 2] No such file or directory: 'ffmpeg'
91ff2909-c571-4610-aec7-3b56b0134396,,failed,[Errno 2] No such file or directory: 'ffmpeg'
fcac00be-7f11-4da8-83e6-ce944e11fa35,,failed,[Errno 2] No such file or directory: 'ffmpeg'
4d7a6652-41a4-43dc-be0e-b9f8e8112bb7,,failed,[Errno 2] No such file or directory: 'ffmpeg'
f10ba6c5-1646-443f-8b3a-cf9b7e43bb63,,failed,[Errno 2] No such file or directory: 'ffmpeg'
900151a3-f4ff-47f1-91cf-a25e0dab2b04,,failed,[Errno 2] No such file or directory: 'ffmpeg'
9dcb0c15-74aa-425a-af42-f2723724cdb4,,failed,[Errno 2] No such file or directory: 'ffmpeg'
db098024-ceee-4206-8bc3-c244eb46e227,,failed,[Errno 2] No such file or directory: 'ffmpeg'
be22e6a9-78e5-4a7c-b013-71dad0907ff1,,failed,[Errno 2] No such file or directory: 'ffmpeg'
829952ea-2d17-45ab-a828-1db0b225ae2e,,failed,[Errno 2] No such file or directory: 'ffmpeg'
603b1551-4e98-4012-850e-5ae8f5510446,,failed,[Errno 2] No such file or directory: 'ffmpeg'
341cf34f-15c6-4dfa-9487-1a95545ca8e5,,failed,[Errno 2] No such file or directory: 'ffmpeg'
7022b5d6-6861-49d1-90e0-c30a1be8278a,,failed,[Errno 2] No such file or directory: 'ffmpeg'
7ada1685-ec0a-404f-b6f6-67650eb9cbf9,,failed,[Errno 2] No such file or directory: 'ffmpeg'
9da44092-e34a-4413-83b1-2be9f53f6edb,,failed,[Errno 2] No such file or directory: 'ffmpeg'
f3a70ec5-556d-4b88-8267-a5173d57ff70,,failed,[Errno 2] No such file or directory: 'ffmpeg'
826bbffe-fb24-47e3-8578-355ed07e8400,,failed,[Errno 2] No such file or directory: 'ffmpeg'
18e1d3f3-ca84-480e-82aa-d539813cccee,,failed,[Errno 2] No such file or directory: 'ffmpeg'
83f6944d-56a6-4b16-8359-3f316c91c635,,failed,[Errno 2] No such file or directory: 'ffmpeg'
fd608ade-3d66-4ad7-8a50-23085e7f4a36,,failed,[Errno 2] No such file or directory: 'ffmpeg'
5f60add9-ada8-4be8-b220-d8e0417100bd,,failed,[Errno 2] No such file or directory: 'ffmpeg'
2ad798d3-5d78-4c9c-b483-e276f74c5f38,,failed,[Errno 2] No such file or directory: 'ffmpeg'
9261eb11-af5f-4c4d-959f-3dc279b97687,,failed,[Errno 2] No such file or directory: 'ffmpeg'
070cc998-58c2-45f9-a13f-6a0d40c91c61,,failed,[Errno 2] No such file or directory: 'ffmpeg'
cc00194e-9ad2-4a5a-b867-90519bc4da61,,failed,[Errno 2] No such file or directory: 'ffmpeg'
e005c247-e053-4895-ab6a-c59e2becef50,,failed,[Errno 2] No such file or directory: 'ffmpeg'
8111ea54-3c70-4eca-a3d4-d9ad201d7916,,failed,[Errno 2] No such file or directory: 'ffmpeg'
1413337f-1b86-41fa-a526-bc5bba6e1c0a,,failed,[Errno 2] No such file or directory: 'ffmpeg'
017a0b57-5119-4cc1-8c8a-b364a54b3ab6,,failed,[Errno 2] No such file or directory: 'ffmpeg'
079c580d-870a-434e-afd9-10374dc69952,,failed,[Errno 2] No such file or directory: 'ffmpeg'
8b1579fa-2c29-4eb2-bb68-ba6b4f00bfef,,failed,[Errno 2] No such file or directory: 'ffmpeg'
82a88c25-9114-4867-b993-88546acd8a73,,failed,[Errno 2] No such file or directory: 'ffmpeg'
895269cb-d687-4b3c-8599-f3e28a864ef7,,failed,[Errno 2] No such file or directory: 'ffmpeg'
3334cc5e-738c-4540-a284-96fbb446b3ce,,failed,[Errno 2] No such file or directory: 'ffmpeg'
9b1194af-affb-4d70-ab54-e9165457ed0a,,failed,[Errno 2] No such file or directory: 'ffmpeg'
6f9c847a-66af-449b-940e-74609d2ae13f,,failed,[Errno 2] No such file or directory: 'ffmpeg'
02d50cbe-f79f-4a94-a05e-dec1549f08be,,failed,[Errno 2] No such file or directory: 'ffmpeg'
97a6b80b-ba94-48db-a319-cde284daa86d,,failed,[Errno 2] No such file or directory: 'ffmpeg'
70bf316f-67d0-42e5-ae2a-4ae848aecbe3,,failed,[Errno 2] No such file or directory: 'ffmpeg'
768d52f9-7bc8-46c0-9c4f-f4cf14b8089b,,failed,[Errno 2] No such file or directory: 'ffmpeg'
86b37745-7f5b-408a-931c-3306f87690d6,,failed,[Errno 2] No such file or directory: 'ffmpeg'
9c8315f2-f986-4189-85a2-58af5bd26e0e,,failed,[Errno 2] No such file or directory: 'ffmpeg'
d04cca74-04bf-4287-8d8b-d6bd3d58891b,,failed,[Errno 2] No such file or directory: 'ffmpeg'
5f4fbfa9-3966-4540-93ee-c271ee26996c,,failed,[Errno 2] No such file or directory: 'ffmpeg'
96c8ede8-9e03-4c01-ab00-9a90f61aeff8,,failed,[Errno 2] No such file or directory: 'ffmpeg'
c4db8dea-2b13-4512-b4f4-7f308990be17,,failed,[Errno 2] No such file or directory: 'ffmpeg'
39323dee-0c52-48df-bab3-816ad403e4f8,,failed,[Errno 2] No such file or directory: 'ffmpeg'
35b084c5-8347-48cb-90a3-76291c178614,,failed,[Errno 2] No such file or directory: 'ffmpeg'
8526b9b7-d313-4706-9778-693401c0ff75,,failed,[Errno 2] No such file or directory: 'ffmpeg'
dca17f4e-171e-49b8-a7db-bc8262621550,,failed,[Errno 2] No such file or directory: 'ffmpeg'
7e751642-0fc6-40f4-952e-7d3c80f9a8f1,,failed,[Errno 2] No such file or directory: 'ffmpeg'
27c3cad3-573b-49a7-ad76-a89d5490859a,,failed,[Errno 2] No such file or directory: 'ffmpeg'
8bc5054e-dc8f-4074-b370-688b63765670,,failed,[Errno 2] No such file or directory: 'ffmpeg'
f01b4bb5-f31c-4863-915e-44a74c3ade41,,failed,[Errno 2] No such file or directory: 'ffmpeg'
8771ab41-a627-4cb3-885c-db2487749a60,,failed,[Errno 2] No such file or directory: 'ffmpeg'
b7414bf7-41a6-42fc-b53f-f2f118ec5cf5,,failed,[Errno 2] No such file or directory: 'ffmpeg'
26233bf9-3652-40a4-851c-983aa0c03e3f,,failed,[Errno 2] No such file or directory: 'ffmpeg'
9c1f1400-e75a-491f-8640-ff1fa9b7b838,,failed,[Errno 2] No such file or directory: 'ffmpeg'
12bf34a5-edce-4384-81d6-72fb2478482c,,failed,[Errno 2] No such file or directory: 'ffmpeg'
c42ae362-b01e-4db3-9fa2-2cb432a09233,,failed,[Errno 2] No such file or directory: 'ffmpeg'
35516a7d-8335-4df1-91b8-025d299f9d37,,failed,[Errno 2] No such file or directory: 'ffmpeg'
5d074e35-6a57-43dc-86fc-f900d4fecca6,,failed,[Errno 2] No such file or directory: 'ffmpeg'
4bcb81e3-4928-4b1f-9af9-7dcad43af8a6,,failed,[Errno 2] No such file or directory: 'ffmpeg'
56916c76-836e-4b6b-9520-c99e21d9dca2,,failed,[Errno 2] No such file or directory: 'ffmpeg'
4823c8c2-d843-4485-92f4-eefc1d5592c2,,failed,[Errno 2] No such file or directory: 'ffmpeg'
df296a9f-1b6f-4138-a1aa-ba6f9d7400fd,,failed,[Errno 2] No such file or directory: 'ffmpeg'
7e1fd223-3c08-49fc-a562-d2ebd54895d2,,failed,[Errno 2] No such file or directory: 'ffmpeg'
e5dbac0f-27d8-4f92-99a7-68dc9215cf50,,failed,[Errno 2] No such file or directory: 'ffmpeg'
733109dc-2150-4a7f-a0e5-e18d424dc7d6,,failed,[Errno 2] No such file or directory: 'ffmpeg'
05dcc674-074a-426f-837c-c4a1bd1272a9,,failed,[Errno 2] No such file or directory: 'ffmpeg'
54530254-47b4-48b4-96d1-eb394c4bc9b6,,failed,[Errno 2] No such file or directory: 'ffmpeg'
087d31fb-7c93-42c4-a22f-bdeb61a20f0f,,failed,[Errno 2] No such file or directory: 'ffmpeg'
f5f17857-a39b-432f-b49e-e2d5d7c3980a,,failed,[Errno 2] No such file or directory: 'ffmpeg'
6b766f42-0664-4e32-ac69-d943fd491002,,failed,[Errno 2] No such file or directory: 'ffmpeg'
b65a7e38-dcee-4088-bd0e-3de7c1f7daee,,failed,[Errno 2] No such file or directory: 'ffmpeg'
7f2f616a-a798-4cde-82bd-7ae79eb4713e,,failed,[Errno 2] No such file or directory: 'ffmpeg'
73fdffdc-6d1c-4cca-86d4-1b78511e8cb7,,failed,[Errno 2] No such file or directory: 'ffmpeg'
1ccc55be-c734-410e-9abc-d5568110f163,,failed,[Errno 2] No such file or directory: 'ffmpeg'
18614599-b9ef-47b2-a43f-23102369d1f8,,failed,[Errno 2] No such file or directory: 'ffmpeg'
46827df4-99e9-4ab6-8e33-e64a701204f6,,failed,[Errno 2] No such file or directory: 'ffmpeg'
8a93c10f-1739-4129-a4de-a24082e5b087,,failed,[Errno 2] No such file or directory: 'ffmpeg'
06112d84-72f4-4e84-9483-2ddf8f8e1d0d,,failed,[Errno 2] No such file or directory: 'ffmpeg'
55dca8f3-9500-41b3-ac24-9711a84bba0d,,failed,[Errno 2] No such file or directory: 'ffmpeg'
03d5e4c2-cb9b-4a9a-b9ec-c0006bbb0f2f,,failed,[Errno 2] No such file or directory: 'ffmpeg'
7f8dae94-1115-425d-93bc-064a51343676,,failed,[Errno 2] No such file or directory: 'ffmpeg'
0c2e8f01-fa1c-4185-9b90-d606d43be5e6,,failed,[Errno 2] No such file or directory: 'ffmpeg'
24966094-fee0-40b1-87c8-47bf5f32c715,,failed,[Errno 2] No such file or directory: 'ffmpeg'
a2924514-020a-4548-9a89-9dfbfc5f02ca,,failed,[Errno 2] No such file or directory: 'ffmpeg'
caf10ef9-9306-45e2-b66d-395b2b59b0a3,,failed,[Errno 2] No such file or directory: 'ffmpeg'
7c71e4dc-4626-4f72-b5c3-c2ddbba651c7,,failed,[Errno 2] No such file or directory: 'ffmpeg'
5a9e4407-043b-4616-8eee-58bb3b8f09c2,,failed,[Errno 2] No such file or directory: 'ffmpeg'
a6db113a-07e5-440b-a0fa-11abaaa2e95d,,failed,[Errno 2] No such file or directory: 'ffmpeg'
b9f2dc40-341d-4c84-8fe0-eca184862779,,failed,[Errno 2] No such file or directory: 'ffmpeg'
4e1ea676-6d1f-44af-a63b-5bb561d1d7ba,,failed,[Errno 2] No such file or directory: 'ffmpeg'
195405c1-5d24-4007-9ecf-a4e73905fae7,,failed,[Errno 2] No such file or directory: 'ffmpeg'
bf7a2004-d9d9-4f52-b783-72afb3b5fb47,,failed,[Errno 2] No such file or directory: 'ffmpeg'
b407a515-a68a-44cf-99a5-ece45476046a,,failed,[Errno 2] No such file or directory: 'ffmpeg'
903729e5-f954-4310-82be-ce963fd038c0,,failed,[Errno 2] No such file or directory: 'ffmpeg'
9fda16a9-e3c8-462c-a5ee-db66306f5801,,failed,[Errno 2] No such file or directory: 'ffmpeg'
648b7a96-0abe-4e84-9094-9542e39c8ef1,,failed,[Errno 2] No such file or directory: 'ffmpeg'
38daecec-6649-490f-95f8-1bd89244b905,,failed,[Errno 2] No such file or directory: 'ffmpeg'
969ce290-da00-4065-8ff1-95e00971ce19,,failed,[Errno 2] No such file or directory: 'ffmpeg'
0f5dd25b-7c46-4599-addc-008414243fd1,,failed,[Errno 2] No such file or directory: 'ffmpeg'
c5a5b438-c74c-408a-93c7-33426c446f50,,failed,[Errno 2] No such file or directory: 'ffmpeg'
12fac667-35f3-40e9-a085-15409e89d51a,,failed,[Errno 2] No such file or directory: 'ffmpeg'
50538000-2d34-4a84-aef4-50af133ab4fa,,failed,[Errno 2] No such file or directory: 'ffmpeg'
4e60b558-2a8b-45b0-988e-de1751b8bd3f,,failed,[Errno 2] No such file or directory: 'ffmpeg'
2603ff32-b02b-43ea-b92d-bc01ed9f0931,,failed,[Errno 2] No such file or directory: 'ffmpeg'
6549e788-a80c-4c1c-9640-a5982e4b07d7,,failed,[Errno 2] No such file or directory: 'ffmpeg'
f55ccf30-7277-4e8f-82a4-4d3f9903c8e3,,failed,[Errno 2] No such file or directory: 'ffmpeg'
e86a54b8-d09a-414b-971e-884bd70b9dfd,,failed,[Errno 2] No such file or directory: 'ffmpeg'
fa536802-ac5f-4054-acbf-f6e87b81a398,,failed,[Errno 2] No such file or directory: 'ffmpeg'
55025969-8612-4d84-b712-0739c0b54e09,,failed,[Errno 2] No such file or directory: 'ffmpeg'
78a67496-e2f1-4151-8f94-f109f3109a51,,failed,[Errno 2] No such file or directory: 'ffmpeg'
36aba39c-ef9a-4ede-ba57-c72c784d3c50,,failed,[Errno 2] No such file or directory: 'ffmpeg'
ae954c58-bece-4bf6-8ac4-f9ab67730016,,failed,[Errno 2] No such file or directory: 'ffmpeg'
b72b0e8b-5dfb-43a0-b40a-99efe1fead9b,,failed,[Errno 2] No such file or directory: 'ffmpeg'
5e2ea422-8dc9-4071-b019-ef9186ca50af,,failed,[Errno 2] No such file or directory: 'ffmpeg'
2c517c14-af14-435a-bde8-9e5fd5662d41,,failed,[Errno 2] No such file or directory: 'ffmpeg'
1298f405-f27a-4145-a67b-1433de1586e4,,failed,[Errno 2] No such file or directory: 'ffmpeg'
a6aac382-bd3e-4107-afd7-a37199ea81cb,,failed,[Errno 2] No such file or directory: 'ffmpeg'
ee38525b-38f3-4531-8948-c223a8f718bd,,failed,[Errno 2] No such file or directory: 'ffmpeg'
1de09995-b544-491b-a4dd-6237d11f331d,,failed,[Errno 2] No such file or directory: 'ffmpeg'
249da4ee-5c47-4c57-929a-99ae043baced,,failed,[Errno 2] No such file or directory: 'ffmpeg'
59b5d5a1-f0c8-468d-a372-489e34430612,,failed,[Errno 2] No such file or directory: 'ffmpeg'
47da51e8-4c40-4a84-87ec-52f9b5d635ec,,failed,[Errno 2] No such file or directory: 'ffmpeg'
38e54c27-4feb-4869-9e8b-a872dc17e427,,failed,[Errno 2] No such file or directory: 'ffmpeg'
8cf37654-9df2-4ba9-a372-590938a402c5,,failed,[Errno 2] No such file or directory: 'ffmpeg'
eecaa815-02d5-48fd-bc54-1febea5d4571,,failed,[Errno 2] No such file or directory: 'ffmpeg'
9521e71a-b73c-4fef-8490-29c9f1212246,,failed,[Errno 2] No such file or directory: 'ffmpeg'
dc4827a1-2bfb-4052-802e-6bc1497b61c3,,failed,[Errno 2] No such file or directory: 'ffmpeg'
4049dfee-4768-4714-892d-f8da9d042e76,,failed,[Errno 2] No such file or directory: 'ffmpeg'
0e6b4405-5c9e-4dfc-abcb-c931aa953a97,,failed,[Errno 2] No such file or directory: 'ffmpeg'
a80b9e76-e6d6-4639-b0ac-79a32c7cb355,,failed,[Errno 2] No such file or directory: 'ffmpeg'
2d64b552-dc7c-4eef-9929-34dbce4a0fba,,failed,[Errno 2] No such file or directory: 'ffmpeg'
957f5c5d-995a-4575-a250-e0573c86922b,,failed,[Errno 2] No such file or directory: 'ffmpeg'
f2fc372e-d13d-4e71-8233-3c44c115b6c5,,failed,[Errno 2] No such file or directory: 'ffmpeg'
f88a53b6-67ee-46a8-a415-0d656876e52c,,failed,[Errno 2] No such file or directory: 'ffmpeg'
90d147a0-c3c3-40ef-8bd3-cc7f6911a509,,failed,[Errno 2] No such file or directory: 'ffmpeg'
43a9a1bc-c425-4edd-adc5-b37ea772ae9a,,failed,[Errno 2] No such file or directory: 'ffmpeg'
8324ac1a-91c3-4731-a01e-62884c505223,,failed,[Errno 2] No such file or directory: 'ffmpeg'
ad9a15d7-9f91-465b-923f-37fd636e04aa,,failed,[Errno 2] No such file or directory: 'ffmpeg'
27a72bbb-1cef-461a-b53c-fe65adee83cf,,failed,[Errno 2] No such file or directory: 'ffmpeg'
58ec10df-d503-431d-9dd9-f63bb61bd46d,,failed,[Errno 2] No such file or directory: 'ffmpeg'
d4600b3e-3520-4b34-a9b1-7cd8f6dc4ae5,,failed,[Errno 2] No such file or directory: 'ffmpeg'
6c9ae6cd-f8ac-4135-b5ce-663202bc4aa3,,failed,[Errno 2] No such file or directory: 'ffmpeg'
6ae5b512-fb28-4a6d-b521-bc6157e1b5c2,,failed,[Errno 2] No such file or directory: 'ffmpeg'
88188cf6-752e-4b32-9082-ba858f05228e,,failed,[Errno 2] No such file or directory: 'ffmpeg'
77db0ab3-ba09-4a57-b4c0-59117b2cf040,,failed,[Errno 2] No such file or directory: 'ffmpeg'
d0da62c1-16bb-4543-baf6-ba2928252eb4,,failed,[Errno 2] No such file or directory: 'ffmpeg'
51a4b0d1-adab-4e10-a329-67bb9558090a,,failed,[Errno 2] No such file or directory: 'ffmpeg'
54187864-153e-463f-969b-04d1fca560ed,,failed,[Errno 2] No such file or directory: 'ffmpeg'
d85afa24-4ecc-4db7-adb7-5f9575c691a6,,failed,[Errno 2] No such file or directory: 'ffmpeg'
d0cbc3f8-f3a6-4ec3-85d5-1261f37e24ea,,failed,[Errno 2] No such file or directory: 'ffmpeg'
e25a4db9-c322-49b1-b464-9f7f3cb36f8d,,failed,[Errno 2] No such file or directory: 'ffmpeg'
b9fb4458-b5ce-4ddd-af53-57df3d6ca016,,failed,[Errno 2] No such file or directory: 'ffmpeg'
75027fc3-e9af-40de-9875-fda5d5ab2b16,,failed,[Errno 2] No such file or directory: 'ffmpeg'
bfff8f7e-8acf-44f4-beb3-3ed97114f32c,,failed,[Errno 2] No such file or directory: 'ffmpeg'
7f900dd6-eb70-461e-a385-f16115e02aa5,,failed,[Errno 2] No such file or directory: 'ffmpeg'
c91a28aa-aa69-4c6a-8ed3-3a1fa99d0f16,,failed,[Errno 2] No such file or directory: 'ffmpeg'
e4dc60b3-b612-4f21-a40e-110771fb72fa,,failed,[Errno 2] No such file or directory: 'ffmpeg'
2c3d9e46-79f9-449f-92ff-839b54efe843,,failed,[Errno 2] No such file or directory: 'ffmpeg'
14524ad9-a097-4b2a-9afc-a685a05ee7ac,,failed,[Errno 2] No such file or directory: 'ffmpeg'
3a311529-d890-4e64-abad-caa20d6b6a5d,,failed,[Errno 2] No such file or directory: 'ffmpeg'
c36ad18d-5d12-4645-88d8-e20054e3d1e6,,failed,[Errno 2] No such file or directory: 'ffmpeg'
18334359-f314-4615-853c-807139c47252,,failed,[Errno 2] No such file or directory: 'ffmpeg'
dd13d462-b1b0-4cec-bf5c-c5291a959d6d,,failed,[Errno 2] No such file or directory: 'ffmpeg'
47dbbfdc-ca5a-41dd-92e5-92f70bb27036,,failed,[Errno 2] No such file or directory: 'ffmpeg'
2c8cc6b6-58cd-45d8-bffe-f0ccc55b7e0e,,failed,[Errno 2] No such file or directory: 'ffmpeg'
34723368-b485-4550-a205-e84d90ad82a2,,failed,[Errno 2] No such file or directory: 'ffmpeg'
042151a8-68aa-4304-8c4f-d4c297d267c6,,failed,[Errno 2] No such file or directory: 'ffmpeg'
cfca5661-50ae-4d66-9c76-3b2c60752a46,,failed,[Errno 2] No such file or directory: 'ffmpeg'
2ab092a9-b8ca-4611-9898-d9eb33f99fa0,,failed,[Errno 2] No such file or directory: 'ffmpeg'
07ea0060-f99a-444c-9061-e44e1d3036b2,,failed,[Errno 2] No such file or directory: 'ffmpeg'
8320d3c7-3cd3-4ef7-b8d5-1d510fd2e6fe,,failed,[Errno 2] No such file or directory: 'ffmpeg'
b68f5afc-fcb1-4730-aca8-e1093a280b92,,failed,[Errno 2] No such file or directory: 'ffmpeg'
4b9990b6-da0a-4d08-8f50-44ce9f26216c,,failed,[Errno 2] No such file or directory: 'ffmpeg'
84cef8f1-0f9c-4c35-bbd3-f8a9ac8c3b93,,failed,[Errno 2] No such file or directory: 'ffmpeg'
a9c61dc3-7382-4104-97fd-2f7a4f2ed082,,failed,[Errno 2] No such file or directory: 'ffmpeg'
d35bd569-69e5-4bd2-8c8b-60e9133a0d55,,failed,[Errno 2] No such file or directory: 'ffmpeg'
3c46d21b-b608-4e90-9d33-452b692f40c1,,failed,[Errno 2] No such file or directory: 'ffmpeg'
f96ee7de-e7f6-4a44-a43c-49f357b30d5a,,failed,[Errno 2] No such file or directory: 'ffmpeg'
895d7dde-9761-436b-9e47-eaabd69a641b,,failed,[Errno 2] No such file or directory: 'ffmpeg'
b6925710-7326-4bc7-9915-07a4c418f62a,,failed,[Errno 2] No such file or directory: 'ffmpeg'
25276098-7f80-44df-823d-a1752d02430d,,failed,[Errno 2] No such file or directory: 'ffmpeg'
92ae7886-5514-4545-8757-998ee6d14571,,failed,[Errno 2] No such file or directory: 'ffmpeg'
2ed00de8-f397-46aa-ad80-7d502aa8dd31,,failed,[Errno 2] No such file or directory: 'ffmpeg'
0d22af10-c2b2-4daf-8d45-59965b4507d9,,failed,[Errno 2] No such file or directory: 'ffmpeg'
6be74f99-7cb8-469d-8f92-41c2ccdec131,,failed,[Errno 2] No such file or directory: 'ffmpeg'
2ffa1af4-9667-4833-a632-a7dd70953fbd,,failed,[Errno 2] No such file or directory: 'ffmpeg'
748d8123-6183-4236-ae1d-efe10d9900dd,,failed,[Errno 2] No such file or directory: 'ffmpeg'
7b4f080d-5849-4b2f-af16-728c55c9df41,,failed,[Errno 2] No such file or directory: 'ffmpeg'
93803fe1-1f26-40b6-8ad0-0184ff716b6b,,failed,[Errno 2] No such file or directory: 'ffmpeg'
4a1ad04e-1742-458e-8920-aeec1644a3f0,,failed,[Errno 2] No such file or directory: 'ffmpeg'
810c0a92-728f-433b-bb42-553b3638b310,,failed,[Errno 2] No such file or directory: 'ffmpeg'
c566a253-efca-442f-803e-2f1a80e50ade,,failed,[Errno 2] No such file or directory: 'ffmpeg'
5f80ed65-5bd4-47d1-bfad-dfe6e7c3bba8,,failed,[Errno 2] No such file or directory: 'ffmpeg'
d4032837-0043-40af-bb33-7eb33427a95d,,failed,[Errno 2] No such file or directory: 'ffmpeg'
dc37decc-8ecb-4cfc-b507-332cf77c86fd,,failed,[Errno 2] No such file or directory: 'ffmpeg'
e0dcf965-e27d-4284-b3fc-0d15c597890c,,failed,[Errno 2] No such file or directory: 'ffmpeg'
8017e4af-0dd7-4a95-9a8c-1b75c65ae7f4,,failed,[Errno 2] No such file or directory: 'ffmpeg'
96db45cd-be2f-4829-a006-8beade71a6e2,,failed,[Errno 2] No such file or directory: 'ffmpeg'
c3ab22df-1cd2-4232-ac51-7c19c40ecdbb,,failed,[Errno 2] No such file or directory: 'ffmpeg'
b26e8910-a860-4cfc-bf9b-2df2f9e9cbb2,,failed,[Errno 2] No such file or directory: 'ffmpeg'
b37deb29-aa29-4550-8f05-9d7a3732df3c,,failed,[Errno 2] No such file or directory: 'ffmpeg'
ddb8e4e2-13ce-46f7-a1d8-092d8204a9dc,,failed,[Errno 2] No such file or directory: 'ffmpeg'
e92cd788-1fe8-435d-bdd2-6aadb9a7d689,,failed,[Errno 2] No such file or directory: 'ffmpeg'
5031885e-d6e2-4fca-8589-f0d89304aa7c,,failed,[Errno 2] No such file or directory: 'ffmpeg'
b0dd6899-3b08-40b4-9921-dcc551217e8b,,failed,[Errno 2] No such file or directory: 'ffmpeg'
452dacd4-3458-4981-bf3d-52b091fe1511,,failed,[Errno 2] No such file or directory: 'ffmpeg'
30bb8d47-ca0b-4d96-9914-9e850cb50632,,failed,[Errno 2] No such file or directory: 'ffmpeg'
8868bce6-d715-4b7d-b3ac-6152fa38bf20,,failed,[Errno 2] No such file or directory: 'ffmpeg'
90428216-cc46-401d-8f7e-71a39dc9a488,,failed,[Errno 2] No such file or directory: 'ffmpeg'
5f1bbfc9-265f-47d4-8519-bc14a82e1db9,,failed,[Errno 2] No such file or directory: 'ffmpeg'
1632af68-c464-4c47-8531-af2572c78f67,,failed,[Errno 2] No such file or directory: 'ffmpeg'
9cdb20ef-1049-4ab6-9752-b9530d24acc8,,failed,[Errno 2] No such file or directory: 'ffmpeg'
536f4386-34d7-4d98-99ae-78db599e11a3,,failed,[Errno 2] No such file or directory: 'ffmpeg'
f2e1dd73-c4fb-4caa-b999-21585f7eaa84,,failed,[Errno 2] No such file or directory: 'ffmpeg'
82c16193-036e-443a-badd-032412869a73,,failed,[Errno 2] No such file or directory: 'ffmpeg'
12221713-d95e-444f-be8c-dd20fbf318f0,,failed,[Errno 2] No such file or directory: 'ffmpeg'
af520341-b546-46ad-8ba3-3c3783d59160,,failed,[Errno 2] No such file or directory: 'ffmpeg'
d254c275-08e2-4c71-9df0-77d44220fb42,,failed,[Errno 2] No such file or directory: 'ffmpeg'
976407fd-e9eb-44f2-aa45-1dbf96a1e95b,,failed,[Errno 2] No such file or directory: 'ffmpeg'
fb817cba-03c0-40e9-859c-18d7b9958e28,,failed,[Errno 2] No such file or directory: 'ffmpeg'
9f12b3d6-144b-41e6-8f65-b6039d540019,,failed,[Errno 2] No such file or directory: 'ffmpeg'
0be4e3ce-9d2d-4b9e-81f9-68607a30bd86,,failed,[Errno 2] No such file or directory: 'ffmpeg'
2aa9e089-2e8f-4aee-88e4-a9df3673fd18,,failed,[Errno 2] No such file or directory: 'ffmpeg'
8f3dfc5d-4ca8-43ae-ad3f-ae4d0f7a3796,,failed,[Errno 2] No such file or directory: 'ffmpeg'
9b51bf7c-580c-43ac-9157-b2d501c4d71d,,failed,[Errno 2] No such file or directory: 'ffmpeg'
1e794653-d46b-4bc0-a8da-a03a934118a8,,failed,[Errno 2] No such file or directory: 'ffmpeg'
e82a8c4e-9887-4a8a-b67c-ce36b4632162,,failed,[Errno 2] No such file or directory: 'ffmpeg'
56280c77-ecc9-41b4-98bc-96ef7bf3315b,,failed,[Errno 2] No such file or directory: 'ffmpeg'
4998d454-de3e-4e80-8b1e-4c4634462fd0,,failed,[Errno 2] No such file or directory: 'ffmpeg'
2d939680-d162-4c60-8fb0-00fa9aeeeb4e,,failed,[Errno 2] No such file or directory: 'ffmpeg'
4ac9f8a4-0f1b-4ce2-a383-06678f5bd735,,failed,[Errno 2] No such file or directory: 'ffmpeg'
ee7671d5-ed07-4444-b48e-73b0dbe2aad1,,failed,[Errno 2] No such file or directory: 'ffmpeg'
2c43fce9-69b3-4acd-ab11-aa10f4045e32,,failed,[Errno 2] No such file or directory: 'ffmpeg'
e40708f7-d99e-4546-bc62-472772ae51b2,,failed,[Errno 2] No such file or directory: 'ffmpeg'
dfd88f87-7f78-4a05-b21f-22edb2299166,,failed,[Errno 2] No such file or directory: 'ffmpeg'
f8c5c988-7f1b-4580-ad7d-a01650917665,,failed,[Errno 2] No such file or directory: 'ffmpeg'
5be724db-741e-4b74-9283-ffec35d1dc7b,,failed,[Errno 2] No such file or directory: 'ffmpeg'
27dca131-d0a4-4af9-84da-67c940cfdb47,,failed,[Errno 2] No such file or directory: 'ffmpeg'
2b410ce0-fd13-4f5b-b804-04cca9e89eb3,,failed,[Errno 2] No such file or directory: 'ffmpeg'
8a897bed-7ad7-4403-9a50-e34c6f3e8b8f,,failed,[Errno 2] No such file or directory: 'ffmpeg'
a51cc650-d2b6-4b10-bd56-7a4a04c32f5e,,failed,[Errno 2] No such file or directory: 'ffmpeg'
ceadefaa-cfa9-4b21-be0f-5e130cd41734,,failed,[Errno 2] No such file or directory: 'ffmpeg'
91476de5-742e-4385-8bc8-ff22cd487e50,,failed,[Errno 2] No such file or directory: 'ffmpeg'
4a9b7908-1f91-4477-8c3f-2a22b77db0c4,,failed,[Errno 2] No such file or directory: 'ffmpeg'
81861c99-addb-48d8-aab3-9248657369ca,,failed,[Errno 2] No such file or directory: 'ffmpeg'
ee60c9ef-62b9-4948-bb4e-504cc0b8d39c,,failed,[Errno 2] No such file or directory: 'ffmpeg'
03d3a140-f3a1-46ec-840a-97f28b7340d6,,failed,[Errno 2] No such file or directory: 'ffmpeg'
b5b63739-826c-4f30-8d67-10b74d039eb1,,failed,[Errno 2] No such file or directory: 'ffmpeg'
a06523d3-fb37-451b-abbb-c35f4a35d888,,failed,[Errno 2] No such file or directory: 'ffmpeg'
5148ffe8-af56-4f22-b062-3d670c3cfce2,,failed,[Errno 2] No such file or directory: 'ffmpeg'
260acb59-b86c-4155-967c-ff0fc2203195,,failed,[Errno 2] No such file or directory: 'ffmpeg'
7803a4a9-a67e-411d-9f08-ab1fd9718234,,failed,[Errno 2] No such file or directory: 'ffmpeg'
6f19f065-a1df-4efe-afa0-3d7e1afb5bb9,,failed,[Errno 2] No such file or directory: 'ffmpeg'
ea81fbce-59e2-4c92-911b-7287900964b9,,failed,[Errno 2] No such file or directory: 'ffmpeg'
edd261cb-65d2-45c2-8f07-cac62d9767b1,,failed,[Errno 2] No such file or directory: 'ffmpeg'
e9289f53-379b-4722-982d-8e6281a654a8,,failed,[Errno 2] No such file or directory: 'ffmpeg'
9c6c8ddb-5d87-4344-8266-bfd90a0d692c,,failed,[Errno 2] No such file or directory: 'ffmpeg'
4d13ff2d-5c6a-41aa-8bd9-55927092425d,,failed,[Errno 2] No such file or directory: 'ffmpeg'
cdc2795a-2d7d-469c-8abb-159e669ee5fd,,failed,[Errno 2] No such file or directory: 'ffmpeg'
6bdafcb3-acb5-4541-a564-44f4365d28a8,,failed,[Errno 2] No such file or directory: 'ffmpeg'
2d6e428e-c441-415c-b321-c912e12ba3e8,,failed,[Errno 2] No such file or directory: 'ffmpeg'
e75dae31-dea2-4f57-9a13-b8cdaed503f8,,failed,[Errno 2] No such file or directory: 'ffmpeg'
94b3c71a-895f-418a-a36f-d159e97773d6,,failed,[Errno 2] No such file or directory: 'ffmpeg'
7a2cfe79-8577-4c90-bdc8-d52672c773ab,,failed,[Errno 2] No such file or directory: 'ffmpeg'
38b997b1-dc34-4c3b-8b56-8942f5c23d78,,failed,[Errno 2] No such file or directory: 'ffmpeg'
4d95c9ce-28da-4c10-8406-9b5d65f85a66,,failed,[Errno 2] No such file or directory: 'ffmpeg'
6f111b87-a755-4f9f-a130-56d7cb2924c7,,failed,[Errno 2] No such file or directory: 'ffmpeg'
05f92891-2482-4b66-a9bf-a6543e38a2f0,,failed,[Errno 2] No such file or directory: 'ffmpeg'
a513564e-0308-47a7-a2d0-66a78427f593,,failed,[Errno 2] No such file or directory: 'ffmpeg'
15412ea9-9d9f-449c-a304-10f099b51c12,,failed,[Errno 2] No such file or directory: 'ffmpeg'
8395080d-6674-4d7a-aff4-243084bdf65e,,failed,[Errno 2] No such file or directory: 'ffmpeg'
c6f7bb1c-2fa4-4146-ac2a-72672474e952,,failed,[Errno 2] No such file or directory: 'ffmpeg'
7f4903ba-b3d6-4394-b528-7c414fa256f5,,failed,[Errno 2] No such file or directory: 'ffmpeg'
791fd3d6-7c11-4778-abe5-a7dfcfc411f8,,failed,[Errno 2] No such file or directory: 'ffmpeg'
530c8c23-5bc8-4b20-a447-9b8dfc0ceb1d,,failed,[Errno 2] No such file or directory: 'ffmpeg'
d50584bf-1404-42ef-b8bc-49fc6015c080,,failed,[Errno 2] No such file or directory: 'ffmpeg'
56a499b1-911a-407a-96d9-e99dc6400d86,,failed,[Errno 2] No such file or directory: 'ffmpeg'
39af5994-8aea-4817-bfcc-fb498087df30,,failed,[Errno 2] No such file or directory: 'ffmpeg'
4d3cef89-6c0a-4c06-8026-764eab07343f,,failed,[Errno 2] No such file or directory: 'ffmpeg'
ef72d76b-f301-49d2-9474-42f2671d7e40,,failed,[Errno 2] No such file or directory: 'ffmpeg'
9d7ccdcf-49ea-4c8e-8b0b-29074b8c1410,,failed,[Errno 2] No such file or directory: 'ffmpeg'
403684bf-906e-4002-90bd-1e46ce284ec2,,failed,[Errno 2] No such file or directory: 'ffmpeg'
2365264f-ea00-45c0-ae44-532fd4c4270d,,failed,[Errno 2] No such file or directory: 'ffmpeg'
222b268b-2a12-4fe7-aee1-4e8d2359aa84,,failed,[Errno 2] No such file or directory: 'ffmpeg'
e747aeb7-12e2-4cc7-9aca-753d08637ddd,,failed,[Errno 2] No such file or directory: 'ffmpeg'
1b6cb3f1-7697-4e3a-bb7f-ec3d16bcb650,,failed,[Errno 2] No such file or directory: 'ffmpeg'
aa345596-c96a-4cf8-9b36-552f837e3d9a,,failed,[Errno 2] No such file or directory: 'ffmpeg'
5c457cec-a943-4790-baaa-7b29b710db40,,failed,[Errno 2] No such file or directory: 'ffmpeg'
3129b16d-a54f-4897-b047-8752d55c8475,,failed,[Errno 2] No such file or directory: 'ffmpeg'
8ed37e19-6b05-4b03-8316-ffe1ecf6456b,,failed,[Errno 2] No such file or directory: 'ffmpeg'
f5fe79a0-0c10-44a3-b430-565c6e45bcff,,failed,[Errno 2] No such file or directory: 'ffmpeg'
e2a8cc10-7995-4015-b3d2-b054baad9765,,failed,[Errno 2] No such file or directory: 'ffmpeg'
107fc25f-2323-45d4-9513-d85065d834bf,,failed,[Errno 2] No such file or directory: 'ffmpeg'
089f30d0-7c65-4627-86cc-98bc1322e8d2,,failed,[Errno 2] No such file or directory: 'ffmpeg'
5f21c325-0146-494c-8a02-3f70bed7fa9d,,failed,[Errno 2] No such file or directory: 'ffmpeg'
9da2acc8-2fde-4815-8366-76752c166bb5,,failed,[Errno 2] No such file or directory: 'ffmpeg'
29ca47c3-1082-43d9-9695-2127c1a59fce,,failed,[Errno 2] No such file or directory: 'ffmpeg'
cdbf5fc8-f811-4448-aaed-67ef1c2a7ade,,failed,[Errno 2] No such file or directory: 'ffmpeg'
427983fb-a022-410f-ad1e-e97a05c14b0f,,failed,[Errno 2] No such file or directory: 'ffmpeg'
15904f81-1fa1-4a6d-af8f-0ef971fc5b80,,failed,[Errno 2] No such file or directory: 'ffmpeg'
219ca81e-69f0-4eb3-896b-44aaa0c53ec6,,failed,[Errno 2] No such file or directory: 'ffmpeg'
44a55ff9-a81a-4293-89f9-b30f057bab59,,failed,[Errno 2] No such file or directory: 'ffmpeg'
4f59c3e1-8744-4a2b-a302-be23e3a14d2c,,failed,[Errno 2] No such file or directory: 'ffmpeg'
eb45430b-779e-4c86-8778-396a300860c1,,failed,[Errno 2] No such file or directory: 'ffmpeg'
16e54d1d-1286-4bf3-8f92-e4f02f7619de,,failed,[Errno 2] No such file or directory: 'ffmpeg'
c8c9a897-2d1a-4b9a-86f4-c692f76ec2c1,,failed,[Errno 2] No such file or directory: 'ffmpeg'
cba5fa8d-f2b1-470c-a7f9-2d9fe421e93c,,failed,[Errno 2] No such file or directory: 'ffmpeg'
5a787d41-9a66-4e23-a9e1-46eb2efcaf3c,,failed,[Errno 2] No such file or directory: 'ffmpeg'
87bd08dc-70c9-4cf1-81bb-e1176aa672eb,,failed,[Errno 2] No such file or directory: 'ffmpeg'
76cd1a90-eb5a-4b8e-825b-65cb8f49bf27,,failed,[Errno 2] No such file or directory: 'ffmpeg'
218d5fa6-4432-4e05-98ec-fbd4cd164fc0,,failed,[Errno 2] No such file or directory: 'ffmpeg'
0d3c4456-b5b0-4c44-81e6-c49dbbb6d526,,failed,[Errno 2] No such file or directory: 'ffmpeg'
65029430-0c63-4cb8-86cd-6efe3caa1609,,failed,[Errno 2] No such file or directory: 'ffmpeg'
795209c2-0c22-4f69-bf00-fb5d810d3ff5,,failed,[Errno 2] No such file or directory: 'ffmpeg'
72d3fee8-d761-4082-adf9-0ae6a187e215,,failed,[Errno 2] No such file or directory: 'ffmpeg'
f9a981e1-7769-413f-830b-0da5c83e8390,,failed,[Errno 2] No such file or directory: 'ffmpeg'
bb02c1c1-f7e0-4724-b5a7-09eca6ccb1af,,failed,[Errno 2] No such file or directory: 'ffmpeg'
d49123f9-213b-432d-af9e-acaf4ca4d3a9,,failed,[Errno 2] No such file or directory: 'ffmpeg'
9910f932-84e0-44d7-856a-8eaefafeb76c,,failed,[Errno 2] No such file or directory: 'ffmpeg'
015ab0ef-a7e7-408f-b11c-b02ffefc93cf,,failed,[Errno 2] No such file or directory: 'ffmpeg'
dceea01d-5def-4db4-a82f-cfc92eff5dd1,,failed,[Errno 2] No such file or directory: 'ffmpeg'
629d0e0e-5505-42c9-bab5-16f8cf7fa603,,failed,[Errno 2] No such file or directory: 'ffmpeg'
b580268f-1ec7-4c0a-a62b-2475e94fa0ac,,failed,[Errno 2] No such file or directory: 'ffmpeg'
6b28d5d0-64ea-4d3c-8aed-c83be9df8bf4,,failed,[Errno 2] No such file or directory: 'ffmpeg'
86186aa4-a0b6-4a43-87b4-3b8f8fde36d6,,failed,[Errno 2] No such file or directory: 'ffmpeg'
cde2206c-2f5f-4c4d-86ff-fa8f24374e6d,,failed,[Errno 2] No such file or directory: 'ffmpeg'
ef25d124-c5c8-45b2-83b5-9df4724e4cd8,,failed,[Errno 2] No such file or directory: 'ffmpeg'
007999cf-4269-419d-9564-0720af78c951,,failed,[Errno 2] No such file or directory: 'ffmpeg'
47f455b0-8378-4616-9cf9-302724c69eeb,,failed,[Errno 2] No such file or directory: 'ffmpeg'
3f392f9d-5762-4fcb-b6fd-edee92a6449c,,failed,[Errno 2] No such file or directory: 'ffmpeg'
d11c70c0-fb2a-4c94-8d6f-5c53d5aa2d53,,failed,[Errno 2] No such file or directory: 'ffmpeg'
3505d95f-5eaa-4a83-9099-74eeb630b82e,,failed,[Errno 2] No such file or directory: 'ffmpeg'
04022703-c9c8-40b1-a619-694398987a25,,failed,[Errno 2] No such file or directory: 'ffmpeg'
d50a02f3-40a3-4694-9f12-0cef5d9e8cf9,,failed,[Errno 2] No such file or directory: 'ffmpeg'
bb7e2072-6c04-424a-bca8-56746f7798a5,,failed,[Errno 2] No such file or directory: 'ffmpeg'
69af29ac-b69f-4355-a87c-634f403c6e23,,failed,[Errno 2] No such file or directory: 'ffmpeg'
ce0d868f-77a5-4501-9905-7a1a5546f69d,,failed,[Errno 2] No such file or directory: 'ffmpeg'
3b2961e0-883f-4d48-804a-bbbacb154407,,failed,[Errno 2] No such file or directory: 'ffmpeg'
ff6b6ad9-39a9-4b44-b992-4d1dfae2439c,,failed,[Errno 2] No such file or directory: 'ffmpeg'
c77501c9-3768-450b-bc55-554f62fd9905,,failed,[Errno 2] No such file or directory: 'ffmpeg'
0b9fed80-d5e4-41e9-a4bb-c642bdcf7010,,failed,[Errno 2] No such file or directory: 'ffmpeg'
21d00380-486f-4387-8f61-729c8c9d2efe,,failed,[Errno 2] No such file or directory: 'ffmpeg'
d790f194-f184-42ce-b522-e6dc60fe096f,,failed,[Errno 2] No such file or directory: 'ffmpeg'
715116de-7a25-42c7-9bcd-c91861080df3,,failed,[Errno 2] No such file or directory: 'ffmpeg'
0a5b9740-8b40-416d-a103-1cf97b68e599,,failed,[Errno 2] No such file or directory: 'ffmpeg'
8e9f7ba7-345c-4178-8338-24e54e4a65df,,failed,[Errno 2] No such file or directory: 'ffmpeg'
3995d9f9-079a-4f35-8010-e0503fc15f14,,failed,[Errno 2] No such file or directory: 'ffmpeg'
b122e160-6225-42bd-b18c-965bbc5709b5,,failed,[Errno 2] No such file or directory: 'ffmpeg'
9c22a91b-fab3-42fb-ad9d-73d54ee539ea,,failed,[Errno 2] No such file or directory: 'ffmpeg'
ba48f417-1ee2-4e72-950d-dc312942b57a,,failed,[Errno 2] No such file or directory: 'ffmpeg'
00ef13e7-caca-4194-8c89-9e14bcf9f3cc,,failed,[Errno 2] No such file or directory: 'ffmpeg'
689469f6-a1d8-48ef-952d-41c96432a965,,failed,[Errno 2] No such file or directory: 'ffmpeg'
ba342e8b-39e3-4655-aa95-86c70c3611c4,,failed,[Errno 2] No such file or directory: 'ffmpeg'
ba53c334-93ed-438d-b17c-f5dee4214bc2,,failed,[Errno 2] No such file or directory: 'ffmpeg'
0c43a21f-e411-480d-b051-7e87a1f98efa,,failed,[Errno 2] No such file or directory: 'ffmpeg'
e8628f5c-19ec-426a-a44e-417207057cb8,,failed,[Errno 2] No such file or directory: 'ffmpeg'
87cda8dd-25f4-4a05-9a62-3797db53a786,,failed,[Errno 2] No such file or directory: 'ffmpeg'
a4bbb09f-b256-440f-9587-2d8f0288ea2f,,failed,[Errno 2] No such file or directory: 'ffmpeg'
cacd8854-2414-4066-a923-99656dda9e22,,failed,[Errno 2] No such file or directory: 'ffmpeg'
a7bf9b4a-d839-473b-b217-0b920af8a65d,,failed,[Errno 2] No such file or directory: 'ffmpeg'
cff8b3c5-ab2a-49df-a5a0-db1bdcb04d6f,,failed,[Errno 2] No such file or directory: 'ffmpeg'
6ddc11e0-bcb8-40d3-90b8-1be605711fba,,failed,[Errno 2] No such file or directory: 'ffmpeg'
e8a8c220-31c4-4fb2-916f-c8106b8908f0,,failed,[Errno 2] No such file or directory: 'ffmpeg'
74e3213d-5687-47fa-8706-c2930b80a6eb,,failed,[Errno 2] No such file or directory: 'ffmpeg'
ffabc6af-1b24-49c1-a038-3a0e444b9e1e,,failed,[Errno 2] No such file or directory: 'ffmpeg'
8656f149-4a4d-4ea0-9f91-1529703b2230,,failed,[Errno 2] No such file or directory: 'ffmpeg'
feccec6a-357e-4607-9c93-dd5e0ed057f0,,failed,[Errno 2] No such file or directory: 'ffmpeg'
8a14bb01-a8f2-471b-ae15-5f031d08e961,,failed,[Errno 2] No such file or directory: 'ffmpeg'
0620d916-4d11-4363-af06-1f9190eafa43,,failed,[Errno 2] No such file or directory: 'ffmpeg'
e047fc60-cf36-4ffd-bdbb-62894fdcc2b8,,failed,[Errno 2] No such file or directory: 'ffmpeg'
d7b0da30-0d2d-447a-9689-fb714dce95a2,,failed,[Errno 2] No such file or directory: 'ffmpeg'
3c2f59a2-40ad-4296-b647-4738adba44c4,,failed,[Errno 2] No such file or directory: 'ffmpeg'
48f7d3c5-f3dc-4d49-b8f1-608b1cc61f23,,failed,[Errno 2] No such file or directory: 'ffmpeg'
c8298a39-b424-41d3-951b-3f4fd68a9a13,,failed,[Errno 2] No such file or directory: 'ffmpeg'
17c46b7e-1aa2-415e-bfd2-7a9485277724,,failed,[Errno 2] No such file or directory: 'ffmpeg'
9f87de47-714f-4b84-a294-164bd2a1a4f9,,failed,[Errno 2] No such file or directory: 'ffmpeg'
14044383-206d-445c-9dad-300673525c2c,,failed,[Errno 2] No such file or directory: 'ffmpeg'
f84e9d45-3209-4891-9a6a-f0bc9b2c9ccf,,failed,[Errno 2] No such file or directory: 'ffmpeg'
259cddc8-1842-4c16-9596-8784c71e1e83,,failed,[Errno 2] No such file or directory: 'ffmpeg'
657642c0-1ba6-4daf-b315-fbdaea815ed9,,failed,[Errno 2] No such file or directory: 'ffmpeg'
0515b0fc-a130-422a-8dc4-b02f68a1efe3,,failed,[Errno 2] No such file or directory: 'ffmpeg'
0eb9ad39-ad40-40ed-9d29-352ee2b008e4,,failed,[Errno 2] No such file or directory: 'ffmpeg'
c4810353-b197-45df-8748-e1c55b6327c8,,failed,[Errno 2] No such file or directory: 'ffmpeg'
2161c090-4c67-4681-8ca2-09d4bac07dcb,,failed,[Errno 2] No such file or directory: 'ffmpeg'
97535e6c-99c7-44eb-be49-bea90857ff3d,,failed,[Errno 2] No such file or directory: 'ffmpeg'
78cbe5f3-e4b4-485a-8b09-e144e15a10f0,,failed,[Errno 2] No such file or directory: 'ffmpeg'
ff204a9b-f871-4f8b-8929-52abed58bead,,failed,[Errno 2] No such file or directory: 'ffmpeg'
8deb91bd-8864-4150-bffd-950d2a8f98b8,,failed,[Errno 2] No such file or directory: 'ffmpeg'
460f43c9-6e50-4751-af61-aa7f42ec1764,,failed,[Errno 2] No such file or directory: 'ffmpeg'
4ea452d0-7d88-4775-8ea8-54b8abd55d13,,failed,[Errno 2] No such file or directory: 'ffmpeg'
4cd267ba-ea5c-4e99-9334-8cdde72ff7a0,,failed,[Errno 2] No such file or directory: 'ffmpeg'
ae9eedc0-937a-4740-90f2-6dadcea68e53,,failed,[Errno 2] No such file or directory: 'ffmpeg'
d4dd9077-26fd-49a1-ba75-55b2e6f0ca3f,,failed,[Errno 2] No such file or directory: 'ffmpeg'
f77c9502-c6bc-48d8-9f48-68f32f67e1a5,,failed,[Errno 2] No such file or directory: 'ffmpeg'
85161acc-4119-4024-ad86-88b70efea9b8,,failed,[Errno 2] No such file or directory: 'ffmpeg'
abdcdd8a-cab9-4008-9dc1-925704b6e766,,failed,[Errno 2] No such file or directory: 'ffmpeg'
46924d71-20f8-4334-a5eb-1353a81b3d6c,,failed,[Errno 2] No such file or directory: 'ffmpeg'
90dc6eca-b552-48e6-b6c9-8fc5a56dd708,,failed,[Errno 2] No such file or directory: 'ffmpeg'
18aa3cee-d241-4dc8-915b-ed0f2bd92538,,failed,[Errno 2] No such file or directory: 'ffmpeg'
2b153fff-f56f-4f43-af00-564058396165,,failed,[Errno 2] No such file or directory: 'ffmpeg'
9f1c7a93-a74a-414d-8693-43885a801fc1,,failed,[Errno 2] No such file or directory: 'ffmpeg'
59fbb8dd-33da-48ef-8ae6-7f25de138763,,failed,[Errno 2] No such file or directory: 'ffmpeg'
af79cce1-41b4-4501-8ef6-a16ea8cb9cad,,failed,[Errno 2] No such file or directory: 'ffmpeg'
d1bef476-dc28-4366-b62b-02589b11de1f,,failed,[Errno 2] No such file or directory: 'ffmpeg'
f8a77b9c-f6b3-4d54-9eed-a9b8f95b8b6c,,failed,[Errno 2] No such file or directory: 'ffmpeg'
230be136-ae41-4e9a-94e4-8c1b9bb0dbd0,,failed,[Errno 2] No such file or directory: 'ffmpeg'
93f321df-04f3-4c33-9cf9-c8dcf6519e71,,failed,[Errno 2] No such file or directory: 'ffmpeg'
824690a3-889e-4c90-9b46-4ce4df15a32e,,failed,[Errno 2] No such file or directory: 'ffmpeg'
f912ac3f-d92e-4073-8d3c-6b0f0154c4d4,,failed,[Errno 2] No such file or directory: 'ffmpeg'
7fa4e042-e68a-418c-adc6-ede6af7737f4,,failed,[Errno 2] No such file or directory: 'ffmpeg'
2081958e-21b3-4853-94f8-399e483a66ff,,failed,[Errno 2] No such file or directory: 'ffmpeg'
d3750f6e-8854-40a8-96ae-d105a5280a6b,,failed,[Errno 2] No such file or directory: 'ffmpeg'
329c7279-61cb-4943-a866-1267006cbb8b,,failed,[Errno 2] No such file or directory: 'ffmpeg'
5803591a-5610-4229-a45e-0d1ed2284df3,,failed,[Errno 2] No such file or directory: 'ffmpeg'
818b3f69-3ecc-4b13-8c2f-9ec70040f0a1,,failed,[Errno 2] No such file or directory: 'ffmpeg'
3a3d9dad-54f3-4926-9983-dce196d03d2e,,failed,[Errno 2] No such file or directory: 'ffmpeg'
e9c6092d-317c-42bc-bdc1-ec94d8ca7078,,failed,[Errno 2] No such file or directory: 'ffmpeg'
fd2c5ab3-eeee-49a4-8632-7a2748d5f4fe,,failed,[Errno 2] No such file or directory: 'ffmpeg'
5e81da2d-11b2-42a9-baa2-17c75f707b7e,,failed,[Errno 2] No such file or directory: 'ffmpeg'
4bd3d6c3-9c13-43ee-8ccf-b228cf143470,,failed,[Errno 2] No such file or directory: 'ffmpeg'
94283316-2c77-4f33-a358-7c4275d5ef76,,failed,[Errno 2] No such file or directory: 'ffmpeg'
8578f975-3d20-407e-93e8-46b62c378f3b,,failed,[Errno 2] No such file or directory: 'ffmpeg'
ab6ef3da-47a3-4e6f-87bb-6b148232d607,,failed,[Errno 2] No such file or directory: 'ffmpeg'
0dc4449d-ae1f-43df-8c3a-bc3f4ceb6100,,failed,[Errno 2] No such file or directory: 'ffmpeg'
819a0f75-5d4c-4e78-9cfd-116415c85716,,failed,[Errno 2] No such file or directory: 'ffmpeg'
2d88681d-8d12-431c-95b7-3e41e154463a,,failed,[Errno 2] No such file or directory: 'ffmpeg'
72f76541-fb4d-4063-b011-1c879aa202e8,,failed,[Errno 2] No such file or directory: 'ffmpeg'
2b9fd82b-d670-4355-8531-e59c2eeded2f,,failed,[Errno 2] No such file or directory: 'ffmpeg'
8fbd8b99-17e3-44b5-979a-8bfe8215bc79,,failed,[Errno 2] No such file or directory: 'ffmpeg'
a7222dfe-b9ef-438b-a471-974599c9c665,,failed,[Errno 2] No such file or directory: 'ffmpeg'
612ae38b-9b85-4af6-a91a-bd7082cb9af1,,failed,[Errno 2] No such file or directory: 'ffmpeg'
56ab3867-09ed-4aa9-85cb-bd64ac99565c,,failed,[Errno 2] No such file or directory: 'ffmpeg'
da36eb87-1c97-4c19-a289-0386b16d9d01,,failed,[Errno 2] No such file or directory: 'ffmpeg'
a0136e91-567c-48ee-bd1a-5a6148055557,,failed,[Errno 2] No such file or directory: 'ffmpeg'
a145bad9-6320-4b38-9ffe-addef5c97d24,,failed,[Errno 2] No such file or directory: 'ffmpeg'
2be9c7ef-0e15-42d7-8ee8-9c665a143cc6,,failed,[Errno 2] No such file or directory: 'ffmpeg'
02e9189d-e21b-4dc7-81c7-d366f821e8fa,,failed,[Errno 2] No such file or directory: 'ffmpeg'
6895bc58-9d79-4f45-b7e4-27f86e2ad0cb,,failed,[Errno 2] No such file or directory: 'ffmpeg'
b666ce46-8448-427e-a744-1038bb41327d,,failed,[Errno 2] No such file or directory: 'ffmpeg'
2d564916-002e-4e42-9988-80abc9068cf1,,failed,[Errno 2] No such file or directory: 'ffmpeg'
c48617cd-cffc-43e6-8965-9be3502adc9e,,failed,[Errno 2] No such file or directory: 'ffmpeg'
4b20f8f2-c4c6-400d-8744-04960009bef3,,failed,[Errno 2] No such file or directory: 'ffmpeg'
ac909172-238e-4dfd-8a8b-1d7f5ccb3b96,,failed,[Errno 2] No such file or directory: 'ffmpeg'
9322cccc-c552-4862-97d9-161295124d26,,failed,[Errno 2] No such file or directory: 'ffmpeg'
11d1fb54-334e-4989-84e3-f7762327bd4b,,failed,[Errno 2] No such file or directory: 'ffmpeg'
79d8bf48-f002-4174-9f09-e2e50a60530f,,failed,[Errno 2] No such file or directory: 'ffmpeg'
2f8471de-25b7-46c3-9d36-45a337c9316e,,failed,[Errno 2] No such file or directory: 'ffmpeg'
af5b02f5-d34d-4ccc-bae6-33d57c1cfecb,,failed,[Errno 2] No such file or directory: 'ffmpeg'
9d9a3671-d92a-4c91-82c2-62a4abefcf55,,failed,[Errno 2] No such file or directory: 'ffmpeg'
3ab0e758-bcda-4d22-90c4-019ad8bf3b94,,failed,[Errno 2] No such file or directory: 'ffmpeg'
ffed741d-5535-4d79-8dfb-b756b7a036bf,,failed,[Errno 2] No such file or directory: 'ffmpeg'
bc93cbe6-a58e-49f5-8a39-dd88453bb42e,,failed,[Errno 2] No such file or directory: 'ffmpeg'
db325921-efcc-499d-8227-43dc32251010,,failed,[Errno 2] No such file or directory: 'ffmpeg'
ec19cdad-7466-421e-8e7b-083c935b7652,,failed,[Errno 2] No such file or directory: 'ffmpeg'
86f54bba-5fbd-4a37-b326-28c526f89f36,,failed,[Errno 2] No such file or directory: 'ffmpeg'
dbfc2727-d653-4472-b157-27e60e6e5926,,failed,[Errno 2] No such file or directory: 'ffmpeg'
c88ad7ff-5d00-4de9-9c64-a44b91fe188a,,failed,[Errno 2] No such file or directory: 'ffmpeg'
a51c9747-cba3-4733-a69e-a761626ede57,,failed,[Errno 2] No such file or directory: 'ffmpeg'
f4325f4e-0933-4a36-97a0-14d6d7a82406,,failed,[Errno 2] No such file or directory: 'ffmpeg'
40d106cb-991e-42d5-9efa-936a9d1c2940,,failed,[Errno 2] No such file or directory: 'ffmpeg'
11299f72-1e11-4a52-be0b-0e5f1b95025c,,failed,[Errno 2] No such file or directory: 'ffmpeg'
4bdceb6e-edcf-4ebc-bc10-20f505c2997d,,failed,[Errno 2] No such file or directory: 'ffmpeg'
a55f3404-5c09-45be-a55e-5e1388010840,,failed,[Errno 2] No such file or directory: 'ffmpeg'
f28ec893-335b-4593-b82a-b7147ee8c19c,,failed,[Errno 2] No such file or directory: 'ffmpeg'
64f3a2ba-bc13-47e6-a36b-5292997ad00d,,failed,[Errno 2] No such file or directory: 'ffmpeg'
c651f12e-532b-4ee3-b2f6-fba6cabe7b8c,,failed,[Errno 2] No such file or directory: 'ffmpeg'
3c364b80-eb7c-4cff-af84-5c85cdfeeeab,,failed,[Errno 2] No such file or directory: 'ffmpeg'
4f2fd215-f74d-4b7a-973c-33af971e6871,,failed,[Errno 2] No such file or directory: 'ffmpeg'
274836df-1b96-4b3e-b7ce-c455661b6d8e,,failed,[Errno 2] No such file or directory: 'ffmpeg'
b529bde8-67cb-42e3-8703-744808183609,,failed,[Errno 2] No such file or directory: 'ffmpeg'
a909b6ee-a2ad-4061-bc0f-4d5b1de263bb,,failed,[Errno 2] No such file or directory: 'ffmpeg'
14df8974-b354-473f-93bb-b6b856dd4c2b,,failed,[Errno 2] No such file or directory: 'ffmpeg'
c248f0b5-349f-4141-ad48-6023d19c9cf2,,failed,[Errno 2] No such file or directory: 'ffmpeg'
36e44865-edfe-4095-92e6-66dbc690fa4c,,failed,[Errno 2] No such file or directory: 'ffmpeg'
ce97d068-4d23-406b-aef1-b47718fdd945,,failed,[Errno 2] No such file or directory: 'ffmpeg'
1c34d8f2-c4a7-4b6e-bc6a-8b5c8dd7704d,,failed,[Errno 2] No such file or directory: 'ffmpeg'
ef98f878-1928-4e2b-8ee8-7283db7b854a,,failed,[Errno 2] No such file or directory: 'ffmpeg'
5d26df4f-9a4b-43bf-a4d7-9346b4e23a70,,failed,[Errno 2] No such file or directory: 'ffmpeg'
5eef9ef7-9eda-4c37-b2b3-36be0393e137,,failed,[Errno 2] No such file or directory: 'ffmpeg'
6cb122ff-7030-442d-a1a9-c964507dab24,,failed,[Errno 2] No such file or directory: 'ffmpeg'
790ac116-1baa-4093-87be-d02e9edf947f,,failed,[Errno 2] No such file or directory: 'ffmpeg'
aa87c803-6171-49c7-96b5-9775277086ef,,failed,[Errno 2] No such file or directory: 'ffmpeg'
6498b7b8-ad3e-46c5-a481-1922eb7ff812,,failed,[Errno 2] No such file or directory: 'ffmpeg'
0449a9fb-f622-4e9c-88b8-dba3fdb5ec9d,,failed,[Errno 2] No such file or directory: 'ffmpeg'
495ad28d-8515-463a-987d-6781874cf016,,failed,[Errno 2] No such file or directory: 'ffmpeg'
d9302947-9410-453a-bf03-2825eec6b08a,,failed,[Errno 2] No such file or directory: 'ffmpeg'
08681f59-11d6-4a02-9603-b8f88d548648,,failed,[Errno 2] No such file or directory: 'ffmpeg'
430aa347-9430-455d-9f3c-8de6e824fada,,failed,[Errno 2] No such file or directory: 'ffmpeg'
e4084189-7cd7-49ab-91ba-6a37e8f80f6b,,failed,[Errno 2] No such file or directory: 'ffmpeg'
e46ab8f5-de8e-4c69-b8d7-0c9555fdbd39,,failed,[Errno 2] No such file or directory: 'ffmpeg'
9865a489-4614-49a3-adb2-232b919ddc71,,failed,[Errno 2] No such file or directory: 'ffmpeg'
29aa2f9e-e69c-42aa-8ee0-3217a37d45ea,,failed,[Errno 2] No such file or directory: 'ffmpeg'
c2b1e661-e0cd-4e96-9a19-7c9f308dec6d,,failed,[Errno 2] No such file or directory: 'ffmpeg'
3db0cb7e-cebe-48c1-9936-e4cd0324a3ac,,failed,[Errno 2] No such file or directory: 'ffmpeg'
bf05959f-cd6f-40bd-b3e0-c81585d1b631,,failed,[Errno 2] No such file or directory: 'ffmpeg'
5fd3e0a5-6951-4a71-9f3f-c1411892f049,,failed,[Errno 2] No such file or directory: 'ffmpeg'
35338425-c663-4290-bc3f-4da6eb24439e,,failed,[Errno 2] No such file or directory: 'ffmpeg'
f35b3522-40ba-42f1-b570-083e559053f2,,failed,[Errno 2] No such file or directory: 'ffmpeg'
8a05f3a2-6b81-432f-8b60-c577e3080fe3,,failed,[Errno 2] No such file or directory: 'ffmpeg'
b8650943-0c1b-4dfd-bdf8-49dbceb512bd,,failed,[Errno 2] No such file or directory: 'ffmpeg'
d4d81f96-f076-48fc-8e91-78b3b7635edc,,failed,[Errno 2] No such file or directory: 'ffmpeg'
633bdea3-3627-42ee-a466-b428d1600ec4,,failed,[Errno 2] No such file or directory: 'ffmpeg'
497e40a2-fba7-42d3-bc08-ce1709973ded,,failed,[Errno 2] No such file or directory: 'ffmpeg'
85df599b-8335-4445-b59e-a8cb3c542810,,failed,[Errno 2] No such file or directory: 'ffmpeg'
9b09a445-3742-4aa8-8917-a618bd429396,,failed,[Errno 2] No such file or directory: 'ffmpeg'
bb31a714-2a02-4aac-bbb1-7fc11b7b2087,,failed,[Errno 2] No such file or directory: 'ffmpeg'
01aab063-335c-4872-b515-c692b0495a4d,,failed,[Errno 2] No such file or directory: 'ffmpeg'
b7b15436-4ede-4af8-8248-a5b19916c993,,failed,[Errno 2] No such file or directory: 'ffmpeg'
02c5b5c0-6cf8-49d9-826c-025cc8bdef98,,failed,[Errno 2] No such file or directory: 'ffmpeg'
64ee6023-cf71-4470-bac7-7106492aaeda,,failed,[Errno 2] No such file or directory: 'ffmpeg'
3c83166b-1db7-4f70-b1b6-a1cdc41479ca,,failed,[Errno 2] No such file or directory: 'ffmpeg'
5235024e-cf71-486a-8f74-5a05edaee071,,failed,[Errno 2] No such file or directory: 'ffmpeg'
258b766a-ba2c-48ff-953c-40f3fafab1de,,failed,[Errno 2] No such file or directory: 'ffmpeg'
5c5d90a9-b4d6-4fa7-bcb3-54be566d30bd,,failed,[Errno 2] No such file or directory: 'ffmpeg'
a1715c1d-73b8-45ef-bb44-4525fbf7007b,,failed,[Errno 2] No such file or directory: 'ffmpeg'
89a378c3-1f29-40b6-8f20-ab8abcc5b580,,failed,[Errno 2] No such file or directory: 'ffmpeg'
f3ec1e00-e8d3-43f0-bcbb-1bf6e167f6bf,,failed,[Errno 2] No such file or directory: 'ffmpeg'
480ba61a-0d56-4415-b1cb-ae243c873a5e,,failed,[Errno 2] No such file or directory: 'ffmpeg'
5b74bb4e-27cb-47f3-bf44-e75931ecf6ab,,failed,[Errno 2] No such file or directory: 'ffmpeg'
86e2581d-64e9-428c-abfa-4e257ea44cb7,,failed,[Errno 2] No such file or directory: 'ffmpeg'
947fb054-bd13-4567-9268-9dfab38c7c03,,failed,[Errno 2] No such file or directory: 'ffmpeg'
bca1e5d5-b395-4723-b292-ab0f60ba1fa6,,failed,[Errno 2] No such file or directory: 'ffmpeg'
7ee33e40-d0a5-44f6-92bb-14fc3b09101b,,failed,[Errno 2] No such file or directory: 'ffmpeg'
82e02a6f-fbc7-4636-bd39-0662aa4e6f78,,failed,[Errno 2] No such file or directory: 'ffmpeg'
7dfc1f8c-6378-4d72-a98e-b27fcf8eddc4,,failed,[Errno 2] No such file or directory: 'ffmpeg'
6bcce9ed-8d7e-4ecc-8e93-5b51a919482d,,failed,[Errno 2] No such file or directory: 'ffmpeg'
3cffdb96-7eb3-4834-b2e3-1350a15fc026,,failed,[Errno 2] No such file or directory: 'ffmpeg'
b85d4a4b-4159-406c-b550-8218c4320559,,failed,[Errno 2] No such file or directory: 'ffmpeg'
18a843c3-e53c-4376-98ea-3e3d785874a2,,failed,[Errno 2] No such file or directory: 'ffmpeg'
a3937715-d704-4a72-b2a6-3e4ede55b0cb,,failed,[Errno 2] No such file or directory: 'ffmpeg'
3c182545-eeee-4b6f-b2b8-09a2ffff5a23,,failed,[Errno 2] No such file or directory: 'ffmpeg'
abf2b495-1183-406b-96bc-fa65a8799e33,,failed,[Errno 2] No such file or directory: 'ffmpeg'
3536caed-2fe3-478a-b0de-acc47776324a,,failed,[Errno 2] No such file or directory: 'ffmpeg'
4fc48e44-4b71-4bf1-aa78-62b19c32e8bd,,failed,[Errno 2] No such file or directory: 'ffmpeg'
e2e69f86-4a81-4558-8b74-218a888c8759,,failed,[Errno 2] No such file or directory: 'ffmpeg'
18db0685-6bd0-4c36-bcca-5b99a5ac0834,,failed,[Errno 2] No such file or directory: 'ffmpeg'
cbdbbc60-4453-472b-8b38-407bb5ab72b0,,failed,[Errno 2] No such file or directory: 'ffmpeg'
3f1213cd-2b69-4de1-a80f-692153b5a359,,failed,[Errno 2] No such file or directory: 'ffmpeg'
00e00dcd-0754-442d-b258-500dff3003f2,,failed,[Errno 2] No such file or directory: 'ffmpeg'
fad9d0b3-c718-4d56-8459-1f1e624a0b32,,failed,[Errno 2] No such file or directory: 'ffmpeg'
59404556-bcad-4715-96c0-5ddd4da22416,,failed,[Errno 2] No such file or directory: 'ffmpeg'
77fa2969-34e8-4d6a-9f40-ac6998d763c3,,failed,[Errno 2] No such file or directory: 'ffmpeg'
ab160c83-7f70-4250-be07-5e3b24abe34b,,failed,[Errno 2] No such file or directory: 'ffmpeg'
89c43051-3861-431d-80ca-310cf2192d7b,,failed,[Errno 2] No such file or directory: 'ffmpeg'
001b0e37-055a-4bda-b02d-02fa2b83812d,,failed,[Errno 2] No such file or directory: 'ffmpeg'
3a55c06d-99bd-46b5-a75f-4e8d82b6ad47,,failed,[Errno 2] No such file or directory: 'ffmpeg'
632eebee-4604-44ea-ad2d-8479d339e48d,,failed,[Errno 2] No such file or directory: 'ffmpeg'
29fa7c83-50f8-4713-9949-ac4b1757a739,,failed,[Errno 2] No such file or directory: 'ffmpeg'
46ab6417-1c9b-4f8f-af55-c1eb302d4c59,,failed,[Errno 2] No such file or directory: 'ffmpeg'
27e28fbe-d05a-4e00-98f1-258fc3c086f8,,failed,[Errno 2] No such file or directory: 'ffmpeg'
9768f180-a8f4-4821-9176-5f1f994f68b0,,failed,[Errno 2] No such file or directory: 'ffmpeg'
98f6eeae-5c5a-404e-b801-5bba95273eca,,failed,[Errno 2] No such file or directory: 'ffmpeg'
1a2c58fa-61df-45a2-9fbb-d2544f3417dd,,failed,[Errno 2] No such file or directory: 'ffmpeg'
d82830ce-d553-4925-9a9c-0e5ec25a76eb,,failed,[Errno 2] No such file or directory: 'ffmpeg'
e0d6dd42-fc15-448d-b23c-601a8318ad9c,,failed,[Errno 2] No such file or directory: 'ffmpeg'
bf4f5ae9-7355-4077-af36-68faf8101cba,,failed,[Errno 2] No such file or directory: 'ffmpeg'
20cd4837-29fd-42f3-8922-616c4c220d21,,failed,[Errno 2] No such file or directory: 'ffmpeg'
cdf535f7-c28f-4721-8b90-bef884d70c9a,,failed,[Errno 2] No such file or directory: 'ffmpeg'
24995ea0-0284-40ef-b9d5-94828f4737ea,,failed,[Errno 2] No such file or directory: 'ffmpeg'
e908f107-f635-43df-a430-1dcf508afba3,,failed,[Errno 2] No such file or directory: 'ffmpeg'
7859d9be-312d-405b-98dd-b97de0170773,,failed,[Errno 2] No such file or directory: 'ffmpeg'
bb29437f-cf18-4269-bc55-e21f13f50ba1,,failed,[Errno 2] No such file or directory: 'ffmpeg'
f59124b7-0392-4ee6-ad9d-bd993247258c,,failed,[Errno 2] No such file or directory: 'ffmpeg'
63ebfb37-82f8-4650-bbd3-ed0357b8c9a8,,failed,[Errno 2] No such file or directory: 'ffmpeg'
9b37d950-9dcd-41cc-bf84-bc6d7f13abcb,,failed,[Errno 2] No such file or directory: 'ffmpeg'
0176508e-15fe-4289-9871-1941aa63d423,,failed,[Errno 2] No such file or directory: 'ffmpeg'
e07085a2-a817-4149-9d08-55751302150b,,failed,[Errno 2] No such file or directory: 'ffmpeg'
4c6cf38f-eb88-4eca-9e97-33edd782e1e2,,failed,[Errno 2] No such file or directory: 'ffmpeg'
e2730e67-c687-4144-8ffe-716c373a7b1e,,failed,[Errno 2] No such file or directory: 'ffmpeg'
8ce0f9f8-5fe5-47a5-83ed-14d3fb8ecf52,,failed,[Errno 2] No such file or directory: 'ffmpeg'
f18820c1-4b9b-4a00-a304-f8d5f7a0da71,,failed,[Errno 2] No such file or directory: 'ffmpeg'
3a2da59c-bbf0-4abe-bcd2-14d4fd69a56a,,failed,[Errno 2] No such file or directory: 'ffmpeg'
146bc124-5fb2-454e-8ae4-3eb72817146d,,failed,[Errno 2] No such file or directory: 'ffmpeg'
308878eb-9a2a-4173-8a6c-3de9e127aca4,,failed,[Errno 2] No such file or directory: 'ffmpeg'
d70a05ec-22a7-47e8-99be-e92d400be30d,,failed,[Errno 2] No such file or directory: 'ffmpeg'
b2276e53-9c73-445d-96d9-378afd54422d,,failed,[Errno 2] No such file or directory: 'ffmpeg'
965abaa4-f68f-460a-b03a-81579482c3b3,,failed,[Errno 2] No such file or directory: 'ffmpeg'
dd647026-8c16-4bb9-989a-321d98118c9c,,failed,[Errno 2] No such file or directory: 'ffmpeg'
0d9273ec-3feb-463e-af31-15228cb563bc,,failed,[Errno 2] No such file or directory: 'ffmpeg'
cba57231-8c4d-43a4-9ce5-c4aa88f86d7b,,failed,[Errno 2] No such file or directory: 'ffmpeg'
cdd98fff-32c3-483b-a8f4-b6bbe7ee05fc,,failed,[Errno 2] No such file or directory: 'ffmpeg'
41bf5907-d3d4-43a8-b26d-95ac6a4898c6,,failed,[Errno 2] No such file or directory: 'ffmpeg'
4f29af94-fd46-43f1-8c8e-d75fb22178bd,,failed,[Errno 2] No such file or directory: 'ffmpeg'
2c032cad-6fe2-4d6e-a603-e9da0a69ad9d,,failed,[Errno 2] No such file or directory: 'ffmpeg'
828d1d2e-d07c-4d5b-aed2-585d00c05c41,,failed,[Errno 2] No such file or directory: 'ffmpeg'
e5cd5a11-8564-4db2-a4e3-ff772b84e209,,failed,[Errno 2] No such file or directory: 'ffmpeg'
5b552d0d-eeb2-47d5-996b-cd517699a0e9,,failed,[Errno 2] No such file or directory: 'ffmpeg'
fde829d8-2f2a-434b-aadc-78c11bcc5246,,failed,[Errno 2] No such file or directory: 'ffmpeg'
6552d558-988d-4746-a25d-838d0873958b,,failed,[Errno 2] No such file or directory: 'ffmpeg'
12e76f17-e4fb-4170-ad5d-c389cb6926d6,,failed,[Errno 2] No such file or directory: 'ffmpeg'
6d824514-1d6d-40c6-9730-4db87396eb59,,failed,[Errno 2] No such file or directory: 'ffmpeg'
1311bc64-db5b-497a-8dc3-5e8a3ae02a69,,failed,[Errno 2] No such file or directory: 'ffmpeg'
35ba92af-03ec-4846-80a6-8a126fd2d197,,failed,[Errno 2] No such file or directory: 'ffmpeg'
bb102c25-0a1f-4560-a98d-d93994d129c8,,failed,[Errno 2] No such file or directory: 'ffmpeg'
d2df5a80-1a94-4f13-9a26-509d190158a9,,failed,[Errno 2] No such file or directory: 'ffmpeg'
fa4cbf87-3859-4658-af58-6b01668559bc,,failed,[Errno 2] No such file or directory: 'ffmpeg'
99b8970b-81d4-4e02-b4de-1d465b3d36d1,,failed,[Errno 2] No such file or directory: 'ffmpeg'
bb41af25-2fc9-4c57-a8ec-c9e9837ba86c,,failed,[Errno 2] No such file or directory: 'ffmpeg'
6549ce5a-73da-4da9-9ccc-1406bb6516c8,,failed,[Errno 2] No such file or directory: 'ffmpeg'
3ae39b08-e08e-46a7-83c4-b481da9046ff,,failed,[Errno 2] No such file or directory: 'ffmpeg'
b94882dd-60f1-4717-98d2-47fc2a43e196,,failed,[Errno 2] No such file or directory: 'ffmpeg'
762818fa-bde0-4c3c-95fc-60564afde138,,failed,[Errno 2] No such file or directory: 'ffmpeg'
48bd01f4-6cc3-49be-9e50-65925b252777,,failed,[Errno 2] No such file or directory: 'ffmpeg'
505e3298-d1dd-42bd-9b83-f39bb6d3bf7b,,failed,[Errno 2] No such file or directory: 'ffmpeg'
407f29dd-f2fe-4020-a3a9-89f40ca6c8c0,,failed,[Errno 2] No such file or directory: 'ffmpeg'
475de049-1961-458e-acdc-35d6b3d3dd3f,,failed,[Errno 2] No such file or directory: 'ffmpeg'
ff4e8159-b39b-4262-8800-5e77a2427289,,failed,[Errno 2] No such file or directory: 'ffmpeg'
ea644839-43e9-4d1d-88d7-f4043ffb365e,,failed,[Errno 2] No such file or directory: 'ffmpeg'
bb8eab29-b1be-4d8c-9e0a-177da05cc8f7,,failed,[Errno 2] No such file or directory: 'ffmpeg'
cd474f84-625b-4372-9447-0f958554fa6b,,failed,[Errno 2] No such file or directory: 'ffmpeg'
2537ba51-ff40-4c6f-8c69-741ccdd9d8bb,,failed,[Errno 2] No such file or directory: 'ffmpeg'
241f8b66-d649-4ddc-b49b-f6ae8f548104,,failed,[Errno 2] No such file or directory: 'ffmpeg'
25212b26-5fcc-45d7-a983-d045e107fbd1,,failed,[Errno 2] No such file or directory: 'ffmpeg'
844a73cc-16c2-48fb-a6a4-a6883f70a947,,failed,[Errno 2] No such file or directory: 'ffmpeg'
0166acdb-60eb-417e-a5d9-b320097ad132,,failed,[Errno 2] No such file or directory: 'ffmpeg'
c1aaf7cb-4b20-42c1-9bf0-4d36ca4cef27,,failed,[Errno 2] No such file or directory: 'ffmpeg'
622ccb8b-3184-4ee6-a1e9-021a149dcb95,,failed,[Errno 2] No such file or directory: 'ffmpeg'
62ac2666-f9ad-4abc-b09e-7fdd78713178,,failed,[Errno 2] No such file or directory: 'ffmpeg'
afc5c70d-812d-4765-bd1f-376d464ba39e,,failed,[Errno 2] No such file or directory: 'ffmpeg'
cd378aac-f34b-4b02-a6f8-68bc3af0b3e6,,failed,[Errno 2] No such file or directory: 'ffmpeg'
42b366c7-88c2-4574-b4ae-1fd017735130,,failed,[Errno 2] No such file or directory: 'ffmpeg'
38720855-44e1-4add-9fae-4e2896a833a2,,failed,[Errno 2] No such file or directory: 'ffmpeg'
a5464333-ed95-4499-9105-b044a392d870,,failed,[Errno 2] No such file or directory: 'ffmpeg'
d31f2e5d-1bea-49c0-9497-6305881464f8,,failed,[Errno 2] No such file or directory: 'ffmpeg'
f812dd16-b510-4939-b169-3ebdc600e6f4,,failed,[Errno 2] No such file or directory: 'ffmpeg'
c65c145d-8ea6-4fc9-86b6-4a18b391996d,,failed,[Errno 2] No such file or directory: 'ffmpeg'
520398fd-cc78-4aa3-90f9-0961972d704b,,failed,[Errno 2] No such file or directory: 'ffmpeg'
fc914dfb-9ae6-4e59-aee4-0d861019dab7,,failed,[Errno 2] No such file or directory: 'ffmpeg'
2057b8d6-a1ef-4289-9e3b-a8dde45cf812,,failed,[Errno 2] No such file or directory: 'ffmpeg'
672521c6-d258-4371-a2d2-77c888e00b45,,failed,[Errno 2] No such file or directory: 'ffmpeg'
db844c6f-3da5-4101-b9b2-8498d1f8802d,,failed,[Errno 2] No such file or directory: 'ffmpeg'
26f47273-9db0-4c62-bd51-a40c26761e6c,,failed,[Errno 2] No such file or directory: 'ffmpeg'
392729ec-21d4-4cb1-84a0-42e3d71ac3bb,,failed,[Errno 2] No such file or directory: 'ffmpeg'
7556d20b-45e0-422f-953c-36db8c66328d,,failed,[Errno 2] No such file or directory: 'ffmpeg'
6be709e2-d407-405b-8141-f6d201b94c7c,,failed,[Errno 2] No such file or directory: 'ffmpeg'
5c8bba4e-fddd-4edf-89a7-0c497e70b7c9,,failed,[Errno 2] No such file or directory: 'ffmpeg'
3c54f547-9423-43a2-afa3-09b6dc810859,,failed,[Errno 2] No such file or directory: 'ffmpeg'
7bf6573f-ee01-4411-959e-db1b55e24929,,failed,[Errno 2] No such file or directory: 'ffmpeg'
4bebe625-9001-44f8-9e76-4441dc7a66f1,,failed,[Errno 2] No such file or directory: 'ffmpeg'
c5ad2c56-edba-49c2-a81a-258c91285c1b,,failed,[Errno 2] No such file or directory: 'ffmpeg'
970feb90-1fcb-4a21-8501-6a6ae81eaaa6,,failed,[Errno 2] No such file or directory: 'ffmpeg'
94a192fb-8603-4df6-b213-fe0ae29a6902,,failed,[Errno 2] No such file or directory: 'ffmpeg'
cc46d608-91e4-4367-8ba3-0a2fab6af4e8,,failed,[Errno 2] No such file or directory: 'ffmpeg'
4b2c63bb-442e-49ec-8812-1551a68df1c1,,failed,[Errno 2] No such file or directory: 'ffmpeg'
eb00bfd5-5cd9-4205-b1c8-80966e50c153,,failed,[Errno 2] No such file or directory: 'ffmpeg'
c6cd1b7f-a2c8-4426-bf7c-e3b821b61e61,,failed,[Errno 2] No such file or directory: 'ffmpeg'
a90cf2c2-4e1b-4d4e-bb7d-fbb783096350,,failed,[Errno 2] No such file or directory: 'ffmpeg'
6c673f8d-4155-464c-ba8d-23d4bdfaa863,,failed,[Errno 2] No such file or directory: 'ffmpeg'
303492da-c552-4531-a427-30080f028843,,failed,[Errno 2] No such file or directory: 'ffmpeg'
dabb8071-78de-41b9-b39e-ade929f9cd4f,,failed,[Errno 2] No such file or directory: 'ffmpeg'
7d4cbb07-0586-4c80-8d81-304a4f224c14,,failed,[Errno 2] No such file or directory: 'ffmpeg'
b4650728-8186-475c-89cc-9bc4e9de7638,,failed,[Errno 2] No such file or directory: 'ffmpeg'
17160e35-60fa-4778-aab7-398348bd6dfc,,failed,[Errno 2] No such file or directory: 'ffmpeg'
70585bd2-0c2b-4a1e-8c2d-7257e6dd07a5,,failed,[Errno 2] No such file or directory: 'ffmpeg'
30a9f98a-629e-4027-8443-14ebb2742e0d,,failed,[Errno 2] No such file or directory: 'ffmpeg'
bb8a9a19-6c80-4e3f-9311-a9d3c1b8e93f,,failed,[Errno 2] No such file or directory: 'ffmpeg'
fca1379b-0a39-4601-9ffd-87539775f954,,failed,[Errno 2] No such file or directory: 'ffmpeg'
86b71857-ad06-4f70-bbc1-e66e3df0e95f,,failed,[Errno 2] No such file or directory: 'ffmpeg'
a961255d-ee12-4b41-a11e-81191c2d4f15,,failed,[Errno 2] No such file or directory: 'ffmpeg'
5d19ec49-aeee-4e1f-910c-1f6328324cbf,,failed,[Errno 2] No such file or directory: 'ffmpeg'
de61ba06-45a8-4e3a-ba7b-869e5d93be4d,,failed,[Errno 2] No such file or directory: 'ffmpeg'
a59c2b7c-bb92-43ed-a691-98420764ce69,,failed,[Errno 2] No such file or directory: 'ffmpeg'
f7924df9-d88d-4547-8b44-bc02a64ee76b,,failed,[Errno 2] No such file or directory: 'ffmpeg'
783d7acb-b030-491e-ac39-992dde34e55e,,failed,[Errno 2] No such file or directory: 'ffmpeg'
fc9bc6b7-e92c-44b6-9aef-2ae734c7b1b9,,failed,[Errno 2] No such file or directory: 'ffmpeg'
4dbaae5d-9e24-4641-9f32-3d48a230d467,,failed,[Errno 2] No such file or directory: 'ffmpeg'
349484ec-567d-4664-95f8-b12fe53e39bb,,failed,[Errno 2] No such file or directory: 'ffmpeg'
b0ef4d6b-2b46-4444-8f6b-bddd24823d93,,failed,[Errno 2] No such file or directory: 'ffmpeg'
2a8ecdb6-2b03-4297-8ca6-f4450af7217f,,failed,[Errno 2] No such file or directory: 'ffmpeg'
0c147bd6-1855-40ab-a433-9baa25ae888a,,failed,[Errno 2] No such file or directory: 'ffmpeg'
5b49657e-5c83-411e-b380-1424de7e6007,,failed,[Errno 2] No such file or directory: 'ffmpeg'
375b731b-013b-457d-bf10-eef78cd95d31,,failed,[Errno 2] No such file or directory: 'ffmpeg'
36366d4c-05ce-457a-9662-568dcc3081b4,,failed,[Errno 2] No such file or directory: 'ffmpeg'
6b3c1b6b-6d23-4a66-ace5-fc4a2d6533ad,,failed,[Errno 2] No such file or directory: 'ffmpeg'
033f30d6-9296-44e1-9296-ff79e4e96b18,,failed,[Errno 2] No such file or directory: 'ffmpeg'
7f96aa23-2db6-443f-bb66-fbdb330a895d,,failed,[Errno 2] No such file or directory: 'ffmpeg'
ab12fc02-ad78-488c-b936-a5a47295b6da,,failed,[Errno 2] No such file or directory: 'ffmpeg'
0e802f18-4c1f-4822-9c80-c1075cc3eff9,,failed,[Errno 2] No such file or directory: 'ffmpeg'
97296fa0-93c3-49c2-9cba-59a1a6cb4e48,,failed,[Errno 2] No such file or directory: 'ffmpeg'
def251d9-58c5-4cbb-872b-47c73fd476d1,,failed,[Errno 2] No such file or directory: 'ffmpeg'
14734226-2f94-428a-9e6b-6e5168a035fd,,failed,[Errno 2] No such file or directory: 'ffmpeg'
ecdd1968-4709-408e-a91f-97e47819ef71,,failed,[Errno 2] No such file or directory: 'ffmpeg'
814d4e82-fd16-4677-bb70-e185b706563a,,failed,[Errno 2] No such file or directory: 'ffmpeg'
efdacd36-3f4d-4dcd-aba3-3b24a7759118,,failed,[Errno 2] No such file or directory: 'ffmpeg'
85564f18-c8e6-4a39-bb7c-98af69d27ae7,,failed,[Errno 2] No such file or directory: 'ffmpeg'
226a0d21-a3cc-4ba7-a85b-0180f9390f84,,failed,[Errno 2] No such file or directory: 'ffmpeg'
ecbe50b5-0d06-4a5a-9a39-374a4bd7f0b1,,failed,[Errno 2] No such file or directory: 'ffmpeg'
8372fd30-e546-4600-a65b-0f2e53a36bcb,,failed,[Errno 2] No such file or directory: 'ffmpeg'
22bfbdc8-4746-4209-9b5c-f933d82a55f1,,failed,[Errno 2] No such file or directory: 'ffmpeg'
5ed48949-ea6f-4e72-9e3b-b634913cdfea,,failed,[Errno 2] No such file or directory: 'ffmpeg'
ac51ba7c-0b72-4bda-8839-958307bed145,,failed,[Errno 2] No such file or directory: 'ffmpeg'
b84d3559-8637-48d3-82b3-ba10e92b61fa,,failed,[Errno 2] No such file or directory: 'ffmpeg'
7fc0d38e-a6ee-4412-bbfa-d5f5b20a346c,,failed,[Errno 2] No such file or directory: 'ffmpeg'
9c0588e1-bb45-40e0-9983-b4f0972cb4d8,,failed,[Errno 2] No such file or directory: 'ffmpeg'
18c37ba7-f07e-49ed-b9ef-756012735040,,failed,[Errno 2] No such file or directory: 'ffmpeg'
d0123a88-6c94-4ffa-9f11-584147481b6b,,failed,[Errno 2] No such file or directory: 'ffmpeg'
ed3afbec-d190-4470-ae20-46cd46916575,,failed,[Errno 2] No such file or directory: 'ffmpeg'
4d521b7d-8348-4f78-abb6-97cc039fc0de,,failed,[Errno 2] No such file or directory: 'ffmpeg'
1b69e835-28d0-4199-bc05-22fa28fc9e5a,,failed,[Errno 2] No such file or directory: 'ffmpeg'
500789b4-49d4-4031-be6b-a18fe1987b77,,failed,[Errno 2] No such file or directory: 'ffmpeg'
b60b3617-9f01-4fa6-831d-482296db0307,,failed,[Errno 2] No such file or directory: 'ffmpeg'
b77507db-38f8-43ce-896b-1af4b832d05a,,failed,[Errno 2] No such file or directory: 'ffmpeg'
f1427644-27b4-4ba1-8ec7-d73ff9603300,,failed,[Errno 2] No such file or directory: 'ffmpeg'
93b8695e-52e8-475e-8058-4bbb732168a0,,failed,[Errno 2] No such file or directory: 'ffmpeg'
dc184f4a-76e8-43c2-ae0b-df7e09e1cbba,,failed,[Errno 2] No such file or directory: 'ffmpeg'
50d48e3c-eb24-498c-8410-0b7e1f18b694,,failed,[Errno 2] No such file or directory: 'ffmpeg'
46d36a4f-c67b-404e-b330-c92b0eaa0e3d,,failed,[Errno 2] No such file or directory: 'ffmpeg'
e1299d4f-4752-402b-9b4a-f76a74af2e4a,,failed,[Errno 2] No such file or directory: 'ffmpeg'
77990b8b-a7a1-4100-9602-3a21d1ff0168,,failed,[Errno 2] No such file or directory: 'ffmpeg'
843accf0-2590-4e67-8cb1-13a6b90a4cc0,,failed,[Errno 2] No such file or directory: 'ffmpeg'
c32d6cdd-370f-478a-904f-fda04b8e9191,,failed,[Errno 2] No such file or directory: 'ffmpeg'
1a2558db-583e-4e26-9e6f-2329f0be9885,,failed,[Errno 2] No such file or directory: 'ffmpeg'
54d6882d-ab87-4e24-917f-493b226fac46,,failed,[Errno 2] No such file or directory: 'ffmpeg'
7b136eb5-16e5-4bf6-a1f4-4a108a424d3f,,failed,[Errno 2] No such file or directory: 'ffmpeg'
55cafa62-ddd8-4658-9ba7-cb70b21615a6,,failed,[Errno 2] No such file or directory: 'ffmpeg'
981bf83b-3689-46b3-9db0-1e1191a0d227,,failed,[Errno 2] No such file or directory: 'ffmpeg'
f4f3834e-cd47-4138-a5f8-3ee395752d82,,failed,[Errno 2] No such file or directory: 'ffmpeg'
97eabba6-97f1-44a8-b5b9-621dba8f69aa,,failed,[Errno 2] No such file or directory: 'ffmpeg'
a94dc742-b195-4221-94c2-84168ff11574,,failed,[Errno 2] No such file or directory: 'ffmpeg'
e52689ea-b534-407e-bf59-ac76a7160ebc,,failed,[Errno 2] No such file or directory: 'ffmpeg'
b4c76fe5-caba-42bc-9685-5bfba6ae9317,,failed,[Errno 2] No such file or directory: 'ffmpeg'
c8bef805-6e74-4177-9030-9f1d24ba2240,,failed,[Errno 2] No such file or directory: 'ffmpeg'
43d09525-6fb3-4ede-a0ba-2dc923bfee09,,failed,[Errno 2] No such file or directory: 'ffmpeg'
8ad2da41-c2ba-4be4-a8a1-51bd4beea72b,,failed,[Errno 2] No such file or directory: 'ffmpeg'
4d694add-49c4-438b-bfad-949aec1054bb,,failed,[Errno 2] No such file or directory: 'ffmpeg'
924546fa-4618-4e87-85f2-9328d6e2b0be,,failed,[Errno 2] No such file or directory: 'ffmpeg'
3cc44499-7b66-4106-9ae9-9b4bd565ff9a,,failed,[Errno 2] No such file or directory: 'ffmpeg'
6955c4f1-137e-4144-a70b-daf0938eb3b2,,failed,[Errno 2] No such file or directory: 'ffmpeg'
aac92f87-9c00-467a-a05d-6dafb518d1b4,,failed,[Errno 2] No such file or directory: 'ffmpeg'
daf93b40-8844-4e7d-8f88-63e922051431,,failed,[Errno 2] No such file or directory: 'ffmpeg'
a6ff83d2-9bec-4e24-8c7d-40b3a5e0d058,,failed,[Errno 2] No such file or directory: 'ffmpeg'
82544b06-823c-43a9-8489-3bf5ea8d19df,,failed,[Errno 2] No such file or directory: 'ffmpeg'
f8861b73-de68-4bca-b44c-9bfe76882a68,,failed,[Errno 2] No such file or directory: 'ffmpeg'
4f27d690-34df-4983-950d-b9d101cf283d,,failed,[Errno 2] No such file or directory: 'ffmpeg'
ca9c1e9d-892e-431d-876a-4a468276087f,,failed,[Errno 2] No such file or directory: 'ffmpeg'
343d15f0-1062-42f7-86df-63ee2b0f9445,,failed,[Errno 2] No such file or directory: 'ffmpeg'
15b29bcd-5ffb-48b4-a9cf-a78ddbb66f81,,failed,[Errno 2] No such file or directory: 'ffmpeg'
278704a6-0dc4-4f6a-af8b-2aa388220ec6,,failed,[Errno 2] No such file or directory: 'ffmpeg'
da24ffb5-03fc-44fd-a458-da076d7de2c0,,failed,[Errno 2] No such file or directory: 'ffmpeg'
86ddbf80-308d-4107-936b-2696f9971ff9,,failed,[Errno 2] No such file or directory: 'ffmpeg'
d77da8cf-ec67-4ec8-ae2c-2ecebd469e73,,failed,[Errno 2] No such file or directory: 'ffmpeg'
8d357ac1-a7c1-4278-be1b-29ecd8d91302,,failed,[Errno 2] No such file or directory: 'ffmpeg'
e14fb0af-7490-48e4-a3fc-2daa386f719d,,failed,[Errno 2] No such file or directory: 'ffmpeg'
1cb215aa-a681-4343-aec0-e4fcc38a4693,,failed,[Errno 2] No such file or directory: 'ffmpeg'
40d1fac4-9df4-4217-989c-51051ccd1706,,failed,[Errno 2] No such file or directory: 'ffmpeg'
6b9eb507-52ef-42e1-9b94-a5687441d9a3,,failed,[Errno 2] No such file or directory: 'ffmpeg'
df7aae2a-5047-417e-b7e0-dd2ff52b224d,,failed,[Errno 2] No such file or directory: 'ffmpeg'
cdb2ee9e-fe54-4afa-8301-b09afa573d2f,,failed,[Errno 2] No such file or directory: 'ffmpeg'
4c488749-c6d8-4ee3-9b12-00e830cdd524,,failed,[Errno 2] No such file or directory: 'ffmpeg'
ecd12e6e-2fc4-433b-95d0-dabf40a742b5,,failed,[Errno 2] No such file or directory: 'ffmpeg'
7bbd0239-4093-48e2-aedb-ff7136ead685,,failed,[Errno 2] No such file or directory: 'ffmpeg'
fc137dec-9016-4d6b-a853-e09560b2472d,,failed,[Errno 2] No such file or directory: 'ffmpeg'
236251fc-836c-4af9-abdc-42c7edec1777,,failed,[Errno 2] No such file or directory: 'ffmpeg'
54f9ddf2-5df8-4ca5-8e59-21e3b19728cd,,failed,[Errno 2] No such file or directory: 'ffmpeg'
58e08de7-60fa-4921-b1d1-122ffe64dbf7,,failed,[Errno 2] No such file or directory: 'ffmpeg'
7f7c001a-e668-4842-b150-2547268fbf48,,failed,[Errno 2] No such file or directory: 'ffmpeg'
403bf09a-b73f-4061-b4e0-f153638ac38d,,failed,[Errno 2] No such file or directory: 'ffmpeg'
f697b60c-300f-40eb-ae1e-d83b6684b342,,failed,[Errno 2] No such file or directory: 'ffmpeg'
2a797d19-7419-40b2-afaf-20d660999337,,failed,[Errno 2] No such file or directory: 'ffmpeg'
333ff062-fdaf-4738-a8f9-424c0e42bf35,,failed,[Errno 2] No such file or directory: 'ffmpeg'
f0040e70-dfc9-486f-9228-0c580dce07d9,,failed,[Errno 2] No such file or directory: 'ffmpeg'
0a3671d5-f6e6-42c5-aec5-e3c79a9feea2,,failed,[Errno 2] No such file or directory: 'ffmpeg'
70f222aa-5642-4a70-b830-17f90c9bf799,,failed,[Errno 2] No such file or directory: 'ffmpeg'
28d8e2cb-5f5d-4667-aa48-fa6daa032013,,failed,[Errno 2] No such file or directory: 'ffmpeg'
7f9107b8-f29b-4512-a01b-079b8c0e3818,,failed,[Errno 2] No such file or directory: 'ffmpeg'
84e19b45-7052-4c50-bb40-6dee3dbd3aa7,,failed,[Errno 2] No such file or directory: 'ffmpeg'
0dcd1880-b232-49a2-b032-1233b9e0785a,,failed,[Errno 2] No such file or directory: 'ffmpeg'
ef0681b9-3095-4b16-bf46-febd03d7b74c,,failed,[Errno 2] No such file or directory: 'ffmpeg'
8d56e07a-18a1-4b17-bd1a-538077da9b00,,failed,[Errno 2] No such file or directory: 'ffmpeg'
6357bbb0-ab74-4800-9c2a-83e39ae56eab,,failed,[Errno 2] No such file or directory: 'ffmpeg'
6c922ec6-7e1f-41ba-abaf-ba3efff29770,,failed,[Errno 2] No such file or directory: 'ffmpeg'
107a4e7e-805d-4625-89fa-e03be1ba67d9,,failed,[Errno 2] No such file or directory: 'ffmpeg'
cbf47082-745c-4cb6-a71a-40092c57171f,,failed,[Errno 2] No such file or directory: 'ffmpeg'
373d2bbf-12e5-4b25-8056-79d4cbf6c1e3,,failed,[Errno 2] No such file or directory: 'ffmpeg'
73185c5a-56e4-4311-b55d-0e33e88a6cb7,,failed,[Errno 2] No such file or directory: 'ffmpeg'
93d7be44-afe6-4c62-b4ea-a9b31f92a3c7,,failed,[Errno 2] No such file or directory: 'ffmpeg'
5897a017-e5a7-48b2-8b7a-ca155c26aa70,,failed,[Errno 2] No such file or directory: 'ffmpeg'
165a270b-cfe6-4f06-8e46-a578b0895d5b,,failed,[Errno 2] No such file or directory: 'ffmpeg'
e6767b07-0fa6-4eaf-b787-927f98e74da7,,failed,[Errno 2] No such file or directory: 'ffmpeg'
3505c321-86a6-4b1b-96d9-6536bda51b36,,failed,[Errno 2] No such file or directory: 'ffmpeg'
467eb096-8aad-4fa1-9e13-206e187882f4,,failed,[Errno 2] No such file or directory: 'ffmpeg'
b5612f8b-7d8f-471e-aa51-1b17031ba8b2,,failed,[Errno 2] No such file or directory: 'ffmpeg'
371b996c-d622-4291-9be7-4413bbf6bb60,,failed,[Errno 2] No such file or directory: 'ffmpeg'
67646329-0998-41f5-8fd7-fc69a541eeb7,,failed,[Errno 2] No such file or directory: 'ffmpeg'
ddfb1b89-0e76-4170-9f09-4071fdbad713,,failed,[Errno 2] No such file or directory: 'ffmpeg'
97bee7ab-5c55-4e9e-bc42-d718668fbedd,,failed,[Errno 2] No such file or directory: 'ffmpeg'
1274b919-3697-4c5f-8e0e-33e3a573f7b2,,failed,[Errno 2] No such file or directory: 'ffmpeg'
371d7473-bab1-4a53-b09c-480c6d01faf9,,failed,[Errno 2] No such file or directory: 'ffmpeg'
7d796582-8183-4e95-9c96-d58f168598be,,failed,[Errno 2] No such file or directory: 'ffmpeg'
c78e7f53-908e-4dc5-8c26-d51c1b9060ed,,failed,[Errno 2] No such file or directory: 'ffmpeg'
087baf18-167e-4355-9b4a-7a7a95e6360c,,failed,[Errno 2] No such file or directory: 'ffmpeg'
d8354a61-9b58-4595-a012-29f686999fda,,failed,[Errno 2] No such file or directory: 'ffmpeg'
b5027d80-d0d6-4dd0-86da-bc3bf950a6b3,,failed,[Errno 2] No such file or directory: 'ffmpeg'
b8652756-c73c-4e2a-ac69-8c92c445e04a,,failed,[Errno 2] No such file or directory: 'ffmpeg'
66506879-528b-462d-8849-aa15a4f90bbf,,failed,[Errno 2] No such file or directory: 'ffmpeg'
70fabc1e-29eb-4f76-8e71-fc28e57f1e87,,failed,[Errno 2] No such file or directory: 'ffmpeg'
356b1dd5-840a-4060-b35f-68c42fb018c5,,failed,[Errno 2] No such file or directory: 'ffmpeg'
14e7aa2b-8565-4c09-adbe-b31d085646c4,,failed,[Errno 2] No such file or directory: 'ffmpeg'
a412364e-d13d-47a0-a5dc-f2ac8e191c49,,failed,[Errno 2] No such file or directory: 'ffmpeg'
f33d3080-349d-4056-ae37-a95c81352d73,,failed,[Errno 2] No such file or directory: 'ffmpeg'
85e606dc-6997-457b-b063-9740b9f41d56,,failed,[Errno 2] No such file or directory: 'ffmpeg'
6237d21b-ba2e-4da7-9582-d91a43982c65,,failed,[Errno 2] No such file or directory: 'ffmpeg'
0be8b65e-32e9-4a13-8198-627b90f447ab,,failed,[Errno 2] No such file or directory: 'ffmpeg'
f6190697-d312-4223-bdeb-16d40b3722e3,,failed,[Errno 2] No such file or directory: 'ffmpeg'
c25536b6-aa42-4c17-a97c-d6ebe0d9e385,,failed,[Errno 2] No such file or directory: 'ffmpeg'
35e19c82-e7b5-41d3-b2ab-6e30afd0d99e,,failed,[Errno 2] No such file or directory: 'ffmpeg'
6756da1f-28e3-4de2-9a83-9233974287a2,,failed,[Errno 2] No such file or directory: 'ffmpeg'
49492003-872d-49d4-86cf-c2d6bcfa9771,,failed,[Errno 2] No such file or directory: 'ffmpeg'
5ea82edb-298b-47a0-ad29-001ec4d498f5,,failed,[Errno 2] No such file or directory: 'ffmpeg'
ba2f88ec-edd0-4723-97c9-1286a6da68e0,,failed,[Errno 2] No such file or directory: 'ffmpeg'
c0d913c8-e0e6-4826-b15c-d98558454591,,failed,[Errno 2] No such file or directory: 'ffmpeg'
e74c9868-aebf-4713-9d04-bee569f21e57,,failed,[Errno 2] No such file or directory: 'ffmpeg'
83c6a49b-717a-40b8-8227-ff01f3c22836,,failed,[Errno 2] No such file or directory: 'ffmpeg'
20a358a3-c4b9-43ce-8356-99649a5180b1,,failed,[Errno 2] No such file or directory: 'ffmpeg'
51444fe1-ac4b-4214-9a0e-0b3864a556b6,,failed,[Errno 2] No such file or directory: 'ffmpeg'
bf54fe12-8923-4115-984c-adfd0dcbcd5e,,failed,[Errno 2] No such file or directory: 'ffmpeg'
6a277106-773b-4d64-997b-9898574a4f8c,,failed,[Errno 2] No such file or directory: 'ffmpeg'
145af0f2-b52e-42e4-8fdf-e85f15195808,,failed,[Errno 2] No such file or directory: 'ffmpeg'
01c39bf3-8aad-43d2-bfe0-11849ccbb021,,failed,[Errno 2] No such file or directory: 'ffmpeg'
f8acbe0e-2ebe-4e8c-bacc-009e5d6b3aba,,failed,[Errno 2] No such file or directory: 'ffmpeg'
b237b991-c66b-4490-950d-791d2614b900,,failed,[Errno 2] No such file or directory: 'ffmpeg'
6f38653e-3895-49b9-a428-4d2853549ac1,,failed,[Errno 2] No such file or directory: 'ffmpeg'
38a80ecd-e80b-477e-a945-a3e1adbbdf8e,,failed,[Errno 2] No such file or directory: 'ffmpeg'
fd2dcfd5-5f71-48e2-9576-de8a30f255f6,,failed,[Errno 2] No such file or directory: 'ffmpeg'
17f687cd-be53-4ca5-adc5-fe3ac4a0a412,,failed,[Errno 2] No such file or directory: 'ffmpeg'
b3dcaa4e-f615-4c63-b2a7-4c88e81601ad,,failed,[Errno 2] No such file or directory: 'ffmpeg'
3b0ff89b-a4ee-40ff-b4bc-19e72c1f8d8b,,failed,[Errno 2] No such file or directory: 'ffmpeg'
2527ca38-9632-485c-afbf-2496ddeeddb5,,failed,[Errno 2] No such file or directory: 'ffmpeg'
cc336ded-c3be-4887-afc4-bbd076b33bf2,,failed,[Errno 2] No such file or directory: 'ffmpeg'
230bd2ea-b019-4207-b252-fd57f0d21b2d,,failed,[Errno 2] No such file or directory: 'ffmpeg'
efe60889-8f0c-4a6c-9a52-a7613f4e7116,,failed,[Errno 2] No such file or directory: 'ffmpeg'
8019faa1-29d9-4b3a-a855-5a2a5b7074b0,,failed,[Errno 2] No such file or directory: 'ffmpeg'
e2680f65-8d23-426e-a955-e859675179d1,,failed,[Errno 2] No such file or directory: 'ffmpeg'
c6bd21e5-1995-4d45-8c68-48703e73a6cd,,failed,[Errno 2] No such file or directory: 'ffmpeg'
015a0462-73a2-4b2b-b0e3-da4d81971e6a,,failed,[Errno 2] No such file or directory: 'ffmpeg'
742d6337-1887-448a-abd6-2935fdf54c0d,,failed,[Errno 2] No such file or directory: 'ffmpeg'
48a88515-3d14-4c96-b4f3-700f845b8985,,failed,[Errno 2] No such file or directory: 'ffmpeg'
44b2287f-c636-43d1-8198-05c36db6e10a,,failed,[Errno 2] No such file or directory: 'ffmpeg'
43bc00d0-4298-475a-8a73-13af387c44c3,,failed,[Errno 2] No such file or directory: 'ffmpeg'
fc82ff7a-d82a-45eb-97cb-855a7845d987,,failed,[Errno 2] No such file or directory: 'ffmpeg'
d8712af2-eae1-4d06-8d37-3ea7636727f6,,failed,[Errno 2] No such file or directory: 'ffmpeg'
3e8eb51b-f707-48ba-96ea-9c87beaf0662,,failed,[Errno 2] No such file or directory: 'ffmpeg'
1a87507b-ef20-4bdd-aaf4-6373b012f271,,failed,[Errno 2] No such file or directory: 'ffmpeg'
a0635c27-3035-4b24-9b18-c87e75c9066d,,failed,[Errno 2] No such file or directory: 'ffmpeg'
1b83fbcd-18b2-4914-bcbd-17fa2aa7a26f,,failed,[Errno 2] No such file or directory: 'ffmpeg'
ae3ae539-585e-448f-ac96-188123d0ef3a,,failed,[Errno 2] No such file or directory: 'ffmpeg'
099abf29-dd24-4e82-be19-76f2718be14c,,failed,[Errno 2] No such file or directory: 'ffmpeg'
6f1f07ea-6c15-41e4-8eea-31728e224097,,failed,[Errno 2] No such file or directory: 'ffmpeg'
9a27ba4c-e8a8-47ca-a3c5-ca0eb7782e99,,failed,[Errno 2] No such file or directory: 'ffmpeg'
8b2cbc6f-f572-45fe-972e-7c55257f149a,,failed,[Errno 2] No such file or directory: 'ffmpeg'
bba9f27d-05ea-404b-8ee9-30341eb3b496,,failed,[Errno 2] No such file or directory: 'ffmpeg'
f49b5281-fd25-41b3-9925-ee1aee8c37a0,,failed,[Errno 2] No such file or directory: 'ffmpeg'
7fe741b5-cbd8-4ed1-bb34-d2664e981f5b,,failed,[Errno 2] No such file or directory: 'ffmpeg'
7b71d79e-659c-40e0-88e0-b752cb9c84f3,,failed,[Errno 2] No such file or directory: 'ffmpeg'
b7876555-9abf-4658-95a6-41e74397bfa2,,failed,[Errno 2] No such file or directory: 'ffmpeg'
6c45aca6-b263-4b54-906f-9942fa2ecc12,,failed,[Errno 2] No such file or directory: 'ffmpeg'
fa46dda8-15f3-42e2-8dd1-bb770921f216,,failed,[Errno 2] No such file or directory: 'ffmpeg'
a7c70f1c-2154-4d28-a0a6-2bc380e6d5b2,,failed,[Errno 2] No such file or directory: 'ffmpeg'
c3300141-f92c-495f-b115-c703180f2956,,failed,[Errno 2] No such file or directory: 'ffmpeg'
06f4a3cb-29ff-4ab7-9e05-73a287dd17af,,failed,[Errno 2] No such file or directory: 'ffmpeg'
e0886179-4977-447b-bf29-5de3e3d4125a,,failed,[Errno 2] No such file or directory: 'ffmpeg'
26452da9-0117-4e69-994d-04906d157368,,failed,[Errno 2] No such file or directory: 'ffmpeg'
aae0f9ef-9d74-47ee-a233-df9ca53b5423,,failed,[Errno 2] No such file or directory: 'ffmpeg'
ba62bd98-b573-4fb9-a1c4-28eee6751252,,failed,[Errno 2] No such file or directory: 'ffmpeg'
5814f169-d256-4140-9370-378e3e7248b9,,failed,[Errno 2] No such file or directory: 'ffmpeg'
1567270e-f986-4bc0-9a78-867b61bbe60f,,failed,[Errno 2] No such file or directory: 'ffmpeg'
e20ec1b7-f926-4d38-a2b0-861954088fa4,,failed,[Errno 2] No such file or directory: 'ffmpeg'
9e9ed2b4-2bc3-44ff-96ec-8dda738969d7,,failed,[Errno 2] No such file or directory: 'ffmpeg'
234b4cd5-bf3c-4a02-89ff-51cfda320e68,,failed,[Errno 2] No such file or directory: 'ffmpeg'
a20f2680-5d19-47df-9fd4-056277b5e535,,failed,[Errno 2] No such file or directory: 'ffmpeg'
df7ece7b-6916-4962-be77-188cf6733663,,failed,[Errno 2] No such file or directory: 'ffmpeg'
8f4b6367-cd96-4a00-9b0b-8abfb3393a64,,failed,[Errno 2] No such file or directory: 'ffmpeg'
60e7f733-5230-49e6-9f2e-03c5106f962c,,failed,[Errno 2] No such file or directory: 'ffmpeg'
a86eacc3-04aa-44fe-b0dc-00db29c1826f,,failed,[Errno 2] No such file or directory: 'ffmpeg'
7001ea32-c9b0-460b-9a7c-12ce96eb148f,,failed,[Errno 2] No such file or directory: 'ffmpeg'
b78eb6d4-6086-40b5-bc8b-dfc2aa9ee7a3,,failed,[Errno 2] No such file or directory: 'ffmpeg'
6118504e-7158-4bf2-87f7-215ee1bab2c7,,failed,[Errno 2] No such file or directory: 'ffmpeg'
3ecb735e-f323-4cb0-a93a-0f3841198fc5,,failed,[Errno 2] No such file or directory: 'ffmpeg'
0e7ff6fd-c5da-414a-8043-c679dd7ab369,,failed,[Errno 2] No such file or directory: 'ffmpeg'
fb908145-e9e8-41b0-be4c-2b250e71216f,,failed,[Errno 2] No such file or directory: 'ffmpeg'
3e8c9b2e-2664-4173-aba5-9a3f15f2aa62,,failed,[Errno 2] No such file or directory: 'ffmpeg'
413474f5-b5d7-42a6-9a71-23393830bf0a,,failed,[Errno 2] No such file or directory: 'ffmpeg'
3e3c586f-0314-42cc-83b9-3c972f9cb0e1,,failed,[Errno 2] No such file or directory: 'ffmpeg'
43d9c883-139a-4ece-a7b4-23a9511d0220,,failed,[Errno 2] No such file or directory: 'ffmpeg'
987b1e61-c661-464e-8732-7afda1a73fc1,,failed,[Errno 2] No such file or directory: 'ffmpeg'
9e3ab02f-69db-4375-850c-f8ee06db234c,,failed,[Errno 2] No such file or directory: 'ffmpeg'
905144a0-65a4-4859-ad14-d802b6dc7dc2,,failed,[Errno 2] No such file or directory: 'ffmpeg'
35d09788-8ff6-48b5-97d1-5858d46ef24c,,failed,[Errno 2] No such file or directory: 'ffmpeg'
5c4ee66e-ab3a-4e40-82b1-7fa99911de1b,,failed,[Errno 2] No such file or directory: 'ffmpeg'
828821c2-7983-4024-8a30-02659d2c3a2c,,failed,[Errno 2] No such file or directory: 'ffmpeg'
93d8141e-08a3-48c2-95a1-f907302367ed,,failed,[Errno 2] No such file or directory: 'ffmpeg'
f5b27221-a33a-4d52-b5f2-60462ac6a5c0,,failed,[Errno 2] No such file or directory: 'ffmpeg'
32003eeb-d68e-498d-b666-e364342684b9,,failed,[Errno 2] No such file or directory: 'ffmpeg'
76c586c1-40d0-41b8-a3f2-64a4b6aadd67,,failed,[Errno 2] No such file or directory: 'ffmpeg'
3beb7bb6-9e32-49cb-91b8-10f2cd05145d,,failed,[Errno 2] No such file or directory: 'ffmpeg'
729d225b-bff3-4d72-a57c-5248e35c45ca,,failed,[Errno 2] No such file or directory: 'ffmpeg'
1aeb6ac9-a2ea-49f8-8ca1-45b302ecc218,,failed,[Errno 2] No such file or directory: 'ffmpeg'
46c57b8d-f403-464b-ae0a-a0a7f0105c28,,failed,[Errno 2] No such file or directory: 'ffmpeg'
6e8574cd-c1ba-4b11-aa8e-a5170644befc,,failed,[Errno 2] No such file or directory: 'ffmpeg'
24bb3c27-c758-4383-b0e6-c2bd204429c9,,failed,[Errno 2] No such file or directory: 'ffmpeg'
cfe20751-4942-46eb-9652-fe194b08aaef,,failed,[Errno 2] No such file or directory: 'ffmpeg'
94fc4bc7-2eac-40ec-9926-9aac84050ae5,,failed,[Errno 2] No such file or directory: 'ffmpeg'
1444d00f-a4dd-4f15-a55e-3b873dfbda14,,failed,[Errno 2] No such file or directory: 'ffmpeg'
aef35238-34f4-4d3a-8fc9-1624908d8b6e,,failed,[Errno 2] No such file or directory: 'ffmpeg'
e992bb39-ec10-40b7-a62f-9e2d2169d4b8,,failed,[Errno 2] No such file or directory: 'ffmpeg'
94bcc2ca-abc8-4b03-8162-3e8e9d3a57d0,,failed,[Errno 2] No such file or directory: 'ffmpeg'
ed02caff-7fab-48a4-a0aa-1aa06805bcd5,,failed,[Errno 2] No such file or directory: 'ffmpeg'
c568bcd8-958e-4de0-b58d-667063e689e4,,failed,[Errno 2] No such file or directory: 'ffmpeg'
9504ed2b-9824-4de7-803b-f217d55042bd,,failed,[Errno 2] No such file or directory: 'ffmpeg'
497aa714-2fac-4706-9f0b-df5c5a63567b,,failed,[Errno 2] No such file or directory: 'ffmpeg'
aa650f5d-6317-46fc-9c29-a029df5a45bc,,failed,[Errno 2] No such file or directory: 'ffmpeg'
306ffbfc-e664-466a-8f15-db099e94f694,,failed,[Errno 2] No such file or directory: 'ffmpeg'
155dfab6-386d-4e97-b0d5-3fca8b855d85,,failed,[Errno 2] No such file or directory: 'ffmpeg'
80a2c814-92dd-4c8e-882c-4f9a2ddc6403,,failed,[Errno 2] No such file or directory: 'ffmpeg'
9158adc4-7cbd-4f32-a297-6614a8806b8c,,failed,[Errno 2] No such file or directory: 'ffmpeg'
b09c1b00-d683-423e-9915-0c1b7bee5858,,failed,[Errno 2] No such file or directory: 'ffmpeg'
3d73cc94-039a-4cec-b39f-9e42e8a8ee7a,,failed,[Errno 2] No such file or directory: 'ffmpeg'
057dd714-35ef-429c-9d17-985f15429e11,,failed,[Errno 2] No such file or directory: 'ffmpeg'
34d9cd27-780a-4652-998d-8495ea6eadc3,,failed,[Errno 2] No such file or directory: 'ffmpeg'
59841fa1-354b-4017-8d24-9b299b12bea0,,failed,[Errno 2] No such file or directory: 'ffmpeg'
a15ea670-eaf9-4ca0-b161-feb6c9b887f2,,failed,[Errno 2] No such file or directory: 'ffmpeg'
5b3425a6-d2bc-498c-8cb2-ba542d86bf55,,failed,[Errno 2] No such file or directory: 'ffmpeg'
8128891d-e249-44d0-bae3-80c8da853300,,failed,[Errno 2] No such file or directory: 'ffmpeg'
e4791d84-9f47-48fe-b838-6452e335aaa7,,failed,[Errno 2] No such file or directory: 'ffmpeg'
d220eee6-3eae-4388-bff7-05cc292a5683,,failed,[Errno 2] No such file or directory: 'ffmpeg'
ad5bef69-5f71-4fc5-a845-0c4878c1d6cf,,failed,[Errno 2] No such file or directory: 'ffmpeg'
cd371631-af38-49c5-88e7-f6c8339f8fff,,failed,[Errno 2] No such file or directory: 'ffmpeg'
6d82d064-766f-4052-afe5-affb5d417806,,failed,[Errno 2] No such file or directory: 'ffmpeg'
8586aab2-9d5b-4bf5-895c-2587f993a821,,failed,[Errno 2] No such file or directory: 'ffmpeg'
1e60e296-9e0b-4ca2-8559-f9fac08f4c82,,failed,[Errno 2] No such file or directory: 'ffmpeg'
0677ca7b-89b5-4a5e-aae9-e33d1cfc6737,,failed,[Errno 2] No such file or directory: 'ffmpeg'
b10bc0fe-d575-4430-b39f-7d4a76355f4c,,failed,[Errno 2] No such file or directory: 'ffmpeg'
69454080-193e-4c2e-9eac-2750e0b35852,,failed,[Errno 2] No such file or directory: 'ffmpeg'
26fde938-6b6e-4927-8bfa-ae8c7bfaace2,,failed,[Errno 2] No such file or directory: 'ffmpeg'
1177c292-0361-4dd0-90f2-92d904301251,,failed,[Errno 2] No such file or directory: 'ffmpeg'
a16ce522-f57f-48bb-ac66-949c54abc8ba,,failed,[Errno 2] No such file or directory: 'ffmpeg'
e1804e1c-1a11-4643-823b-86ead362ba19,,failed,[Errno 2] No such file or directory: 'ffmpeg'
61f4feeb-1d35-4abb-af15-250abe31976b,,failed,[Errno 2] No such file or directory: 'ffmpeg'
fb4db347-441d-4000-b187-76b96dc4dbed,,failed,[Errno 2] No such file or directory: 'ffmpeg'
d42b2189-10c2-4282-882a-3fcab7ae9df9,,failed,[Errno 2] No such file or directory: 'ffmpeg'
85ffce9d-7bf8-477d-874a-e79431db6dc3,,failed,[Errno 2] No such file or directory: 'ffmpeg'
05afbd82-b9b1-45fd-9fb6-234fdf8733a5,,failed,[Errno 2] No such file or directory: 'ffmpeg'
fd3d31c7-a4d5-4cf0-aa06-2c75f26c18c1,,failed,[Errno 2] No such file or directory: 'ffmpeg'
5346dc85-4263-4dad-bc55-d2169d2c2e1b,,failed,[Errno 2] No such file or directory: 'ffmpeg'
e14e8419-8d75-41ff-92d4-9882f8bd8b94,,failed,[Errno 2] No such file or directory: 'ffmpeg'
9b5c5e9e-2e2f-4198-a9ac-d3d3cee7c2e5,,failed,[Errno 2] No such file or directory: 'ffmpeg'
8876eaf3-20ba-427c-b619-c2f160485459,,failed,[Errno 2] No such file or directory: 'ffmpeg'
158912a3-106b-49a1-bd01-b1de0dae7ba6,,failed,[Errno 2] No such file or directory: 'ffmpeg'
6b308f05-1ec0-4b3b-9795-78126fbbafdb,,failed,[Errno 2] No such file or directory: 'ffmpeg'
f3910c66-2cb8-4dcd-83c8-16ad5fcbd7f7,,failed,[Errno 2] No such file or directory: 'ffmpeg'
e859d5a2-01de-4885-bf5e-bb611b76e4ae,,failed,[Errno 2] No such file or directory: 'ffmpeg'
9caaefac-38eb-4d9c-9958-6dd3436c29bf,,failed,[Errno 2] No such file or directory: 'ffmpeg'
be586968-e5e1-48ed-87cd-a4a3c907b085,,failed,[Errno 2] No such file or directory: 'ffmpeg'
779b0f44-3cbf-4076-a1bc-3b2428b61f21,,failed,[Errno 2] No such file or directory: 'ffmpeg'
a14c8c85-bec1-4447-a5bd-c7b85dfe2577,,failed,[Errno 2] No such file or directory: 'ffmpeg'
f21fa768-12cd-4f6e-aa9c-26c8f25bdf16,,failed,[Errno 2] No such file or directory: 'ffmpeg'
bec813ae-7d6e-40af-a009-d873746d93b1,,failed,[Errno 2] No such file or directory: 'ffmpeg'
b6cae11a-f381-467b-9130-cc82b492476e,,failed,[Errno 2] No such file or directory: 'ffmpeg'
04e79b37-41ee-4723-a117-01562ee5192a,,failed,[Errno 2] No such file or directory: 'ffmpeg'
40c2ef47-10ad-46cf-a15d-d81350924621,,failed,[Errno 2] No such file or directory: 'ffmpeg'
02d29f44-0d88-48e6-860e-02a849134453,,failed,[Errno 2] No such file or directory: 'ffmpeg'
25cdf81d-75c8-4351-bb99-baf1830aef83,,failed,[Errno 2] No such file or directory: 'ffmpeg'
459b628c-2bf8-4dd5-bf63-285991b7ddc6,,failed,[Errno 2] No such file or directory: 'ffmpeg'
8add5494-3a79-4efb-a770-de484d5c2c0f,,failed,[Errno 2] No such file or directory: 'ffmpeg'
9789700b-c542-4070-84e1-86eaf41c93a8,,failed,[Errno 2] No such file or directory: 'ffmpeg'
93becf9c-bb88-456b-b6fc-ccab93e4ac66,,failed,[Errno 2] No such file or directory: 'ffmpeg'
c0277ab4-6e72-46b5-adf9-273d124a26ad,,failed,[Errno 2] No such file or directory: 'ffmpeg'
220db621-0aac-49ad-b82f-dc9f6ef72600,,failed,[Errno 2] No such file or directory: 'ffmpeg'
328a2157-04f4-4b77-9b0a-430b4aa2af67,,failed,[Errno 2] No such file or directory: 'ffmpeg'
43e836d6-5cae-451c-9ca8-d9528f5c52b2,,failed,[Errno 2] No such file or directory: 'ffmpeg'
2381cf5e-2323-4bbc-9d54-dc07d9c648bd,,failed,[Errno 2] No such file or directory: 'ffmpeg'
eec6bcfd-e389-464d-8587-65b27071fe84,,failed,[Errno 2] No such file or directory: 'ffmpeg'
c60fd92a-e95a-4666-8857-b449c84444eb,,failed,[Errno 2] No such file or directory: 'ffmpeg'
fde042c2-d114-4271-ab25-2235aa786576,,failed,[Errno 2] No such file or directory: 'ffmpeg'
84816ece-ed25-4d1d-b74f-bb155e5ed4c1,,failed,[Errno 2] No such file or directory: 'ffmpeg'
887b1177-6609-4002-8604-99b1145aefe9,,failed,[Errno 2] No such file or directory: 'ffmpeg'
15372cf4-211a-47ee-8048-89ee7a61d199,,failed,[Errno 2] No such file or directory: 'ffmpeg'
177db65d-d2b5-4f0e-b857-2fe12b81936c,,failed,[Errno 2] No such file or directory: 'ffmpeg'
bbe01398-9e7d-4240-b61e-48b1dc9eab82,,failed,[Errno 2] No such file or directory: 'ffmpeg'
af02c61d-add5-4b7a-a781-4d8eb98944d2,,failed,[Errno 2] No such file or directory: 'ffmpeg'
958db313-5ddb-431c-a9fd-1e31c7eaf918,,failed,[Errno 2] No such file or directory: 'ffmpeg'
076e683d-5080-474f-a9fa-6b61486a24cc,,failed,[Errno 2] No such file or directory: 'ffmpeg'
f9aebd82-2cae-470e-81fb-0512483da5c0,,failed,[Errno 2] No such file or directory: 'ffmpeg'
b0e9e0ff-a028-47b9-a809-fc09a2829f98,,failed,[Errno 2] No such file or directory: 'ffmpeg'
7353b4ef-dbb8-4c0e-a9b3-e114cd87876c,,failed,[Errno 2] No such file or directory: 'ffmpeg'
d7574442-a912-485b-97ef-03728efb149f,,failed,[Errno 2] No such file or directory: 'ffmpeg'
dac64e5c-4313-4943-bb1a-ad93778e637e,,failed,[Errno 2] No such file or directory: 'ffmpeg'
573193e0-66dc-4feb-abc5-e73273493985,,failed,[Errno 2] No such file or directory: 'ffmpeg'
82eaa806-0c33-41a9-9d98-87e5309a90b1,,failed,[Errno 2] No such file or directory: 'ffmpeg'
69c591ef-8701-4699-a8e6-7b068f091d84,,failed,[Errno 2] No such file or directory: 'ffmpeg'
4cfb762f-4fb2-48de-a4d2-3692f676bb36,,failed,[Errno 2] No such file or directory: 'ffmpeg'
ffeea06c-06a6-4843-9419-234c4a0d85b3,,failed,[Errno 2] No such file or directory: 'ffmpeg'
742e52c5-7041-4ecc-8e07-d99ebef1bef5,,failed,[Errno 2] No such file or directory: 'ffmpeg'
90ffa30c-e248-475b-bdaf-c1b61f6f3352,,failed,[Errno 2] No such file or directory: 'ffmpeg'
c2230b74-3a4c-41e9-8f8c-13049e8929d0,,failed,[Errno 2] No such file or directory: 'ffmpeg'
9c10cf9e-40bf-4a02-8b26-144b5c2b8611,,failed,[Errno 2] No such file or directory: 'ffmpeg'
bf96e35f-3ece-4a56-bcf2-6795ce48a3c0,,failed,[Errno 2] No such file or directory: 'ffmpeg'
5ca28ca4-3c76-4e04-9500-3c79ca28e313,,failed,[Errno 2] No such file or directory: 'ffmpeg'
49d6ecae-fd18-45bc-b984-9447e390321e,,failed,[Errno 2] No such file or directory: 'ffmpeg'
0ef1ffe1-fdd4-4ef1-a679-6cd884e97c79,,failed,[Errno 2] No such file or directory: 'ffmpeg'
02670d29-e007-4962-8f9b-e31a1a715034,,failed,[Errno 2] No such file or directory: 'ffmpeg'
50d73a52-eb4f-4c8d-9870-ff2db22d2410,,failed,[Errno 2] No such file or directory: 'ffmpeg'
eb37107e-85b7-4870-9e9a-db58b46060d6,,failed,[Errno 2] No such file or directory: 'ffmpeg'
4bd3b665-83a3-4c22-a85a-8ff98c7b1ebc,,failed,[Errno 2] No such file or directory: 'ffmpeg'
f2f908ac-a85b-4566-a7ed-2dd8d5c6da4d,,failed,[Errno 2] No such file or directory: 'ffmpeg'
3ab46e48-4da1-4964-acbb-99ec1fee8da9,,failed,[Errno 2] No such file or directory: 'ffmpeg'
6394871a-7b8b-406f-ae29-d95d2af4c2d3,,failed,[Errno 2] No such file or directory: 'ffmpeg'
ecb4601a-be21-4dae-97b2-7473690aa7ae,,failed,[Errno 2] No such file or directory: 'ffmpeg'
f9d5439b-526c-46eb-a9df-c25ed3080545,,failed,[Errno 2] No such file or directory: 'ffmpeg'
674f36dc-ae18-43d6-8ac4-382f60afcd7a,,failed,[Errno 2] No such file or directory: 'ffmpeg'
c4fab887-4703-4662-95c2-bbd65e2a2223,,failed,[Errno 2] No such file or directory: 'ffmpeg'
6d1d9a3e-c33f-4ae5-9ab5-792d4fbb1bd2,,failed,[Errno 2] No such file or directory: 'ffmpeg'
b7d7c384-47fb-4884-b7ac-8634c58f49e3,,failed,[Errno 2] No such file or directory: 'ffmpeg'
c0782fc1-3728-4316-9b3e-2548f38771de,,failed,[Errno 2] No such file or directory: 'ffmpeg'
c3b1e92d-4a16-43d4-8584-b00520d8691e,,failed,[Errno 2] No such file or directory: 'ffmpeg'
8f1171ea-9bc2-4908-bf04-09d22334def5,,failed,[Errno 2] No such file or directory: 'ffmpeg'
257a8837-9d7b-420f-8aec-fb03c7d6bbf7,,failed,[Errno 2] No such file or directory: 'ffmpeg'
2580a6dc-c0aa-40d9-9208-84076569be57,,failed,[Errno 2] No such file or directory: 'ffmpeg'
2270aa12-df5a-438d-8e68-5b7892edb26c,,failed,[Errno 2] No such file or directory: 'ffmpeg'
e776a1fc-f0d5-4422-91ec-694108878691,,failed,[Errno 2] No such file or directory: 'ffmpeg'
c26e12fe-1be0-4c06-9603-1f574c553d8d,,failed,[Errno 2] No such file or directory: 'ffmpeg'
878bde61-30f1-4ed8-a485-9644afd007be,,failed,[Errno 2] No such file or directory: 'ffmpeg'
cf61d114-6eec-4590-80f9-a35f53b1c4d6,,failed,[Errno 2] No such file or directory: 'ffmpeg'
1c9831d2-1c75-419f-83fe-960a09cf8088,,failed,[Errno 2] No such file or directory: 'ffmpeg'
2e7413da-55c1-4b0f-99ad-178f602aa19f,,failed,[Errno 2] No such file or directory: 'ffmpeg'
45a4287f-fe65-48cb-b149-f40c59db4262,,failed,[Errno 2] No such file or directory: 'ffmpeg'
b7b2787f-9260-4780-803c-c3330ef5ec73,,failed,[Errno 2] No such file or directory: 'ffmpeg'
028ae27c-a071-4e1c-a917-854593c9e212,,failed,[Errno 2] No such file or directory: 'ffmpeg'
dfcd3537-c4ae-4cbb-b4a5-2be0cb13cce5,,failed,[Errno 2] No such file or directory: 'ffmpeg'
3c674347-1bdb-4f70-b874-6019ce410194,,failed,[Errno 2] No such file or directory: 'ffmpeg'
fa327a8f-cf78-41b9-bdf6-be929a5e51b6,,failed,[Errno 2] No such file or directory: 'ffmpeg'
8d2a748d-ca1f-4891-a93e-5df9c15b6dc9,,failed,[Errno 2] No such file or directory: 'ffmpeg'
e560706a-5365-48a8-b057-9065180ce0ab,,failed,[Errno 2] No such file or directory: 'ffmpeg'
85bd0752-c281-426c-a55d-a7df0e202d29,,failed,[Errno 2] No such file or directory: 'ffmpeg'
793cf375-ab06-440d-b38e-584354a36a87,,failed,[Errno 2] No such file or directory: 'ffmpeg'
6cea548b-8d18-49f9-bf4d-5fc4c30eaed5,,failed,[Errno 2] No such file or directory: 'ffmpeg'
5f9404d8-0d2d-40e8-972c-e4e6fd4aa848,,failed,[Errno 2] No such file or directory: 'ffmpeg'
06adb230-7faa-44db-b1c9-384d4e4d22c8,,failed,[Errno 2] No such file or directory: 'ffmpeg'
df42e2f0-479e-42a9-8874-66908c6b87e8,,failed,[Errno 2] No such file or directory: 'ffmpeg'
5074dadd-8613-4a08-a0f3-20e81c38bc26,,failed,[Errno 2] No such file or directory: 'ffmpeg'
955f9ea4-25ce-4c8c-b2c7-4ea368fd7418,,failed,[Errno 2] No such file or directory: 'ffmpeg'
6e7b0d66-40ae-44cf-9005-1d9b68fb0394,,failed,[Errno 2] No such file or directory: 'ffmpeg'
1eaf8404-c4ba-41ae-9982-1702e46b0c6c,,failed,[Errno 2] No such file or directory: 'ffmpeg'
b6fa01c3-45a5-41c7-bbec-3072565f4bee,,failed,[Errno 2] No such file or directory: 'ffmpeg'
9a244948-0546-4727-adfe-3c60c7897bee,,failed,[Errno 2] No such file or directory: 'ffmpeg'
d6284075-059a-46d0-ba50-256b6d0a8adf,,failed,[Errno 2] No such file or directory: 'ffmpeg'
6cb06689-066d-4a17-8398-e7adbc51210f,,failed,[Errno 2] No such file or directory: 'ffmpeg'
e57bc144-dc8e-4a9b-b4ea-a1c1627ac09a,,failed,[Errno 2] No such file or directory: 'ffmpeg'
9559e730-98e2-4449-b4ac-5cbf0c7467a5,,failed,[Errno 2] No such file or directory: 'ffmpeg'
43ded3b5-c8fb-4123-b5d7-e9a8384882b8,,failed,[Errno 2] No such file or directory: 'ffmpeg'
a2b4c374-326d-4c0c-9666-019448ea4b99,,failed,[Errno 2] No such file or directory: 'ffmpeg'
50b1e085-9f73-4b82-b941-046f0fb46c3b,,failed,[Errno 2] No such file or directory: 'ffmpeg'
8319f31d-1d6c-48fa-b332-60ad4b170b28,,failed,[Errno 2] No such file or directory: 'ffmpeg'
5aeacdde-9780-47d3-94c8-01eeac946ae2,,failed,[Errno 2] No such file or directory: 'ffmpeg'
7985e245-9612-44c2-858d-a164f807f7b1,,failed,[Errno 2] No such file or directory: 'ffmpeg'
be5df339-14cc-4380-a7be-b36ae349d425,,failed,[Errno 2] No such file or directory: 'ffmpeg'
0c0870be-094f-4658-94a2-4e533a4ef604,,failed,[Errno 2] No such file or directory: 'ffmpeg'
2e21a15d-8a55-42a4-9ced-89a12fc25e61,,failed,[Errno 2] No such file or directory: 'ffmpeg'
25160464-c8e1-43a7-8bf2-80dbad5b2302,,failed,[Errno 2] No such file or directory: 'ffmpeg'
b736698b-c418-438c-a654-f8908999ceb8,,failed,[Errno 2] No such file or directory: 'ffmpeg'
db59010a-51c5-4072-b7f6-a82c6e51565f,,failed,[Errno 2] No such file or directory: 'ffmpeg'
7f7e0292-0d34-473b-b1fb-bcd225cc48b4,,failed,[Errno 2] No such file or directory: 'ffmpeg'
b08ac32c-e7f5-4e7d-a425-6d24107db78c,,failed,[Errno 2] No such file or directory: 'ffmpeg'
91567036-f363-4c19-9ac7-1adc97419d17,,failed,[Errno 2] No such file or directory: 'ffmpeg'
a621e828-fcf9-4347-9faa-7b0d8ec53bf1,,failed,[Errno 2] No such file or directory: 'ffmpeg'
02173849-b3e5-4d57-9f6e-bcbb6a9af490,,failed,[Errno 2] No such file or directory: 'ffmpeg'
54616df1-ddf3-49f0-aa7a-f06a4c443bb9,,failed,[Errno 2] No such file or directory: 'ffmpeg'
8fc698e3-4b0c-482b-95be-0dcf31b6a488,,failed,[Errno 2] No such file or directory: 'ffmpeg'
f729f180-3ed5-4a4d-8aa3-856e6702023c,,failed,[Errno 2] No such file or directory: 'ffmpeg'
8756c09b-7f9a-420c-80ac-5fce45a83fd5,,failed,[Errno 2] No such file or directory: 'ffmpeg'
dc0c876f-e813-40a4-9c04-ffe1b00bdaa9,,failed,[Errno 2] No such file or directory: 'ffmpeg'
f5ebfeac-951d-451c-8c7d-ed938c22cf21,,failed,[Errno 2] No such file or directory: 'ffmpeg'
b57417cb-346e-4a7e-bca6-8808a7790d88,,failed,[Errno 2] No such file or directory: 'ffmpeg'
e8b8f9cc-9dda-4e16-9440-65c087f9c351,,failed,[Errno 2] No such file or directory: 'ffmpeg'
8641129a-d1a0-49e4-8fb3-c3199a7d084f,,failed,[Errno 2] No such file or directory: 'ffmpeg'
9a7a80a1-6948-49cc-b694-649db0690917,,failed,[Errno 2] No such file or directory: 'ffmpeg'
8e6859be-7477-4e97-af72-895a44ca8e4f,,failed,[Errno 2] No such file or directory: 'ffmpeg'
14d2594d-efe7-4598-852b-4d897e97cb56,,failed,[Errno 2] No such file or directory: 'ffmpeg'
e1b942a9-6cd0-417a-8a77-1b6739e3bddf,,failed,[Errno 2] No such file or directory: 'ffmpeg'
e7312ba1-c35d-4229-824f-34d573191876,,failed,[Errno 2] No such file or directory: 'ffmpeg'
341ac084-76c1-4a2c-bd4c-63a45c7f82bd,,failed,[Errno 2] No such file or directory: 'ffmpeg'
8c2f4a11-bb3a-4710-b5a0-2ee3ac9a4476,,failed,[Errno 2] No such file or directory: 'ffmpeg'
c78faf90-6a5d-41b2-8886-3c7fc8397ec5,,failed,[Errno 2] No such file or directory: 'ffmpeg'
43334cd5-e65c-4dd9-8ef9-98cb40010cad,,failed,[Errno 2] No such file or directory: 'ffmpeg'
232877e3-d865-436f-aa57-ef610e8b807b,,failed,[Errno 2] No such file or directory: 'ffmpeg'
e7c8c77d-aa2f-4ecb-8b0d-295e773be33e,,failed,[Errno 2] No such file or directory: 'ffmpeg'
da11714d-b823-40f0-88b9-326e85295120,,failed,[Errno 2] No such file or directory: 'ffmpeg'
169e8283-ce8f-4bdc-8465-1420ad3f45b3,,failed,[Errno 2] No such file or directory: 'ffmpeg'
034ef80b-5ef0-482a-b0c3-9696828a0cee,,failed,[Errno 2] No such file or directory: 'ffmpeg'
1dc9d76f-2b12-499d-8f9f-e5e95fc853ce,,failed,[Errno 2] No such file or directory: 'ffmpeg'
546f220a-35ea-4dec-8119-d4fb1cb67fda,,failed,[Errno 2] No such file or directory: 'ffmpeg'
a84cbae0-b2b6-4a89-b1b0-ed3506dd8471,,failed,[Errno 2] No such file or directory: 'ffmpeg'
d778cb9d-c17c-4d1e-891e-fce1891bda50,,failed,[Errno 2] No such file or directory: 'ffmpeg'
6ae47937-4fac-419c-accf-13965942573d,,failed,[Errno 2] No such file or directory: 'ffmpeg'
fb1dd663-e3b5-4421-a1a3-dd755946f7c2,,failed,[Errno 2] No such file or directory: 'ffmpeg'
b1f94383-27b8-4b48-b8b3-d3f5b422cfbd,,failed,[Errno 2] No such file or directory: 'ffmpeg'
586d9843-82d4-42e7-81fc-c22a9135f732,,failed,[Errno 2] No such file or directory: 'ffmpeg'
fc5ea901-7f69-473c-b9dd-e5521c24e9c5,,failed,[Errno 2] No such file or directory: 'ffmpeg'
a37b2f88-8eea-4d1f-ba4f-b24672beb7c7,,failed,[Errno 2] No such file or directory: 'ffmpeg'
ce908768-df6c-4db9-b4ce-b4874777df06,,failed,[Errno 2] No such file or directory: 'ffmpeg'
18ccac05-e424-4a42-9589-cf13c1bdf036,,failed,[Errno 2] No such file or directory: 'ffmpeg'
551403f7-b189-488f-970f-b44e73e6a4f9,,failed,[Errno 2] No such file or directory: 'ffmpeg'
05cab312-261a-40d9-add3-88bd80a491ce,,failed,[Errno 2] No such file or directory: 'ffmpeg'
c3d30e98-f9b8-4fb3-b9a4-c54943e4a9da,,failed,[Errno 2] No such file or directory: 'ffmpeg'
8ac75da4-a21f-416f-9e59-28c902966fec,,failed,[Errno 2] No such file or directory: 'ffmpeg'
eb5ac5c0-b1e7-428a-b156-94f8587ccbe0,,failed,[Errno 2] No such file or directory: 'ffmpeg'
9f4d2023-8109-4dd6-93c1-6568308da430,,failed,[Errno 2] No such file or directory: 'ffmpeg'
63e8325f-a974-4927-83ff-b341c9271ec6,,failed,[Errno 2] No such file or directory: 'ffmpeg'
2fc7d5d1-4e43-4008-9a8c-f6738662cbe3,,failed,[Errno 2] No such file or directory: 'ffmpeg'
ffe87a32-d8ac-4797-ab21-fc9f32544671,,failed,[Errno 2] No such file or directory: 'ffmpeg'
62d5d8dc-a8d2-4235-a1c3-8dc200a6f629,,failed,[Errno 2] No such file or directory: 'ffmpeg'
ab4b3a80-793c-431f-8817-292bb0b253e4,,failed,[Errno 2] No such file or directory: 'ffmpeg'
b97c133f-3c3e-46b3-8691-8445b87855b3,,failed,[Errno 2] No such file or directory: 'ffmpeg'
197a2981-fd08-4d65-91c7-d0d7d84e6712,,failed,[Errno 2] No such file or directory: 'ffmpeg'
27799f2e-d4d6-47b0-a88c-f55b1ce0ea40,,failed,[Errno 2] No such file or directory: 'ffmpeg'
5cacac1e-9300-4f10-b929-29fca9afaf5f,,failed,[Errno 2] No such file or directory: 'ffmpeg'
5a5c9a52-173c-4396-8993-4bf35ef00530,,failed,[Errno 2] No such file or directory: 'ffmpeg'
3d840b51-da29-4edd-9f34-b1b9366d2d3c,,failed,[Errno 2] No such file or directory: 'ffmpeg'
0ebc0dc7-6c3a-4d97-8f06-77d5c70ace79,,failed,[Errno 2] No such file or directory: 'ffmpeg'
24f66fac-bf1e-4600-bf91-d738ef497d64,,failed,[Errno 2] No such file or directory: 'ffmpeg'
10873583-bdb1-43c7-a5f7-b8502fd5ad51,,failed,[Errno 2] No such file or directory: 'ffmpeg'
01778e9b-4c8b-4937-bf42-33c9a8d0eb7c,,failed,[Errno 2] No such file or directory: 'ffmpeg'
490b5c8f-059b-4a12-b443-1b5b561bcda8,,failed,[Errno 2] No such file or directory: 'ffmpeg'
4ce3c26c-7eb7-416a-8f92-4dc58303ac6f,,failed,[Errno 2] No such file or directory: 'ffmpeg'
42bc3681-8888-4040-80a0-7f72988e6354,,failed,[Errno 2] No such file or directory: 'ffmpeg'
8fc0894e-66da-4380-87fc-4b7d1ac646e0,,failed,[Errno 2] No such file or directory: 'ffmpeg'
0e249935-9f6a-4eff-9ec3-f52ec85685ce,,failed,[Errno 2] No such file or directory: 'ffmpeg'
c62ee267-6cbb-4074-9ac7-0178aed46ee0,,failed,[Errno 2] No such file or directory: 'ffmpeg'
02e65ab2-fa55-49ff-a565-081d18c03708,,failed,[Errno 2] No such file or directory: 'ffmpeg'
2ebb2cf7-c8d5-4c09-85c0-590a4eef934a,,failed,[Errno 2] No such file or directory: 'ffmpeg'
c9bff2fd-b455-4139-8d66-67c7c6c558ee,,failed,[Errno 2] No such file or directory: 'ffmpeg'
3c7b0798-54a0-402d-9cae-01c23f7d9400,,failed,[Errno 2] No such file or directory: 'ffmpeg'
803058c1-b402-4bf4-8780-d1a028a52df1,,failed,[Errno 2] No such file or directory: 'ffmpeg'
d6fdb428-bb3b-4d49-b0b2-e352f8420565,,failed,[Errno 2] No such file or directory: 'ffmpeg'
6a98357a-cf47-4c93-b424-770f3d9d91f8,,failed,[Errno 2] No such file or directory: 'ffmpeg'
4047b08d-5d20-4cdc-8313-679487afea95,,failed,[Errno 2] No such file or directory: 'ffmpeg'
cc0b254c-a4fa-4f1b-b1ef-e813b75e65e5,,failed,[Errno 2] No such file or directory: 'ffmpeg'
a1ba57dc-b183-4222-b13d-a2739a6b23c2,,failed,[Errno 2] No such file or directory: 'ffmpeg'
3948e3cc-cbd2-472b-bf38-c72e05e3ee08,,failed,[Errno 2] No such file or directory: 'ffmpeg'
d56ee1c0-df76-484a-b4dc-bf48a78d0fc5,,failed,[Errno 2] No such file or directory: 'ffmpeg'
1eceb69f-02dc-4a65-aa37-e24b5e560a8c,,failed,[Errno 2] No such file or directory: 'ffmpeg'
7e1fa2c2-c2b2-4b53-89e7-22bbc9c7decf,,failed,[Errno 2] No such file or directory: 'ffmpeg'
c53c19fa-69aa-4ab1-aabf-ef61cdcab30f,,failed,[Errno 2] No such file or directory: 'ffmpeg'
74a6d082-2c2b-4008-a9eb-5755da7215ae,,failed,[Errno 2] No such file or directory: 'ffmpeg'
b191f41d-32ee-48ac-bcbd-53b20fce9f04,,failed,[Errno 2] No such file or directory: 'ffmpeg'
3ef0084a-ec6a-4e7a-be68-553ce862d4f8,,failed,[Errno 2] No such file or directory: 'ffmpeg'
4be8ce08-d6c0-41dd-a0bf-4e31be433fc7,,failed,[Errno 2] No such file or directory: 'ffmpeg'
c20f1d50-13a6-4c77-91d2-25a26ed8f755,,failed,[Errno 2] No such file or directory: 'ffmpeg'
be533a44-5dc2-4d18-ad7c-1499464f377e,,failed,[Errno 2] No such file or directory: 'ffmpeg'
493006b9-fd40-4c1c-81db-4353512c9a11,,failed,[Errno 2] No such file or directory: 'ffmpeg'
a4a7897f-c4e5-4b7d-a535-f17d59c7a93f,,failed,[Errno 2] No such file or directory: 'ffmpeg'
c655aea7-b772-46cc-9a0c-db22120d6876,,failed,[Errno 2] No such file or directory: 'ffmpeg'
d6704414-1e8b-4412-bfb1-fa2e8fdc0b63,,failed,[Errno 2] No such file or directory: 'ffmpeg'
ae025910-4a5b-4b86-91ce-e51ea5c0e220,,failed,[Errno 2] No such file or directory: 'ffmpeg'
23afb7e5-5470-46b8-856d-e0734aa88c20,,failed,[Errno 2] No such file or directory: 'ffmpeg'
292c6043-254a-4f2b-b193-4b36ccc09047,,failed,[Errno 2] No such file or directory: 'ffmpeg'
9b2b74bd-0aed-4e49-b02c-f9ba3e282e45,,failed,[Errno 2] No such file or directory: 'ffmpeg'
b51ef92b-11a9-4a2b-bb08-23ffaf35a080,,failed,[Errno 2] No such file or directory: 'ffmpeg'
f42f5024-8b54-472a-8124-9f1c491d1272,,failed,[Errno 2] No such file or directory: 'ffmpeg'
3214507b-fc7b-49d6-b8b7-b162dc1bc20b,,failed,[Errno 2] No such file or directory: 'ffmpeg'
b4519fc0-45a2-4206-a6c3-8d2c4f594b98,,failed,[Errno 2] No such file or directory: 'ffmpeg'
9ede9749-a670-4b7e-97dd-f6d1b84764c3,,failed,[Errno 2] No such file or directory: 'ffmpeg'
da7eb4df-ccbe-4678-b1e9-edcd0628de56,,failed,[Errno 2] No such file or directory: 'ffmpeg'
a1c12a55-7e0f-45ae-aaab-1f4f06104059,,failed,[Errno 2] No such file or directory: 'ffmpeg'
ed263264-330e-44c9-91f5-7ab9a901fa5c,,failed,[Errno 2] No such file or directory: 'ffmpeg'
4a9dc03a-a3d9-4683-98be-d0c8a1ccd80a,,failed,[Errno 2] No such file or directory: 'ffmpeg'
914adeec-658d-4ed3-9353-e56ba8c9d5ae,,failed,[Errno 2] No such file or directory: 'ffmpeg'
26d6f92a-e766-44f2-a62b-f7180a3d27c0,,failed,[Errno 2] No such file or directory: 'ffmpeg'
3c35f579-3b83-4f3e-8e08-d2de16d2ea9f,,failed,[Errno 2] No such file or directory: 'ffmpeg'
7d301e9b-a4fe-42ca-be01-e871b960cd06,,failed,[Errno 2] No such file or directory: 'ffmpeg'
74815ac8-972a-45ca-a90c-72220c5b1862,,failed,[Errno 2] No such file or directory: 'ffmpeg'
dc9a71df-b22f-433f-a3cc-6a28f3ee70c9,,failed,[Errno 2] No such file or directory: 'ffmpeg'
061f9381-4b28-4041-8099-211ad49ae6e6,,failed,[Errno 2] No such file or directory: 'ffmpeg'
3056b46b-c63e-43da-9bd0-c76b6f43d345,,failed,[Errno 2] No such file or directory: 'ffmpeg'
1f13b44c-45e7-4829-a278-723cd9f385bd,,failed,[Errno 2] No such file or directory: 'ffmpeg'
89e9b0b4-0a0e-48ca-ab93-69317f4927bc,,failed,[Errno 2] No such file or directory: 'ffmpeg'
3e8ad35e-913f-47ea-88b6-704da39dc8bb,,failed,[Errno 2] No such file or directory: 'ffmpeg'
f5aca4b3-cf14-4f26-a1c6-889d45cff1b9,,failed,[Errno 2] No such file or directory: 'ffmpeg'
9f9e18d7-d161-4647-8bd4-f242a938463b,,failed,[Errno 2] No such file or directory: 'ffmpeg'
362417d1-0698-4e54-8dd9-e35c7ffdd8e6,,failed,[Errno 2] No such file or directory: 'ffmpeg'
d39d7c53-860d-42ec-85e5-bfdf886c7158,,failed,[Errno 2] No such file or directory: 'ffmpeg'
25dad04d-9639-467c-a7c2-68aea30772c0,,failed,[Errno 2] No such file or directory: 'ffmpeg'
055f7674-a205-49bd-83ed-973dfc78476f,,failed,[Errno 2] No such file or directory: 'ffmpeg'
ee79c9e7-f0c4-4a39-af25-56e87329f428,,failed,[Errno 2] No such file or directory: 'ffmpeg'
36480e29-ab9a-475f-ab95-4ef8c8088d7e,,failed,[Errno 2] No such file or directory: 'ffmpeg'
4b14d6f5-ffe5-4ff3-8bc8-ccf419f8c139,,failed,[Errno 2] No such file or directory: 'ffmpeg'
26409ead-6c58-4cba-8060-6141012ce369,,failed,[Errno 2] No such file or directory: 'ffmpeg'
666ee2f5-925f-450b-904f-a86833d5b3b8,,failed,[Errno 2] No such file or directory: 'ffmpeg'
0ee25462-1a11-4405-b1ad-fa9f8bf6cb86,,failed,[Errno 2] No such file or directory: 'ffmpeg'
21f96a8d-1a75-404f-990e-a864fd03199b,,failed,[Errno 2] No such file or directory: 'ffmpeg'
420f5fcd-dc3e-423a-aae3-6200d7d8258d,,failed,[Errno 2] No such file or directory: 'ffmpeg'
d8aee1e3-4574-43e8-afad-58a84e964e75,,failed,[Errno 2] No such file or directory: 'ffmpeg'
36e0228c-a1dd-4db8-9832-c8f77008f37d,,failed,[Errno 2] No such file or directory: 'ffmpeg'
dd3a4c59-64bd-4175-8afe-246acf2e1302,,failed,[Errno 2] No such file or directory: 'ffmpeg'
f7359f8b-6076-4fe9-a971-11640fe30cc4,,failed,[Errno 2] No such file or directory: 'ffmpeg'
02db01b5-db28-4e85-9704-af14fe8818f8,,failed,[Errno 2] No such file or directory: 'ffmpeg'
20c21626-15ef-4cc3-a2e2-7001da0cb0ba,,failed,[Errno 2] No such file or directory: 'ffmpeg'
6577dc86-0a2a-4fb4-9095-e6edfb7c5780,,failed,[Errno 2] No such file or directory: 'ffmpeg'
05c1b6c2-25e3-4bf1-a6d3-312088ec16b8,,failed,[Errno 2] No such file or directory: 'ffmpeg'
95da699d-5d87-4485-ba71-ded3e2efcdc1,,failed,[Errno 2] No such file or directory: 'ffmpeg'
ff7f5b92-d5f4-4a27-8bab-68cce16d8f16,,failed,[Errno 2] No such file or directory: 'ffmpeg'
018d1a0a-5eee-4619-a51c-f18cf447f41b,,failed,[Errno 2] No such file or directory: 'ffmpeg'
e00bbfa4-ef04-41c4-be63-1447c1368072,,failed,[Errno 2] No such file or directory: 'ffmpeg'
eef0bf11-6164-4687-b20f-b4ee36fbe31d,,failed,[Errno 2] No such file or directory: 'ffmpeg'
a49a41e4-90a0-4052-a480-7fbb6d96f469,,failed,[Errno 2] No such file or directory: 'ffmpeg'
95838d85-d9c7-46d6-a840-53ceef346187,,failed,[Errno 2] No such file or directory: 'ffmpeg'
a744feb0-c257-4f80-b7d5-3026a80b19e0,,failed,[Errno 2] No such file or directory: 'ffmpeg'
7164bffe-ea02-4c95-b5fb-279cb0c5b287,,failed,[Errno 2] No such file or directory: 'ffmpeg'
c1b0f035-4259-4e07-8742-ac303eb0b415,,failed,[Errno 2] No such file or directory: 'ffmpeg'
631cc34b-cf86-457c-bd1c-5b9413f32ebb,,failed,[Errno 2] No such file or directory: 'ffmpeg'
e04cf82a-cb46-474c-872c-63379ac5e49f,,failed,[Errno 2] No such file or directory: 'ffmpeg'
b1a3356e-0c05-4c41-bb9e-8ee6b1848e6a,,failed,[Errno 2] No such file or directory: 'ffmpeg'
a6cde695-d12e-4d89-9b22-d6bce2e31d3b,,failed,[Errno 2] No such file or directory: 'ffmpeg'
8d68c5d3-029d-4e61-98c1-04433335d98a,,failed,[Errno 2] No such file or directory: 'ffmpeg'
456c7721-a615-4a58-baf8-2dad811aeab9,,failed,[Errno 2] No such file or directory: 'ffmpeg'
c05750b5-9f2c-45cf-8e41-2124d18abf76,,failed,[Errno 2] No such file or directory: 'ffmpeg'
d212ef3f-13fd-42d6-9e5c-29664495b224,,failed,[Errno 2] No such file or directory: 'ffmpeg'
7a7eb750-f594-47f4-aa0a-a8c17da36dc0,,failed,[Errno 2] No such file or directory: 'ffmpeg'
7ca936b0-7ad0-40ca-8ae5-d6441b075f96,,failed,[Errno 2] No such file or directory: 'ffmpeg'
436281b6-ddc1-4c75-975a-0926bb0c0f95,,failed,[Errno 2] No such file or directory: 'ffmpeg'
e546ea1c-8432-4ee2-803b-fb1141b0a60a,,failed,[Errno 2] No such file or directory: 'ffmpeg'
5266e5e8-90d1-4247-a993-47bd4ff392fa,,failed,[Errno 2] No such file or directory: 'ffmpeg'
2cb25d1b-d6d9-4826-b801-f05863dbffe3,,failed,[Errno 2] No such file or directory: 'ffmpeg'
a7c4398e-63b6-4798-8365-afdc986983cc,,failed,[Errno 2] No such file or directory: 'ffmpeg'
4246acfb-9fdd-4676-a3ae-9ca4ed6ec02d,,failed,[Errno 2] No such file or directory: 'ffmpeg'
71b088d6-5d56-43f3-bf7c-b64b4966898e,,failed,[Errno 2] No such file or directory: 'ffmpeg'
a814dd48-ae72-45ce-9bed-4a703bd19002,,failed,[Errno 2] No such file or directory: 'ffmpeg'
dce81e0b-133f-4f09-94fe-2bd14612effd,,failed,[Errno 2] No such file or directory: 'ffmpeg'
c425e30e-5602-47b5-9a9b-d2f730c2ac4e,,failed,[Errno 2] No such file or directory: 'ffmpeg'
9d31f8c4-32bb-4a5d-9590-8954bb13e444,,failed,[Errno 2] No such file or directory: 'ffmpeg'
ac3c2960-1085-49f5-89a7-5034389d9dc3,,failed,[Errno 2] No such file or directory: 'ffmpeg'
29fd1f19-2c81-4d33-ae44-4ac6a62f642d,,failed,[Errno 2] No such file or directory: 'ffmpeg'
35254342-6702-423f-9188-c8aa695f92c5,,failed,[Errno 2] No such file or directory: 'ffmpeg'
7ec91edc-ef38-4e0c-9727-4b53f6f7d5df,,failed,[Errno 2] No such file or directory: 'ffmpeg'
1178b149-9aac-4f1f-831a-ec4d8d52bd5a,,failed,[Errno 2] No such file or directory: 'ffmpeg'
cd3d273f-dd27-4154-b9ff-ae05f5db5d8b,,failed,[Errno 2] No such file or directory: 'ffmpeg'
2637cc46-d561-4c0d-b803-2b542f09cf03,,failed,[Errno 2] No such file or directory: 'ffmpeg'
6fcd1ec7-a336-4715-b185-8400d4561ee8,,failed,[Errno 2] No such file or directory: 'ffmpeg'
9da85feb-895f-4403-ab83-5bf420bddc75,,failed,[Errno 2] No such file or directory: 'ffmpeg'
84ec1ceb-4b28-4906-8d8b-2e7af580039f,,failed,[Errno 2] No such file or directory: 'ffmpeg'
ce8a5c10-95e1-45cd-9912-d00366b577a1,,failed,[Errno 2] No such file or directory: 'ffmpeg'
38510480-05ea-4a1d-852b-33e23735e5fe,,failed,[Errno 2] No such file or directory: 'ffmpeg'
ca386a30-739c-4339-a41d-4539383e5cd6,,failed,[Errno 2] No such file or directory: 'ffmpeg'
fe02c149-68bf-44de-9533-a04664314ad1,,failed,[Errno 2] No such file or directory: 'ffmpeg'
99cb431e-e147-43eb-9f25-4fea003c27fc,,failed,[Errno 2] No such file or directory: 'ffmpeg'
cd15052b-7139-420f-bc79-35151f5ffd83,,failed,[Errno 2] No such file or directory: 'ffmpeg'
7493f0f8-31fd-42a6-b84b-b8e93ebc0fc8,,failed,[Errno 2] No such file or directory: 'ffmpeg'
0f85fac5-06e1-4e8d-a41c-bc31bc7701db,,failed,[Errno 2] No such file or directory: 'ffmpeg'
87dc9425-f6e3-418e-91fb-f32ae062d81d,,failed,[Errno 2] No such file or directory: 'ffmpeg'
fcc6bcf6-8ce2-453b-93b4-ac60bc23086c,,failed,[Errno 2] No such file or directory: 'ffmpeg'
6e5b2cf4-cb4e-47bc-a35d-19f0336be5ed,,failed,[Errno 2] No such file or directory: 'ffmpeg'
51886a84-964e-4a97-8dc2-f2b354906251,,failed,[Errno 2] No such file or directory: 'ffmpeg'
17a9fbe7-010a-4d46-aefb-da1b55961498,,failed,[Errno 2] No such file or directory: 'ffmpeg'
9dbe3efa-40b0-4e58-a8a4-f0a6fa256bb9,,failed,[Errno 2] No such file or directory: 'ffmpeg'
4312dcb0-cbd9-4df8-9949-9445e92acf8e,,failed,[Errno 2] No such file or directory: 'ffmpeg'
5d0aebf5-7566-4771-939b-0491863c1de5,,failed,[Errno 2] No such file or directory: 'ffmpeg'
eb7b53eb-156f-451e-bc60-2e98665ee452,,failed,[Errno 2] No such file or directory: 'ffmpeg'
a58709dd-f25e-4ae2-b98a-a41689d7b567,,failed,[Errno 2] No such file or directory: 'ffmpeg'
e6dea5b0-f30a-452c-b963-cf8d091d889d,,failed,[Errno 2] No such file or directory: 'ffmpeg'
17bfd757-ad41-4d32-bf92-0b1964c3e3b6,,failed,[Errno 2] No such file or directory: 'ffmpeg'
28e5bb49-be03-4aae-acac-f73bb5dfed1a,,failed,[Errno 2] No such file or directory: 'ffmpeg'
99ff3a5f-0463-4f44-b556-d6ff8ae4b4ee,,failed,[Errno 2] No such file or directory: 'ffmpeg'
1aac7657-be9e-42a8-9ccd-4bf361ddc86d,,failed,[Errno 2] No such file or directory: 'ffmpeg'
ea3b1751-21d0-4954-9bf0-a373a247d3f5,,failed,[Errno 2] No such file or directory: 'ffmpeg'
fe528fac-a72e-4e97-b966-85618b20811a,,failed,[Errno 2] No such file or directory: 'ffmpeg'
0d12d7d3-fa11-4a17-9740-ff643730c3e6,,failed,[Errno 2] No such file or directory: 'ffmpeg'
f561e74e-fb52-4557-9df4-331489845e9e,,failed,[Errno 2] No such file or directory: 'ffmpeg'
1acd9f25-9f08-4142-a38e-c02dc28f85c8,,failed,[Errno 2] No such file or directory: 'ffmpeg'
384c4540-47ae-47ff-8e16-78a4d60baaaf,,failed,[Errno 2] No such file or directory: 'ffmpeg'
bfa0d8dd-2a06-4496-9d6a-d73f375be4b5,,failed,[Errno 2] No such file or directory: 'ffmpeg'
ec486ff8-2ce3-4995-b4eb-2a4e6db11e40,,failed,[Errno 2] No such file or directory: 'ffmpeg'
598f34c0-f9cf-4b85-a402-920032cc9e96,,failed,[Errno 2] No such file or directory: 'ffmpeg'
814ffde6-43ba-41f6-a519-6079f07af144,,failed,[Errno 2] No such file or directory: 'ffmpeg'
e6fb9f5c-a0a5-4449-bce8-0b6390c9e69f,,failed,[Errno 2] No such file or directory: 'ffmpeg'
743693dc-2d11-4702-b851-37836ab8f1c0,,failed,[Errno 2] No such file or directory: 'ffmpeg'
9fd69684-0148-4147-a587-1bcd5d5c597e,,failed,[Errno 2] No such file or directory: 'ffmpeg'
f6b0a60e-1e14-41d0-9e8d-c2adba633b64,,failed,[Errno 2] No such file or directory: 'ffmpeg'
631b4667-2ac4-4910-b011-444ce5a4c347,,failed,[Errno 2] No such file or directory: 'ffmpeg'
e4afa8dd-913f-47d1-8d2b-6627a540cadb,,failed,[Errno 2] No such file or directory: 'ffmpeg'
58570643-d8ce-47ff-a1de-373dc7995acc,,failed,[Errno 2] No such file or directory: 'ffmpeg'
8d3b995c-1f37-40d9-96c7-6a3dfa96c881,,failed,[Errno 2] No such file or directory: 'ffmpeg'
c51e9e56-dbbc-4da7-9012-72d287fe5293,,failed,[Errno 2] No such file or directory: 'ffmpeg'
b6c6cf5e-b508-457a-8996-43a2d1141b80,,failed,[Errno 2] No such file or directory: 'ffmpeg'
00623b04-3534-42ce-b4eb-cbb0d25d0e72,,failed,[Errno 2] No such file or directory: 'ffmpeg'
ff7ac178-5c87-467d-ac93-cb76f3b88c30,,failed,[Errno 2] No such file or directory: 'ffmpeg'
0710a735-0817-4c2d-a493-8a542c64fc52,,failed,[Errno 2] No such file or directory: 'ffmpeg'
87422202-5af0-4725-9a1f-d20205f029a8,,failed,[Errno 2] No such file or directory: 'ffmpeg'
4bed7ce5-6a27-42b4-ac05-16460a242200,,failed,[Errno 2] No such file or directory: 'ffmpeg'
4c071de9-6484-45db-b779-dba3d8f4d1be,,failed,[Errno 2] No such file or directory: 'ffmpeg'
6659598f-0e36-460a-8b26-d524a7fa37b9,,failed,[Errno 2] No such file or directory: 'ffmpeg'
2e1513ca-33e0-4e55-aeeb-52401f12eab2,,failed,[Errno 2] No such file or directory: 'ffmpeg'
f91de1eb-9107-4ee9-8a54-a6155a364bc0,,failed,[Errno 2] No such file or directory: 'ffmpeg'
8aaf4335-8bb0-4b45-8991-c4cddf3e6bcc,,failed,[Errno 2] No such file or directory: 'ffmpeg'
d9448032-2156-40f7-8e08-38ef8b02f0ec,,failed,[Errno 2] No such file or directory: 'ffmpeg'
2250f9ab-3a0d-45ac-850b-064eadd9dfdc,,failed,[Errno 2] No such file or directory: 'ffmpeg'
8cbb037a-f9bc-433e-ae16-e521dcc30812,,failed,[Errno 2] No such file or directory: 'ffmpeg'
63f029f5-574d-4059-817e-c7e9bcbc45b1,,failed,[Errno 2] No such file or directory: 'ffmpeg'
8803b87e-be0f-4b24-a43a-1696943441af,,failed,[Errno 2] No such file or directory: 'ffmpeg'
431a2234-aff2-436e-81f1-0ddf2d73f9a5,,failed,[Errno 2] No such file or directory: 'ffmpeg'
8482018b-bd4e-442e-9a05-a5730f485ec5,,failed,[Errno 2] No such file or directory: 'ffmpeg'
71d96b7a-f37e-40e5-b765-5145deb88a37,,failed,[Errno 2] No such file or directory: 'ffmpeg'
f1613dbf-0625-4ddc-8104-6821288c2669,,failed,[Errno 2] No such file or directory: 'ffmpeg'
9a6b5d8b-3a31-46c5-bd79-7298d067d1b5,,failed,[Errno 2] No such file or directory: 'ffmpeg'
561fc406-2231-4835-8cd6-080416c2a722,,failed,[Errno 2] No such file or directory: 'ffmpeg'
1bcd8c50-8118-4faa-ae19-188c7e21df8b,,failed,[Errno 2] No such file or directory: 'ffmpeg'
500b6720-bf2c-4fea-897b-a51e9bdcd636,,failed,[Errno 2] No such file or directory: 'ffmpeg'
99526078-75f7-4be5-952e-30b17a6ce20b,,failed,[Errno 2] No such file or directory: 'ffmpeg'
264ff49a-0cc6-47d3-96d6-100d85124683,,failed,[Errno 2] No such file or directory: 'ffmpeg'
fc2ac978-2118-480d-a3a7-226afdc81ba1,,failed,[Errno 2] No such file or directory: 'ffmpeg'
19fc410e-e04d-4624-b2ff-fcd8abf62c94,,failed,[Errno 2] No such file or directory: 'ffmpeg'
a7fcffcd-1120-48f0-be42-7d6c7f42730a,,failed,[Errno 2] No such file or directory: 'ffmpeg'
ed8088b3-cdd5-4667-939e-c66bda624b24,,failed,[Errno 2] No such file or directory: 'ffmpeg'
dab5cc07-6b71-494d-a5df-a32d424087af,,failed,[Errno 2] No such file or directory: 'ffmpeg'
afc77e24-df1f-4149-9bb3-5c148bb811b3,,failed,[Errno 2] No such file or directory: 'ffmpeg'
56a958df-cba1-4f1d-8d3a-4f17c7fcbb1c,,failed,[Errno 2] No such file or directory: 'ffmpeg'
41437e84-b305-4b82-9e8d-7d7fb64511ce,,failed,[Errno 2] No such file or directory: 'ffmpeg'
95cc43cc-196e-4395-9a43-aa1b72794b9a,,failed,[Errno 2] No such file or directory: 'ffmpeg'
5477611c-987b-45b1-a040-3ffa78fe55c4,,failed,[Errno 2] No such file or directory: 'ffmpeg'
7e42af7a-2838-46e2-a3f3-d6d9b0f6baf9,,failed,[Errno 2] No such file or directory: 'ffmpeg'
630267fc-79a1-4c97-9b58-ca0488b75104,,failed,[Errno 2] No such file or directory: 'ffmpeg'
4ac67e99-e927-4bbc-bb25-e02d1594354f,,failed,[Errno 2] No such file or directory: 'ffmpeg'
a9de00fa-fc82-4fc6-bc45-5dfdc0eac497,,failed,[Errno 2] No such file or directory: 'ffmpeg'
ba0f97a4-b955-4c43-8530-31b549fe6f75,,failed,[Errno 2] No such file or directory: 'ffmpeg'
01748fdc-a589-4392-82f4-fdfbfa83943e,,failed,[Errno 2] No such file or directory: 'ffmpeg'
5eb0b61b-8c11-4b8d-973b-db258311f8d3,,failed,[Errno 2] No such file or directory: 'ffmpeg'
5c4b2626-9ff4-45bd-9cb6-a73ca0f33b24,,failed,[Errno 2] No such file or directory: 'ffmpeg'
37d6b18f-c22c-4872-833c-08c04cd3658d,,failed,[Errno 2] No such file or directory: 'ffmpeg'
00de554e-49b9-4dca-850b-6afba11d1d7b,,failed,[Errno 2] No such file or directory: 'ffmpeg'
e30cbe23-7e58-43c2-9942-9a43dea0e18f,,failed,[Errno 2] No such file or directory: 'ffmpeg'
2ef5a9ef-7992-42a9-8182-a86c2321d8da,,failed,[Errno 2] No such file or directory: 'ffmpeg'
3f02e890-81ca-4cee-aff3-6fcd61d21ce7,,failed,[Errno 2] No such file or directory: 'ffmpeg'
03d0e60f-7a9a-4aef-a8c2-cf9a4fd823ef,,failed,[Errno 2] No such file or directory: 'ffmpeg'
ddf11d58-ea89-4ab0-99c8-a0ddeadadb73,,failed,[Errno 2] No such file or directory: 'ffmpeg'
e780e861-c542-4ffd-baa2-6a5bf5fdc34c,,failed,[Errno 2] No such file or directory: 'ffmpeg'
f8ca7c47-3e40-4a20-b109-88a94649e4f5,,failed,[Errno 2] No such file or directory: 'ffmpeg'
8bfe0f33-4f47-4dfa-92d2-bc2dc9cb67e8,,failed,[Errno 2] No such file or directory: 'ffmpeg'
05370680-be1d-4ba9-902d-0f19e50edd13,,failed,[Errno 2] No such file or directory: 'ffmpeg'
06d5214e-4b47-4a75-b644-723ea1740434,,failed,[Errno 2] No such file or directory: 'ffmpeg'
d1a743fe-231e-4a90-888b-90e78c4cf590,,failed,[Errno 2] No such file or directory: 'ffmpeg'
6d1437b6-c2d1-4da8-9772-7a8ff9800993,,failed,[Errno 2] No such file or directory: 'ffmpeg'
82222110-db72-44ce-9f4f-e2c96d307625,,failed,[Errno 2] No such file or directory: 'ffmpeg'
70edf772-6bc2-490f-97f0-be8c2f5443f4,,failed,[Errno 2] No such file or directory: 'ffmpeg'
5bdfe76c-8a8d-449b-9887-7f0ee2f20c58,,failed,[Errno 2] No such file or directory: 'ffmpeg'
62e22513-30b5-4c73-bfaa-57177786a00a,,failed,[Errno 2] No such file or directory: 'ffmpeg'
50271df9-47ef-4186-b170-b46880bf48c6,,failed,[Errno 2] No such file or directory: 'ffmpeg'
611a12f3-9db3-4c5e-bc9a-87d006ad6b96,,failed,[Errno 2] No such file or directory: 'ffmpeg'
b8be155f-be3b-4ef8-8430-6ba03aa12973,,failed,[Errno 2] No such file or directory: 'ffmpeg'
2e128b7b-34fd-4a60-a2e2-d2e6861223fd,,failed,[Errno 2] No such file or directory: 'ffmpeg'
b7aa5f2d-19a7-48a4-b3d5-00f32586d922,,failed,[Errno 2] No such file or directory: 'ffmpeg'
ea343640-1687-4dcc-b1f9-92f1b8791d87,,failed,[Errno 2] No such file or directory: 'ffmpeg'
76ddb340-6026-4116-970a-61b73de054bc,,failed,[Errno 2] No such file or directory: 'ffmpeg'
5fd338d4-e22b-49f1-9c48-62cff369433c,,failed,[Errno 2] No such file or directory: 'ffmpeg'
6f87a64a-fed5-4f2f-b224-abc97eeb594b,,failed,[Errno 2] No such file or directory: 'ffmpeg'
cae16b31-3a6a-49ae-85c1-1cfda2a6e698,,failed,[Errno 2] No such file or directory: 'ffmpeg'
6939240a-595e-4d26-a569-6314dc33624f,,failed,[Errno 2] No such file or directory: 'ffmpeg'
98ac171b-78f8-4d7b-9623-f444e33aa21e,,failed,[Errno 2] No such file or directory: 'ffmpeg'
e565702c-ad60-4f04-a9d4-a62724bdb8a6,,failed,[Errno 2] No such file or directory: 'ffmpeg'
e67aea87-eee0-4ea5-9440-1b01613bc145,,failed,[Errno 2] No such file or directory: 'ffmpeg'
41309252-a4e2-4eb6-89fd-511f0d5d7e72,,failed,[Errno 2] No such file or directory: 'ffmpeg'
dad271ac-331a-4d32-8ce2-544b44771f93,,failed,[Errno 2] No such file or directory: 'ffmpeg'
e53a5e88-ef67-444f-ac2c-d1f0f3f9c0ee,,failed,[Errno 2] No such file or directory: 'ffmpeg'
5f4de185-2b2b-4cbb-93a8-2e37fc8f3cf8,,failed,[Errno 2] No such file or directory: 'ffmpeg'
96489ccf-0ee3-42ab-912f-6e77059ffcf4,,failed,[Errno 2] No such file or directory: 'ffmpeg'
9cdbf9ff-c3ff-47a7-a055-a0e95eb01478,,failed,[Errno 2] No such file or directory: 'ffmpeg'
36ca023b-c88b-4423-9ecd-dc6baf89678f,,failed,[Errno 2] No such file or directory: 'ffmpeg'
e888a5a7-228d-44e3-bf46-799b73acb112,,failed,[Errno 2] No such file or directory: 'ffmpeg'
de8761d2-a89d-4ed8-82f0-dea316fd15e6,,failed,[Errno 2] No such file or directory: 'ffmpeg'
80f78116-66fc-449f-b174-19ef0051c68f,,failed,[Errno 2] No such file or directory: 'ffmpeg'
b3568ddb-f74e-4eab-8e74-4b3daff774f4,,failed,[Errno 2] No such file or directory: 'ffmpeg'
4219bcea-dbf8-4c09-8ff2-d34a37ddba3b,,failed,[Errno 2] No such file or directory: 'ffmpeg'
713a83f7-4c45-4991-b855-8c36fbaef5f5,,failed,[Errno 2] No such file or directory: 'ffmpeg'
83d96e02-ed01-4d2a-90c6-9b1081d517f0,,failed,[Errno 2] No such file or directory: 'ffmpeg'
dd81829e-5a84-4b29-9e37-5a5e66b58dfd,,failed,[Errno 2] No such file or directory: 'ffmpeg'
b8ee4d00-6fb9-4ac2-8664-cb1ce4182cd9,,failed,[Errno 2] No such file or directory: 'ffmpeg'
1839fc5f-9441-440c-a1d1-89e4d04804a6,,failed,[Errno 2] No such file or directory: 'ffmpeg'
04cb0ae2-3968-440e-8e19-9e2f009fffaa,,failed,[Errno 2] No such file or directory: 'ffmpeg'
a772137a-cad8-42d6-8ca3-42d255d06da1,,failed,[Errno 2] No such file or directory: 'ffmpeg'
c15b70c4-0644-4411-b541-f81137c79e7b,,failed,[Errno 2] No such file or directory: 'ffmpeg'
53d79155-cc4a-4bca-83ff-a2e6f6e8a614,,failed,[Errno 2] No such file or directory: 'ffmpeg'
27db56ed-4731-4de5-a53e-6861be891f61,,failed,[Errno 2] No such file or directory: 'ffmpeg'
47279f43-c1e5-4c85-95b1-faee71d93307,,failed,[Errno 2] No such file or directory: 'ffmpeg'
ad12586b-4ea0-4a75-a74d-d0fc724e1734,,failed,[Errno 2] No such file or directory: 'ffmpeg'
759df659-51ea-4780-b93d-812c79a16a46,,failed,[Errno 2] No such file or directory: 'ffmpeg'
43a2af9b-d8c5-4fb3-8769-a0449a0e9585,,failed,[Errno 2] No such file or directory: 'ffmpeg'
89fea37b-fc30-4a94-a3c5-1eaef271da63,,failed,[Errno 2] No such file or directory: 'ffmpeg'
21873c0f-53da-4d4b-ad09-5c54fd7bbfbb,,failed,[Errno 2] No such file or directory: 'ffmpeg'
2a1591f6-85b7-4a0d-a2f2-cc21574a30ec,,failed,[Errno 2] No such file or directory: 'ffmpeg'
08631661-3700-418d-bf59-2f86ab85ea83,,failed,[Errno 2] No such file or directory: 'ffmpeg'
2fa87fcc-fad5-4a6a-b22d-097dffc9c519,,failed,[Errno 2] No such file or directory: 'ffmpeg'
d2f83b26-241b-4b03-ba25-e0614fbb387a,,failed,[Errno 2] No such file or directory: 'ffmpeg'
54fc5dfe-422f-4269-8bb6-d405ea663c7c,,failed,[Errno 2] No such file or directory: 'ffmpeg'
ead2f889-5045-42ee-b98f-22c5592647b7,,failed,[Errno 2] No such file or directory: 'ffmpeg'
b09bcd66-3d3d-466b-8392-eb26540939c3,,failed,[Errno 2] No such file or directory: 'ffmpeg'
41387096-f40e-4b1c-ae2a-99ed8493c624,,failed,[Errno 2] No such file or directory: 'ffmpeg'
73ec25be-f6cb-4b90-99dc-d1cf86b87bf4,,failed,[Errno 2] No such file or directory: 'ffmpeg'
c8a30e3e-3644-468a-8ed2-278ea1fb0e2e,,failed,[Errno 2] No such file or directory: 'ffmpeg'
35c4e41c-d1c6-4550-897d-44e7c960d52d,,failed,[Errno 2] No such file or directory: 'ffmpeg'
f1b0c2db-41b7-4e94-be96-684354dece34,,failed,[Errno 2] No such file or directory: 'ffmpeg'
853735c2-008a-4abc-96c5-7117e5c5a76c,,failed,[Errno 2] No such file or directory: 'ffmpeg'
1f1f8ef5-bf7f-43e1-bd2a-c365ac51655a,,failed,[Errno 2] No such file or directory: 'ffmpeg'
c86911fb-3676-459d-931e-15be3faec2a1,,failed,[Errno 2] No such file or directory: 'ffmpeg'
7c27a698-9a4b-4045-bc91-d24c34e98ba5,,failed,[Errno 2] No such file or directory: 'ffmpeg'
5ec40bdd-41bd-4a78-9f8d-25717590cea8,,failed,[Errno 2] No such file or directory: 'ffmpeg'
35219ae7-6344-497f-ae5f-6ef1c4fea4af,,failed,[Errno 2] No such file or directory: 'ffmpeg'
72f2c6f0-dc6e-43c6-a4b8-c0cd6ef37f7e,,failed,[Errno 2] No such file or directory: 'ffmpeg'
857c34c5-c912-4356-bda4-202df3339481,,failed,[Errno 2] No such file or directory: 'ffmpeg'
26ade506-71f1-41d0-86ab-04637aef9c75,,failed,[Errno 2] No such file or directory: 'ffmpeg'
f431b0f9-9d96-432f-b401-b1ca2aaff169,,failed,[Errno 2] No such file or directory: 'ffmpeg'
01bf8fb3-a12d-4ead-ac7b-7c7baed9c941,,failed,[Errno 2] No such file or directory: 'ffmpeg'
ff473df4-290d-4ec3-9323-8a269d893f97,,failed,[Errno 2] No such file or directory: 'ffmpeg'
3bc572a3-edcd-462d-a754-a2eb999f9fdd,,failed,[Errno 2] No such file or directory: 'ffmpeg'
88f236e4-f68b-4e8e-b020-55d5fe536f2d,,failed,[Errno 2] No such file or directory: 'ffmpeg'
4fdbc519-142e-4b81-a03d-8bb76df08d5b,,failed,[Errno 2] No such file or directory: 'ffmpeg'
e5598c13-6671-4cf2-852a-552595c8f3be,,failed,[Errno 2] No such file or directory: 'ffmpeg'
d0cbf75a-874e-459a-b9d3-35797328c4bd,,failed,[Errno 2] No such file or directory: 'ffmpeg'
a77afd17-6d8c-4421-ac4d-b2a6caf98ef5,,failed,[Errno 2] No such file or directory: 'ffmpeg'
582bd386-2902-43bf-8e32-e3a2393931a4,,failed,[Errno 2] No such file or directory: 'ffmpeg'
49ae586c-494c-43f4-8d51-971ef81bd4a1,,failed,[Errno 2] No such file or directory: 'ffmpeg'
193fb25f-4279-4fcf-8af2-dba312f2983d,,failed,[Errno 2] No such file or directory: 'ffmpeg'
1a60463e-f894-49e3-b3ec-0bdba7b1ccaf,,failed,[Errno 2] No such file or directory: 'ffmpeg'
99507696-f9b8-4f84-a2e5-d8871cb372b6,,failed,[Errno 2] No such file or directory: 'ffmpeg'
d3eac553-3d65-4735-9a5d-2064340ac260,,failed,[Errno 2] No such file or directory: 'ffmpeg'
672a03d8-73b3-4a64-ad5f-f0b3c0f0a262,,failed,[Errno 2] No such file or directory: 'ffmpeg'
6eecc0b1-18e9-421d-8fd4-625be7b79197,,failed,[Errno 2] No such file or directory: 'ffmpeg'
8c7f3283-b0fc-4ef4-a012-4cbc41f09b6f,,failed,[Errno 2] No such file or directory: 'ffmpeg'
db5e34f8-189e-4eaa-a0ba-489ff3624d0a,,failed,[Errno 2] No such file or directory: 'ffmpeg'
d4dd6bcb-7c00-487b-99c8-fb1e09a70770,,failed,[Errno 2] No such file or directory: 'ffmpeg'
7dedf56c-7663-4a19-8c3f-120cf97a0bed,,failed,[Errno 2] No such file or directory: 'ffmpeg'
989e8068-e15f-46e2-b43b-4c2f86018f3f,,failed,[Errno 2] No such file or directory: 'ffmpeg'
02f6afc7-a3db-4eb7-a9b4-028d9b69fb81,,failed,[Errno 2] No such file or directory: 'ffmpeg'
7442ec3d-c888-42e2-9dc0-d35b5d29e8a1,,failed,[Errno 2] No such file or directory: 'ffmpeg'
02a523a4-e938-453c-a8a4-79307fee681f,,failed,[Errno 2] No such file or directory: 'ffmpeg'
9bdef28c-07d4-4274-a391-0c2ba46c5aa3,,failed,[Errno 2] No such file or directory: 'ffmpeg'
aa9a72f5-7c31-420a-bb52-7d5d69824d7d,,failed,[Errno 2] No such file or directory: 'ffmpeg'
e0be2ab9-c531-4363-b532-2b76feb620e0,,failed,[Errno 2] No such file or directory: 'ffmpeg'
c117eaad-b2ea-4c9d-933c-c0a07bc15a08,,failed,[Errno 2] No such file or directory: 'ffmpeg'
72c9a39e-2010-4e69-a041-d33c88c9ba50,,failed,[Errno 2] No such file or directory: 'ffmpeg'
c71e9d59-3e5a-4996-9298-b57945b2728c,,failed,[Errno 2] No such file or directory: 'ffmpeg'
bfe21831-fcfd-4512-949b-87ed1c5331c6,,failed,[Errno 2] No such file or directory: 'ffmpeg'
958b58f4-3b79-40a1-b08a-041037186330,,failed,[Errno 2] No such file or directory: 'ffmpeg'
c3113847-efed-4efe-a024-42f2d7b9ee7d,,failed,[Errno 2] No such file or directory: 'ffmpeg'
dcb72477-9840-4905-bec0-369e5ed59977,,failed,[Errno 2] No such file or directory: 'ffmpeg'
52dab822-91d7-46f4-842f-3febdb94f684,,failed,[Errno 2] No such file or directory: 'ffmpeg'
92f46ac6-e1c5-4560-ab87-8d31222acf2f,,failed,[Errno 2] No such file or directory: 'ffmpeg'
a594a6d1-b289-44ff-aee8-d84dd7a213c7,,failed,[Errno 2] No such file or directory: 'ffmpeg'
fc99393c-c3fc-4672-b31a-ce0faf438ea2,,failed,[Errno 2] No such file or directory: 'ffmpeg'
804027d4-96e0-40c3-837f-ba196beb7585,,failed,[Errno 2] No such file or directory: 'ffmpeg'
e53f0e40-5c1e-4771-ac7f-bbaf4a0b766a,,failed,[Errno 2] No such file or directory: 'ffmpeg'
3df43e2e-9deb-4b30-be26-9af58ff3cc8b,,failed,[Errno 2] No such file or directory: 'ffmpeg'
e53c771f-bbf3-41c9-aadd-fe4c28168acd,,failed,[Errno 2] No such file or directory: 'ffmpeg'
5c25fd5c-8bf5-4d6b-b71c-454c035fb233,,failed,[Errno 2] No such file or directory: 'ffmpeg'
9a13a0c1-def5-46ce-8ce8-6331e39a99f9,,failed,[Errno 2] No such file or directory: 'ffmpeg'
4aa9018e-212e-49d3-a554-a05afd007d50,,failed,[Errno 2] No such file or directory: 'ffmpeg'
53e7bc0b-e00d-45d2-b828-d5dc07c2bbf5,,failed,[Errno 2] No such file or directory: 'ffmpeg'
b4b7160c-5cb7-40ce-b445-06241d7bd1d5,,failed,[Errno 2] No such file or directory: 'ffmpeg'
8bf9e246-0cdc-4db4-a3c2-2eab5a1b7c58,,failed,[Errno 2] No such file or directory: 'ffmpeg'
1cc123a4-ae13-4fac-a240-629d7318e205,,failed,[Errno 2] No such file or directory: 'ffmpeg'
34382c69-69b8-437b-a61e-c9eefe95d055,,failed,[Errno 2] No such file or directory: 'ffmpeg'
6e6afdd8-9602-4d60-908f-83081e5dd53f,,failed,[Errno 2] No such file or directory: 'ffmpeg'
921130d8-c802-4538-a810-333fbec059da,,failed,[Errno 2] No such file or directory: 'ffmpeg'
27478067-a75f-44ac-9087-859522921dbd,,failed,[Errno 2] No such file or directory: 'ffmpeg'
4196deed-8df9-47e1-9027-1544719f450b,,failed,[Errno 2] No such file or directory: 'ffmpeg'
f3019091-0107-47ff-b6f2-99cb0db67173,,failed,[Errno 2] No such file or directory: 'ffmpeg'
ec54017a-9922-47af-b285-4fbb9efa6212,,failed,[Errno 2] No such file or directory: 'ffmpeg'
1f993472-1bf5-447a-b548-59f3b330a8f8,,failed,[Errno 2] No such file or directory: 'ffmpeg'
10050581-46de-45b2-b0bd-378d0a70a24b,,failed,[Errno 2] No such file or directory: 'ffmpeg'
88f396bd-3275-43ad-b946-59d7f7bc7065,,failed,[Errno 2] No such file or directory: 'ffmpeg'
39b1ea7c-a60c-4802-9c32-7a574f588122,,failed,[Errno 2] No such file or directory: 'ffmpeg'
8d47705f-f2a8-483c-8ce6-b4e9412e029f,,failed,[Errno 2] No such file or directory: 'ffmpeg'
fa03c9e8-4a62-4848-9fd7-212c1b4d5695,,failed,[Errno 2] No such file or directory: 'ffmpeg'
26fc3dfa-2932-4fe3-b9ed-0814b13cf9b2,,failed,[Errno 2] No such file or directory: 'ffmpeg'
45371e15-3c15-4ac7-ac88-67398722b5a0,,failed,[Errno 2] No such file or directory: 'ffmpeg'
366b7844-3c7e-4318-b736-ca3198588741,,failed,[Errno 2] No such file or directory: 'ffmpeg'
c8a98cdd-ff25-4efa-a18a-5319cffd19e8,,failed,[Errno 2] No such file or directory: 'ffmpeg'
bda11eae-2486-449f-8083-e17d1d19f049,,failed,[Errno 2] No such file or directory: 'ffmpeg'
ca4515cb-0538-4656-a791-01b1356e4b26,,failed,[Errno 2] No such file or directory: 'ffmpeg'
6cbceb27-1050-4a40-ba81-999b0e832aae,,failed,[Errno 2] No such file or directory: 'ffmpeg'
142d33c4-ac31-43b9-af81-fe658a81f868,,failed,[Errno 2] No such file or directory: 'ffmpeg'
2451e82b-f687-46aa-bc61-d4ce9af5e490,,failed,[Errno 2] No such file or directory: 'ffmpeg'
37434a1f-ce7e-472f-a7a6-2c69410a7311,,failed,[Errno 2] No such file or directory: 'ffmpeg'
edf2ce89-ea90-4b32-9cdd-f7b05c5eed96,,failed,[Errno 2] No such file or directory: 'ffmpeg'
a1b7af3f-3aab-4045-821a-3bac8f78aeb1,,failed,[Errno 2] No such file or directory: 'ffmpeg'
82aa6a6f-cafc-4d9a-ab8d-e7e64a0cbbe1,,failed,[Errno 2] No such file or directory: 'ffmpeg'
d6ef1e9f-8eae-4e2f-97de-a3d203916470,,failed,[Errno 2] No such file or directory: 'ffmpeg'
c0ed58c1-b94b-4ae2-9733-6dcbf811115a,,failed,[Errno 2] No such file or directory: 'ffmpeg'
4a3959ad-d8fd-489b-8267-190d11d871e5,,failed,[Errno 2] No such file or directory: 'ffmpeg'
74e9ea7f-94ed-4f86-b36f-1143e500577b,,failed,[Errno 2] No such file or directory: 'ffmpeg'
8b25079d-3d96-4c93-a188-4de6a2bf15c1,,failed,[Errno 2] No such file or directory: 'ffmpeg'
b844310c-a453-4cd4-a470-a6ee84951523,,failed,[Errno 2] No such file or directory: 'ffmpeg'
40bcf1b7-69e6-4933-9b9f-45e61a629279,,failed,[Errno 2] No such file or directory: 'ffmpeg'
3e26be6a-5c98-4e69-9f2f-efecef7f396c,,failed,[Errno 2] No such file or directory: 'ffmpeg'
93037857-ee46-462b-aaaa-06f0e95fb406,,failed,[Errno 2] No such file or directory: 'ffmpeg'
c2912818-dad3-48ab-800c-0768d174d393,,failed,[Errno 2] No such file or directory: 'ffmpeg'
ca5ebaed-5e64-4168-83b0-fbb2b4549916,,failed,[Errno 2] No such file or directory: 'ffmpeg'
9815e746-acc0-4643-94c4-589d29a32eb6,,failed,[Errno 2] No such file or directory: 'ffmpeg'
c28f0c38-2e98-4746-a87e-615028089a55,,failed,[Errno 2] No such file or directory: 'ffmpeg'
42e2a59b-e07b-40ba-b532-841d5a76157c,,failed,[Errno 2] No such file or directory: 'ffmpeg'
21f1c04b-9197-47d5-8da1-3ae29d30248e,,failed,[Errno 2] No such file or directory: 'ffmpeg'
3f0a1dc1-0726-4690-aab4-d8c735ed9593,,failed,[Errno 2] No such file or directory: 'ffmpeg'
74187428-9995-4cf9-8654-ea8f2e6635d7,,failed,[Errno 2] No such file or directory: 'ffmpeg'
4cc007dd-08d5-4424-a0c5-e3503bf7ed7f,,failed,[Errno 2] No such file or directory: 'ffmpeg'
b2b39604-626d-4b07-a917-6ab7bdcac8f0,,failed,[Errno 2] No such file or directory: 'ffmpeg'
6a440671-d67c-4c78-9792-cfa2a0f6df24,,failed,[Errno 2] No such file or directory: 'ffmpeg'
79d63ee0-02a4-4a01-b66e-30d1ae8b6511,,failed,[Errno 2] No such file or directory: 'ffmpeg'
6c3188b6-b046-4117-b566-07125815f1ac,,failed,[Errno 2] No such file or directory: 'ffmpeg'
8e796da9-fe7e-4a0a-948d-8b1f79c4651d,,failed,[Errno 2] No such file or directory: 'ffmpeg'
2cab3ac6-be63-453d-90fe-026bd86db752,,failed,[Errno 2] No such file or directory: 'ffmpeg'
5986044b-db3e-4da5-8fb0-5815c20c5e93,,failed,[Errno 2] No such file or directory: 'ffmpeg'
c2a57077-efe0-47a1-8caa-de578283e649,,failed,[Errno 2] No such file or directory: 'ffmpeg'
ff4d25a4-ce4d-4a49-85fe-6737e5eed1ba,,failed,[Errno 2] No such file or directory: 'ffmpeg'
5da60503-d834-4a62-88bd-7c236f5675d6,,failed,[Errno 2] No such file or directory: 'ffmpeg'
345e5d0a-8b08-4764-801c-5e5c25d8b78d,,failed,[Errno 2] No such file or directory: 'ffmpeg'
ece192e8-288f-4b60-932d-57391b498e36,,failed,[Errno 2] No such file or directory: 'ffmpeg'
8dfb6e6b-e220-43cc-b6af-9abd900caa61,,failed,[Errno 2] No such file or directory: 'ffmpeg'
26e5163a-45c3-4ec8-a396-29b4e48f97a4,,failed,[Errno 2] No such file or directory: 'ffmpeg'
b371c546-eeb0-4ab3-b0a0-593f59348335,,failed,[Errno 2] No such file or directory: 'ffmpeg'
e74f0491-b1f2-46b7-92ea-721156a620fd,,failed,[Errno 2] No such file or directory: 'ffmpeg'
5b540cc0-d7ba-4d99-8e49-0879269850cb,,failed,[Errno 2] No such file or directory: 'ffmpeg'
d06cc922-f57b-4570-bebf-ed6040642994,,failed,[Errno 2] No such file or directory: 'ffmpeg'
0f808125-e09c-4d5d-9fc1-e8f09385ff47,,failed,[Errno 2] No such file or directory: 'ffmpeg'
c7cd37a6-a08d-4452-a8ea-ca44cf9da680,,failed,[Errno 2] No such file or directory: 'ffmpeg'
6811dff1-9bc7-4d6f-85d4-303a6c1b5d37,,failed,[Errno 2] No such file or directory: 'ffmpeg'
782310cc-3c00-4b8c-a19e-0f94dda1ac79,,failed,[Errno 2] No such file or directory: 'ffmpeg'
2ec4edb2-9791-4755-976f-c8ede7696156,,failed,[Errno 2] No such file or directory: 'ffmpeg'
23c7fd62-9e29-42d3-83da-bd56eb0aa2e7,,failed,[Errno 2] No such file or directory: 'ffmpeg'
e5b38a1b-0559-4d10-b176-102fe81b2416,,failed,[Errno 2] No such file or directory: 'ffmpeg'
69a2e784-e545-4a31-a96f-d6e64d247331,,failed,[Errno 2] No such file or directory: 'ffmpeg'
733ac11b-13fa-4e6d-8643-e20fe95685fd,,failed,[Errno 2] No such file or directory: 'ffmpeg'
12b95f13-8cdf-4746-9190-8d403c35f9c4,,failed,[Errno 2] No such file or directory: 'ffmpeg'
81061cef-b6f2-4f2c-a3e9-d6baf0ac50d0,,failed,[Errno 2] No such file or directory: 'ffmpeg'
cfe876e8-5954-47e8-9c6e-cc3d3ca496a9,,failed,[Errno 2] No such file or directory: 'ffmpeg'
e5cf8b94-bd73-4d58-9eeb-4e46adf3bdcb,,failed,[Errno 2] No such file or directory: 'ffmpeg'
bd4b8967-192f-45f8-935e-c08dee26c082,,failed,[Errno 2] No such file or directory: 'ffmpeg'
482529c5-ac2b-4f2c-a0eb-007d50677952,,failed,[Errno 2] No such file or directory: 'ffmpeg'
c0061093-27a3-4b85-baec-390d3fc77a26,,failed,[Errno 2] No such file or directory: 'ffmpeg'
f623af6b-3885-4264-8d93-5c0b25b277fa,,failed,[Errno 2] No such file or directory: 'ffmpeg'
fe644b00-5e2f-4f37-b8f9-3adf10071431,,failed,[Errno 2] No such file or directory: 'ffmpeg'
b0d86165-ffb4-475b-aad1-0a798389ffc1,,failed,[Errno 2] No such file or directory: 'ffmpeg'
fc1c24cc-9bdf-49d8-8ecb-da8c62efcfed,,failed,[Errno 2] No such file or directory: 'ffmpeg'
d1504034-73f1-422f-ba3f-c79a56fbf59e,,failed,[Errno 2] No such file or directory: 'ffmpeg'
7a253ba4-8e8c-4080-b61e-030b78edfc5d,,failed,[Errno 2] No such file or directory: 'ffmpeg'
9b3461a4-374e-46f9-810a-d409a3b85cbf,,failed,[Errno 2] No such file or directory: 'ffmpeg'
a7786230-acc0-4b3b-9de3-e86ab3962789,,failed,[Errno 2] No such file or directory: 'ffmpeg'
d7cffadc-4abe-445f-85b1-edc3d3182488,,failed,[Errno 2] No such file or directory: 'ffmpeg'
06fa5db0-f4ea-42a6-af49-73e02082ff1f,,failed,[Errno 2] No such file or directory: 'ffmpeg'
449beb3e-6ad4-467f-a997-72567a1c242d,,failed,[Errno 2] No such file or directory: 'ffmpeg'
e431db84-72f0-4ba2-aee1-7380ff600538,,failed,[Errno 2] No such file or directory: 'ffmpeg'
3cf8476b-3b64-4f07-bc3d-d433af2b2c63,,failed,[Errno 2] No such file or directory: 'ffmpeg'
cc3059b4-b97f-4dce-9a45-5115f53a6128,,failed,[Errno 2] No such file or directory: 'ffmpeg'
7bcf0419-3164-4cab-aaae-d518b877e4ea,,failed,[Errno 2] No such file or directory: 'ffmpeg'
870c4427-5391-41fb-8f7d-0c600a12a853,,failed,[Errno 2] No such file or directory: 'ffmpeg'
48097547-5a40-4701-a04f-456cb6d94ea9,,failed,[Errno 2] No such file or directory: 'ffmpeg'
33a18852-3786-401c-aee0-3e834b6d072b,,failed,[Errno 2] No such file or directory: 'ffmpeg'
dd2eb797-5462-4251-94f2-b58cf1fa963e,,failed,[Errno 2] No such file or directory: 'ffmpeg'
ece9d575-fc71-4c5a-9c51-a71cf2b3ba9f,,failed,[Errno 2] No such file or directory: 'ffmpeg'
2dc9f5de-087c-4aed-8117-6720c98554b6,,failed,[Errno 2] No such file or directory: 'ffmpeg'
ebe88cb9-f614-4864-aa73-ca0153f4ba8f,,failed,[Errno 2] No such file or directory: 'ffmpeg'
d9c1c11a-53a6-483e-84b6-3a57357ccdb7,,failed,[Errno 2] No such file or directory: 'ffmpeg'
fc61957e-370b-4e2f-a731-2c1a7250e254,,failed,[Errno 2] No such file or directory: 'ffmpeg'
fb824566-1d73-42f9-ab2b-6563d99fda08,,failed,[Errno 2] No such file or directory: 'ffmpeg'
7ab479dc-92a7-42d9-8a94-4a8084e3096f,,failed,[Errno 2] No such file or directory: 'ffmpeg'
e0871299-6b9f-4e54-8ef6-961ea96d283e,,failed,[Errno 2] No such file or directory: 'ffmpeg'
17b21723-b37d-4fec-9145-ca4a3e30d895,,failed,[Errno 2] No such file or directory: 'ffmpeg'
72de9323-f19d-436e-b38f-78a32e41cfc7,,failed,[Errno 2] No such file or directory: 'ffmpeg'
0df27747-fa2c-4ccd-984e-777fabb5d3ad,,failed,[Errno 2] No such file or directory: 'ffmpeg'
9bc82496-da5e-4933-8d9d-cab10eff24f2,,failed,[Errno 2] No such file or directory: 'ffmpeg'
24678e73-9a02-4b75-a376-c8eded732ac3,,failed,[Errno 2] No such file or directory: 'ffmpeg'
434e4cf1-84eb-4e6f-9b2e-f258ae5bf51f,,failed,[Errno 2] No such file or directory: 'ffmpeg'
5c623bfc-1d79-470f-b2c0-e5b3280973c8,,failed,[Errno 2] No such file or directory: 'ffmpeg'
caad7df4-a5ff-4a67-82e8-73527cf67ec1,,failed,[Errno 2] No such file or directory: 'ffmpeg'
85bfcfb3-73af-4f8a-be60-f6c155de70f3,,failed,[Errno 2] No such file or directory: 'ffmpeg'
a8922f28-dba8-4d0a-ba14-32f8e4decffb,,failed,[Errno 2] No such file or directory: 'ffmpeg'
29f1c710-82f6-4f92-a539-33d348dbc550,,failed,[Errno 2] No such file or directory: 'ffmpeg'
17004009-fc02-4042-8047-2e862d672742,,failed,[Errno 2] No such file or directory: 'ffmpeg'
ced03e03-d43f-4893-844c-b9c93bb3bc86,,failed,[Errno 2] No such file or directory: 'ffmpeg'
c9a3ff26-34cc-4847-9351-f70410da5944,,failed,[Errno 2] No such file or directory: 'ffmpeg'
30e35b22-154b-4625-9f09-b29b5e8c75be,,failed,[Errno 2] No such file or directory: 'ffmpeg'
3e6429a1-7305-4c22-b20e-28a6f697c7e6,,failed,[Errno 2] No such file or directory: 'ffmpeg'
e0795124-749c-4b66-957f-369b48b39ac5,,failed,[Errno 2] No such file or directory: 'ffmpeg'
2021d727-519f-4d7b-af54-a759522258d9,,failed,[Errno 2] No such file or directory: 'ffmpeg'
98dc0e64-6410-4466-9ace-7f71a2a957c4,,failed,[Errno 2] No such file or directory: 'ffmpeg'
e0aac681-cd86-4de8-b384-004979018e55,,failed,[Errno 2] No such file or directory: 'ffmpeg'
23e46199-2448-4089-9aa0-bb1e4ad5feda,,failed,[Errno 2] No such file or directory: 'ffmpeg'
a2bc9366-8d72-4cc4-98e7-8dea281e30d3,,failed,[Errno 2] No such file or directory: 'ffmpeg'
5b5c1c90-e89d-4c7c-8ce0-2fb0343e812d,,failed,[Errno 2] No such file or directory: 'ffmpeg'
25f84eec-0788-47f0-b553-85c409e31418,,failed,[Errno 2] No such file or directory: 'ffmpeg'
de1e3c7d-7be9-44ab-8ed5-c0e3ed864887,,failed,[Errno 2] No such file or directory: 'ffmpeg'
55634417-b0c3-4aba-8871-05de1e4214f2,,failed,[Errno 2] No such file or directory: 'ffmpeg'
45117997-c2fc-43f4-8d10-54c9141bed26,,failed,[Errno 2] No such file or directory: 'ffmpeg'
65eb58b3-6019-46bd-beae-72971b702810,,failed,[Errno 2] No such file or directory: 'ffmpeg'
ff3cd25b-b93e-40e7-b520-7aba0de71158,,failed,[Errno 2] No such file or directory: 'ffmpeg'
2b6e5ea5-479b-4080-a31d-71506f7280b0,,failed,[Errno 2] No such file or directory: 'ffmpeg'
51e8c91f-42d9-4c70-8304-469b153e622e,,failed,[Errno 2] No such file or directory: 'ffmpeg'
3972b8a4-afee-4615-ae34-6a9cfc665b3c,,failed,[Errno 2] No such file or directory: 'ffmpeg'
3b2ce7a5-794f-4d92-a019-5d4aff07922f,,failed,[Errno 2] No such file or directory: 'ffmpeg'
82cd4799-e46b-48c0-81c6-0bef95170a60,,failed,[Errno 2] No such file or directory: 'ffmpeg'
1c01ba58-250c-44ea-b360-014e566c7878,,failed,[Errno 2] No such file or directory: 'ffmpeg'
7332ad42-c7ce-42c4-964b-e9e124c5ac5a,,failed,[Errno 2] No such file or directory: 'ffmpeg'
38291a80-a599-4b7e-a193-33d9e919e617,,failed,[Errno 2] No such file or directory: 'ffmpeg'
52893c4d-4463-401a-a14a-aed6095639f1,,failed,[Errno 2] No such file or directory: 'ffmpeg'
afad8db1-23c1-4f49-8cca-5b023ae10d69,,failed,[Errno 2] No such file or directory: 'ffmpeg'
9eea0e6e-d5b3-4ee9-a9f4-ae6f23e736dd,,failed,[Errno 2] No such file or directory: 'ffmpeg'
e8e1f41e-7f15-491b-877a-86078f7030e9,,failed,[Errno 2] No such file or directory: 'ffmpeg'
edf64be6-1e90-4963-aea5-36ba52a2f2b2,,failed,[Errno 2] No such file or directory: 'ffmpeg'
7c01a965-2c87-4cf1-9c7c-3f5accd59e95,,failed,[Errno 2] No such file or directory: 'ffmpeg'
539cfad9-81d9-4169-ace7-ea2366709c35,,failed,[Errno 2] No such file or directory: 'ffmpeg'
6603eb4f-1d61-45df-8dba-b546f78805fb,,failed,[Errno 2] No such file or directory: 'ffmpeg'
a0cb967f-d27c-4d38-9f5d-cfc3cd318bba,,failed,[Errno 2] No such file or directory: 'ffmpeg'
ee7be456-56eb-4599-a44e-efaef629e57c,,failed,[Errno 2] No such file or directory: 'ffmpeg'
807faf76-dbaf-4b9a-bc92-e40974b16d41,,failed,[Errno 2] No such file or directory: 'ffmpeg'
d71dbfbf-2354-4cd9-8f77-c6527191f3db,,failed,[Errno 2] No such file or directory: 'ffmpeg'
e30a5c40-25b3-4adf-be33-9834f71a0cf4,,failed,[Errno 2] No such file or directory: 'ffmpeg'
6f1bfc14-c9ed-4013-8907-91d5e83c81ec,,failed,[Errno 2] No such file or directory: 'ffmpeg'
24967a3c-7bf8-4de3-a232-cc0a25f9f521,,failed,[Errno 2] No such file or directory: 'ffmpeg'
fcc119e5-6d14-445b-bb6a-386eda0d6d79,,failed,[Errno 2] No such file or directory: 'ffmpeg'
fcaef4ef-3d9d-43fe-84fa-56aeea561e97,,failed,[Errno 2] No such file or directory: 'ffmpeg'
db756b41-42cb-4736-86d2-dc7771152313,,failed,[Errno 2] No such file or directory: 'ffmpeg'
c7ca8ed4-336f-4ea7-8533-62afd9cc385f,,failed,[Errno 2] No such file or directory: 'ffmpeg'
83d98d67-d2df-4335-8c96-21fdccd71735,,failed,[Errno 2] No such file or directory: 'ffmpeg'
319184f7-1042-472a-9ca8-f258a5c58aac,,failed,[Errno 2] No such file or directory: 'ffmpeg'
47016868-583a-41ee-9fc5-6cd16923c6d5,,failed,[Errno 2] No such file or directory: 'ffmpeg'
73903a17-5ba1-411b-8869-fcf0f9b011e0,,failed,[Errno 2] No such file or directory: 'ffmpeg'
b4391726-3ea3-4619-a89c-97342aa85322,,failed,[Errno 2] No such file or directory: 'ffmpeg'
ef7fc25d-d224-44de-8239-427b8bca8d55,,failed,[Errno 2] No such file or directory: 'ffmpeg'
c367582a-0feb-426a-9af8-2332ea0b1d02,,failed,[Errno 2] No such file or directory: 'ffmpeg'
5f9d2d2a-19d0-4377-83cf-c4a76c5745b5,,failed,[Errno 2] No such file or directory: 'ffmpeg'
1ca66b9d-d130-4ec0-8128-1dc39e9b1d1b,,failed,[Errno 2] No such file or directory: 'ffmpeg'
54a0cdc3-8f72-4c6a-b265-1177217cb764,,failed,[Errno 2] No such file or directory: 'ffmpeg'
835ed30b-2b73-4539-afc5-7a43e0cd94fc,,failed,[Errno 2] No such file or directory: 'ffmpeg'
148b0a50-775f-457c-883d-572727be1789,,failed,[Errno 2] No such file or directory: 'ffmpeg'
6615289a-c2c8-4a52-9b0f-ea32ac6ad8ac,,failed,[Errno 2] No such file or directory: 'ffmpeg'
1b63b444-b708-461e-9987-b17bc345af2e,,failed,[Errno 2] No such file or directory: 'ffmpeg'
8ee8d1d4-934c-42a1-81d7-fd336718766d,,failed,[Errno 2] No such file or directory: 'ffmpeg'
6bd8e742-25db-42ca-bff9-c0ed92741cff,,failed,[Errno 2] No such file or directory: 'ffmpeg'
f86ba17b-8c79-4d6b-9903-d66d22586eac,,failed,[Errno 2] No such file or directory: 'ffmpeg'
16f0ac8e-fb29-4ce8-ae19-b07c445c1e23,,failed,[Errno 2] No such file or directory: 'ffmpeg'
07e11f0e-cfa7-46b1-9d80-2bbc9322d37e,,failed,[Errno 2] No such file or directory: 'ffmpeg'
79103e37-b39d-4d86-a8f1-c9715104f0f6,,failed,[Errno 2] No such file or directory: 'ffmpeg'
83dbf746-89fa-4458-a46b-2b3f7b6061b0,,failed,[Errno 2] No such file or directory: 'ffmpeg'
bd2cd6da-ced8-4fca-a692-8317b238d913,,failed,[Errno 2] No such file or directory: 'ffmpeg'
4fb531e4-9168-461a-8cb9-8e1de6ff6c5f,,failed,[Errno 2] No such file or directory: 'ffmpeg'
1db83524-604f-4bf1-9770-ec17505f1b10,,failed,[Errno 2] No such file or directory: 'ffmpeg'
92be70a1-167d-47f6-bfbf-0c96c551af28,,failed,[Errno 2] No such file or directory: 'ffmpeg'
25faadc3-eac3-4925-8e5b-c6e33ba73a11,,failed,[Errno 2] No such file or directory: 'ffmpeg'
42c4cc3b-5752-4ce4-92c3-8ccfb970592c,,failed,[Errno 2] No such file or directory: 'ffmpeg'
fc27435d-43b1-4cef-bc06-16091588c95e,,failed,[Errno 2] No such file or directory: 'ffmpeg'
379e4d24-cbf8-482e-bac3-799e87dc81d3,,failed,[Errno 2] No such file or directory: 'ffmpeg'
a83a4bd7-77e4-4fd2-938a-7dfaac6117ab,,failed,[Errno 2] No such file or directory: 'ffmpeg'
ac619fbd-455b-4273-bb16-55a20523bac4,,failed,[Errno 2] No such file or directory: 'ffmpeg'
6afe4422-99fb-4024-8ab0-f30a8a2cb23a,,failed,[Errno 2] No such file or directory: 'ffmpeg'
f6417e45-9bbe-4018-9d95-410d19e42201,,failed,[Errno 2] No such file or directory: 'ffmpeg'
b0abb104-d589-41f2-8f03-8936a311acc2,,failed,[Errno 2] No such file or directory: 'ffmpeg'
898a18b5-43a1-4082-9146-e35fe2961f9b,,failed,[Errno 2] No such file or directory: 'ffmpeg'
7724d2d5-bf1e-4cb4-808e-104248852f99,,failed,[Errno 2] No such file or directory: 'ffmpeg'
5a25aa41-ca4b-4028-896c-00a39d93f19b,,failed,[Errno 2] No such file or directory: 'ffmpeg'
53ce537e-f1af-4d35-bc1a-ef9f894308fb,,failed,[Errno 2] No such file or directory: 'ffmpeg'
6473ac58-cf6b-4d22-a944-5f33e128efc1,,failed,[Errno 2] No such file or directory: 'ffmpeg'
4a0095ce-3331-45a2-9317-82ea1643468c,,failed,[Errno 2] No such file or directory: 'ffmpeg'
6071daed-2eac-487f-af89-65247e7792ae,,failed,[Errno 2] No such file or directory: 'ffmpeg'
a0ac6ed7-2ece-4668-a49b-60b972987926,,failed,[Errno 2] No such file or directory: 'ffmpeg'
d5019208-8ff6-4a0d-9b68-8136b8c75432,,failed,[Errno 2] No such file or directory: 'ffmpeg'
f13a355c-3082-4a0b-8dcf-1255a09c2088,,failed,[Errno 2] No such file or directory: 'ffmpeg'
5cd9e9e1-4b98-4176-bd29-f3acf00957b2,,failed,[Errno 2] No such file or directory: 'ffmpeg'
f83a28c2-d277-4009-b4b4-c6267837b5e5,,failed,[Errno 2] No such file or directory: 'ffmpeg'
fcbbc22d-b1b8-4594-9377-a2c55d3295c5,,failed,[Errno 2] No such file or directory: 'ffmpeg'
826fe898-5401-45cc-96a2-9330f26e6fa4,,failed,[Errno 2] No such file or directory: 'ffmpeg'
83f54140-4adf-4d7b-bb0d-c68c041eed75,,failed,[Errno 2] No such file or directory: 'ffmpeg'
38db90dc-4408-486c-b6c4-50fc1acab082,,failed,[Errno 2] No such file or directory: 'ffmpeg'
15073cee-794a-49f6-8422-51104727fdb0,,failed,[Errno 2] No such file or directory: 'ffmpeg'
ba8e402e-896b-4ebf-b912-691281d81458,,failed,[Errno 2] No such file or directory: 'ffmpeg'
ac05970f-2f67-4047-bdab-a4db3b596759,,failed,[Errno 2] No such file or directory: 'ffmpeg'
6fc0734f-cb28-42c9-9e15-0017e79dc466,,failed,[Errno 2] No such file or directory: 'ffmpeg'
21960b7f-f975-4707-8d41-9c39b472f72e,,failed,[Errno 2] No such file or directory: 'ffmpeg'
3892b8b4-95f7-4232-87bc-c4c00a9edc13,,failed,[Errno 2] No such file or directory: 'ffmpeg'
af937766-7e8a-48d7-873a-ff9930800831,,failed,[Errno 2] No such file or directory: 'ffmpeg'
d21ad408-98bd-4687-9a90-1f353a9843bf,,failed,[Errno 2] No such file or directory: 'ffmpeg'
a94a6dab-9e84-459a-85cd-f91c64acede7,,failed,[Errno 2] No such file or directory: 'ffmpeg'
3f68293e-f63d-461a-afa5-f975eb1131cb,,failed,[Errno 2] No such file or directory: 'ffmpeg'
8f0abd52-fe65-4e40-9c0b-021426b72eb8,,failed,[Errno 2] No such file or directory: 'ffmpeg'
74f597d4-cec0-48e2-bb56-0c06cb2876d6,,failed,[Errno 2] No such file or directory: 'ffmpeg'
e61db992-efc9-46bd-9fb1-fd485ef8fad6,,failed,[Errno 2] No such file or directory: 'ffmpeg'
b1a4fe68-e1a9-47cc-b5de-aed7bba122df,,failed,[Errno 2] No such file or directory: 'ffmpeg'
2f86363b-5fb9-4dae-81e6-48e3fcbb8de0,,failed,[Errno 2] No such file or directory: 'ffmpeg'
4e62c3e0-3059-41ff-bfb5-07dcc8635796,,failed,[Errno 2] No such file or directory: 'ffmpeg'
026f2407-bf87-44ca-8d8a-b9037b71dc0f,,failed,[Errno 2] No such file or directory: 'ffmpeg'
a8643ee8-b8b3-4a7d-983e-1dfa5fa4568b,,failed,[Errno 2] No such file or directory: 'ffmpeg'
3fd30266-570d-437a-ac9c-e7ad3edbc782,,failed,[Errno 2] No such file or directory: 'ffmpeg'
272cece8-de0b-46d3-837b-de1e501c2439,,failed,[Errno 2] No such file or directory: 'ffmpeg'
b4c8d812-f6a3-4cad-b164-87c1bdd7e387,,failed,[Errno 2] No such file or directory: 'ffmpeg'
6cf86ada-eef8-4a82-85b4-fcc6443f5e22,,failed,[Errno 2] No such file or directory: 'ffmpeg'
eb296a9c-8072-48ae-87a1-b5a7ece5f3b6,,failed,[Errno 2] No such file or directory: 'ffmpeg'
235b31fe-7b60-4198-be09-fb2a0dc90740,,failed,[Errno 2] No such file or directory: 'ffmpeg'
b505def1-1df3-4a32-aa07-f473946fb3e7,,failed,[Errno 2] No such file or directory: 'ffmpeg'
4e5cd0fe-009e-4785-88aa-177dd7eabb67,,failed,[Errno 2] No such file or directory: 'ffmpeg'
ec471e47-35f6-4c9b-a7b5-60a462ad9a16,,failed,[Errno 2] No such file or directory: 'ffmpeg'
cb51ca2a-805b-47b8-a170-a7c0716fba08,,failed,[Errno 2] No such file or directory: 'ffmpeg'
6b494aa1-67cd-4bfd-81a8-ab584a4ca119,,failed,[Errno 2] No such file or directory: 'ffmpeg'
072e4c77-fdaf-431c-acd5-00245ec0c98b,,failed,[Errno 2] No such file or directory: 'ffmpeg'
23411413-b90f-4fa0-acdc-76e737f01719,,failed,[Errno 2] No such file or directory: 'ffmpeg'
be10023b-1e15-478a-b82b-f982f806af01,,failed,[Errno 2] No such file or directory: 'ffmpeg'
6a93e11e-5980-40b7-a617-e40b288904a9,,failed,[Errno 2] No such file or directory: 'ffmpeg'
38a8b51a-6b9e-4a5f-bcd2-8f2fec553095,,failed,[Errno 2] No such file or directory: 'ffmpeg'
93fb2bb0-b50b-4320-994f-12b37ab36481,,failed,[Errno 2] No such file or directory: 'ffmpeg'
605b0085-628e-41ea-9c67-272c5ce01246,,failed,[Errno 2] No such file or directory: 'ffmpeg'
8806de28-22f9-4a72-a388-f5dfd2e1c371,,failed,[Errno 2] No such file or directory: 'ffmpeg'
df80deca-ace2-4306-8a2a-9b5c2f2ce505,,failed,[Errno 2] No such file or directory: 'ffmpeg'
d0e5f61d-09f8-44d7-8162-1fdd2d048335,,failed,[Errno 2] No such file or directory: 'ffmpeg'
4d0de93a-aef8-4800-b51f-38144ad6ba6c,,failed,[Errno 2] No such file or directory: 'ffmpeg'
04cacbab-4a77-4796-9cbb-c1d52708eb16,,failed,[Errno 2] No such file or directory: 'ffmpeg'
a072a3ac-635a-416a-b4e7-a9605f094dca,,failed,[Errno 2] No such file or directory: 'ffmpeg'
a77902bd-9a94-4039-bd5d-465099094c9d,,failed,[Errno 2] No such file or directory: 'ffmpeg'
08e9d2b6-1706-4dd9-af44-e6b1d60e7bd1,,failed,[Errno 2] No such file or directory: 'ffmpeg'
b0187e08-7fb9-47ee-8244-7855b372142c,,failed,[Errno 2] No such file or directory: 'ffmpeg'
7e47e805-6d5f-4369-91f7-d5e707c9c18f,,failed,[Errno 2] No such file or directory: 'ffmpeg'
241fb202-bbb3-461c-a315-5f7f6e4646a8,,failed,[Errno 2] No such file or directory: 'ffmpeg'
df7858f2-0456-4c63-bb04-b76a0580a447,,failed,[Errno 2] No such file or directory: 'ffmpeg'
8c17bb2e-964f-4123-8627-221dd9f54f2f,,failed,[Errno 2] No such file or directory: 'ffmpeg'
455cf17b-dc9d-44ce-9240-326a07e41fef,,failed,[Errno 2] No such file or directory: 'ffmpeg'
37207b93-e935-4df3-ab9e-90bdc5635f0c,,failed,[Errno 2] No such file or directory: 'ffmpeg'
b16d9513-7137-4614-a01d-99277d0d0229,,failed,[Errno 2] No such file or directory: 'ffmpeg'
2d627ff5-8f7a-4dbd-9a81-70386bf9f001,,failed,[Errno 2] No such file or directory: 'ffmpeg'
46e0c163-5a20-4120-b5d4-2ccfa1e0d107,,failed,[Errno 2] No such file or directory: 'ffmpeg'
335c8399-2e4c-4b5e-8536-1face7c2b6ff,,failed,[Errno 2] No such file or directory: 'ffmpeg'
4768bf83-83bf-4226-87c6-bdd92b1b59e5,,failed,[Errno 2] No such file or directory: 'ffmpeg'
3635d5f2-241c-49ce-93a5-94641ba909c7,,failed,[Errno 2] No such file or directory: 'ffmpeg'
2927c362-d308-4914-b979-f54b85d37571,,failed,[Errno 2] No such file or directory: 'ffmpeg'
62a34735-d92d-4058-aa21-e7079fb03290,,failed,[Errno 2] No such file or directory: 'ffmpeg'
26d4fb78-176d-428d-b9ae-49277256e8dd,,failed,[Errno 2] No such file or directory: 'ffmpeg'
f340bc9e-4cec-4f08-ad61-4f4bf5ab49f4,,failed,[Errno 2] No such file or directory: 'ffmpeg'
92475591-26aa-4a47-8a51-4c33b999739e,,failed,[Errno 2] No such file or directory: 'ffmpeg'
aa2b4cd0-36ff-4910-b747-79b0b906404e,,failed,[Errno 2] No such file or directory: 'ffmpeg'
e712be36-d87c-4099-830e-5f01eb2b94be,,failed,[Errno 2] No such file or directory: 'ffmpeg'
a4b23550-e974-484d-9661-c0c47d799df0,,failed,[Errno 2] No such file or directory: 'ffmpeg'
374a7ca5-1c90-4c34-ae20-0a8ec37c1a31,,failed,[Errno 2] No such file or directory: 'ffmpeg'
28534742-4e28-4eb8-b235-f56dc6742151,,failed,[Errno 2] No such file or directory: 'ffmpeg'
a89ad82f-4580-472f-beff-d7344da6ca0f,,failed,[Errno 2] No such file or directory: 'ffmpeg'
d695a172-8451-4266-a791-8c2e3d4ed998,,failed,[Errno 2] No such file or directory: 'ffmpeg'
eb4406a0-4bc0-48e0-9c37-de3b04da7e3c,,failed,[Errno 2] No such file or directory: 'ffmpeg'
e79749f4-82d4-46c4-823c-867c2a3ce611,,failed,[Errno 2] No such file or directory: 'ffmpeg'
e8837ea2-a7ed-4260-8b63-239000e25ad2,,failed,[Errno 2] No such file or directory: 'ffmpeg'
a4803f07-a589-4e79-bbf0-518cede58c5a,,failed,[Errno 2] No such file or directory: 'ffmpeg'
879406b7-4903-492e-b07e-4f60c9e59918,,failed,[Errno 2] No such file or directory: 'ffmpeg'
04878e40-428b-4046-8bfa-5555245ce774,,failed,[Errno 2] No such file or directory: 'ffmpeg'
7d07b183-8e1e-4922-b639-156f377986c7,,failed,[Errno 2] No such file or directory: 'ffmpeg'
6269be6b-12c1-4609-859f-914175b3082f,,failed,[Errno 2] No such file or directory: 'ffmpeg'
f5fd1a25-1373-4477-85f9-1dea30b3bc2a,,failed,[Errno 2] No such file or directory: 'ffmpeg'
fd0b5d59-1cce-41ad-8105-f3feea68be17,,failed,[Errno 2] No such file or directory: 'ffmpeg'
2513158e-ddd9-4f5c-9b36-d6209fafb663,,failed,[Errno 2] No such file or directory: 'ffmpeg'
2fe8fea5-0252-428b-9d44-cf4f853c232b,,failed,[Errno 2] No such file or directory: 'ffmpeg'
156e2900-b12a-4d2d-8838-38611f621402,,failed,[Errno 2] No such file or directory: 'ffmpeg'
4fa10fe5-af5c-4a75-ad68-c6c661f1a753,,failed,[Errno 2] No such file or directory: 'ffmpeg'
0ce05cb1-91fc-40fb-86ee-fcd710b2270f,,failed,[Errno 2] No such file or directory: 'ffmpeg'
c0bdac62-800d-4927-97e4-2538febcb063,,failed,[Errno 2] No such file or directory: 'ffmpeg'
33af9781-b08f-471d-bd8a-8d9088be1732,,failed,[Errno 2] No such file or directory: 'ffmpeg'
cf3927dc-19cc-4066-92f8-153ae9641f0f,,failed,[Errno 2] No such file or directory: 'ffmpeg'
45379920-7a55-403b-a2d9-a6338682c54b,,failed,[Errno 2] No such file or directory: 'ffmpeg'
cae1e3d7-e4ad-47c0-9e51-5593132e2dba,,failed,[Errno 2] No such file or directory: 'ffmpeg'
6d068f54-e1ff-458b-9d4c-6b1ea4b38e8b,,failed,[Errno 2] No such file or directory: 'ffmpeg'
57a010d6-d602-431a-98e0-50367f48b2a2,,failed,[Errno 2] No such file or directory: 'ffmpeg'
45c8c18b-7821-4b3f-8fee-92dd6b42b630,,failed,[Errno 2] No such file or directory: 'ffmpeg'
8754a57a-8c5e-4823-965d-ed5d22cffa66,,failed,[Errno 2] No such file or directory: 'ffmpeg'
5d8591ef-0a7e-49ba-bc6b-40fa70cfaa52,,failed,[Errno 2] No such file or directory: 'ffmpeg'
ca33e745-dbe7-4bc0-9d24-b5fdd9cb2000,,failed,[Errno 2] No such file or directory: 'ffmpeg'
66354f03-6a26-4fe0-a7ca-3c58be818084,,failed,[Errno 2] No such file or directory: 'ffmpeg'
2ae745ae-c2cb-44d6-85b1-d757c052ace3,,failed,[Errno 2] No such file or directory: 'ffmpeg'
0547de7f-1cdc-4a1b-80fb-2f0e6bca42a5,,failed,[Errno 2] No such file or directory: 'ffmpeg'
deac3561-bcdc-4390-b907-56a5a2501a08,,failed,[Errno 2] No such file or directory: 'ffmpeg'
a36b1cc0-528f-4aee-b6e2-b7ec8ed9cd44,,failed,[Errno 2] No such file or directory: 'ffmpeg'
9feba8e7-ba07-4ada-8e11-ad8bc119eedc,,failed,[Errno 2] No such file or directory: 'ffmpeg'
aafc4447-bd90-4f30-ba33-62f43b36707c,,failed,[Errno 2] No such file or directory: 'ffmpeg'
992f8e81-c986-423d-8544-926ac57641ed,,failed,[Errno 2] No such file or directory: 'ffmpeg'
4fb5df3e-7fee-49fa-a1b7-bfd442a2d7e6,,failed,[Errno 2] No such file or directory: 'ffmpeg'
7db364bf-e468-4cd3-985e-ae19c8333b09,,failed,[Errno 2] No such file or directory: 'ffmpeg'
dd54eb2c-0e9a-48bf-b2ac-354e88c5b641,,failed,[Errno 2] No such file or directory: 'ffmpeg'
cd7102a4-7870-4c58-a0f5-4a23d2a3430d,,failed,[Errno 2] No such file or directory: 'ffmpeg'
1cddbdca-6364-4371-bff0-9445ed2be55d,,failed,[Errno 2] No such file or directory: 'ffmpeg'
357a02b2-40dc-4105-8b02-cfeb6298eccb,,failed,[Errno 2] No such file or directory: 'ffmpeg'
e8617559-a08e-4ce2-b9f2-bf57b4277ba7,,failed,[Errno 2] No such file or directory: 'ffmpeg'
1bad4166-2bd4-4ebc-8ebb-47992dcdf9cd,,failed,[Errno 2] No such file or directory: 'ffmpeg'
faa1cad1-c099-4063-a2db-02381a8ae882,,failed,[Errno 2] No such file or directory: 'ffmpeg'
17d01058-7904-43e6-8fdc-5a991bcaeba0,,failed,[Errno 2] No such file or directory: 'ffmpeg'
26770fe4-80e4-4b28-b7a8-fae495081d61,,failed,[Errno 2] No such file or directory: 'ffmpeg'
fa50e720-85d0-4c3c-9ef8-2bdcdb1fa566,,failed,[Errno 2] No such file or directory: 'ffmpeg'
1b98aa92-cdfb-4bfd-92f4-df00d6122677,,failed,[Errno 2] No such file or directory: 'ffmpeg'
fdf72ebf-5ac8-4813-bb6d-f4e00ac36728,,failed,[Errno 2] No such file or directory: 'ffmpeg'
452820f5-a584-4909-8ddb-38a0b44fb48e,,failed,[Errno 2] No such file or directory: 'ffmpeg'
4fd3ee5b-d7db-4c3c-a7bf-c11402638a93,,failed,[Errno 2] No such file or directory: 'ffmpeg'
48ca2dcc-018b-44fe-8e9f-3f09f9215d21,,failed,[Errno 2] No such file or directory: 'ffmpeg'
2743d209-f24d-4c78-9f77-3f0bf404b24d,,failed,[Errno 2] No such file or directory: 'ffmpeg'
d9924d82-ebc9-43f8-878e-c4181ea289f7,,failed,[Errno 2] No such file or directory: 'ffmpeg'
cb55024f-4a41-4ed8-819f-b37e726d309e,,failed,[Errno 2] No such file or directory: 'ffmpeg'
3033f146-28d8-4aeb-bead-711fbe94ebfe,,failed,[Errno 2] No such file or directory: 'ffmpeg'
169f374a-e167-42ba-abd9-dd3b361b4ef9,,failed,[Errno 2] No such file or directory: 'ffmpeg'
75fec5b1-c0b5-4659-9d8d-97b7007075ee,,failed,[Errno 2] No such file or directory: 'ffmpeg'
6b5b6758-d3c1-4aec-b1b7-7685aa562f17,,failed,[Errno 2] No such file or directory: 'ffmpeg'
0448e815-738e-42cf-b9ca-93e467e2aad1,,failed,[Errno 2] No such file or directory: 'ffmpeg'
25c6d125-d0d0-4bd3-8bbb-13373c203930,,failed,[Errno 2] No such file or directory: 'ffmpeg'
dbd3e9bd-08da-40ab-8483-a2d770f4be82,,failed,[Errno 2] No such file or directory: 'ffmpeg'
ef3d7cfd-6d50-4fd4-8b74-0c9f958ea13c,,failed,[Errno 2] No such file or directory: 'ffmpeg'
dd972956-0d63-4345-a0f9-353ddb1b5bfa,,failed,[Errno 2] No such file or directory: 'ffmpeg'
7c6084aa-3b04-4078-a2fc-5190d1cbf96c,,failed,[Errno 2] No such file or directory: 'ffmpeg'
57ca941a-10c5-4cff-a28e-5758ed2a8846,,failed,[Errno 2] No such file or directory: 'ffmpeg'
df8555f5-3ddb-47d5-a537-b5892dafc417,,failed,[Errno 2] No such file or directory: 'ffmpeg'
84a6dff5-ce43-4136-8809-c0ef9f8d0b29,,failed,[Errno 2] No such file or directory: 'ffmpeg'
51c7f7ac-16c0-4f04-814c-b26c297e39c9,,failed,[Errno 2] No such file or directory: 'ffmpeg'
66651dce-97bf-4814-9675-829093a7f8c7,,failed,[Errno 2] No such file or directory: 'ffmpeg'
34de55cf-096f-4b2a-8b04-f9bc435d123c,,failed,[Errno 2] No such file or directory: 'ffmpeg'
7adf2306-0ddd-47b0-8656-fc575b79816c,,failed,[Errno 2] No such file or directory: 'ffmpeg'
f3023cc3-8524-4b3a-96e0-f5fb46c1e9c8,,failed,[Errno 2] No such file or directory: 'ffmpeg'
fc1c15bd-e186-4cac-ad4a-c1b68ddd86b7,,failed,[Errno 2] No such file or directory: 'ffmpeg'
cda8c904-be12-4466-a98a-7c1c50ce0c8d,,failed,[Errno 2] No such file or directory: 'ffmpeg'
ab5b1fd5-af45-4bad-a249-869b04e0eb3f,,failed,[Errno 2] No such file or directory: 'ffmpeg'
5a5063d6-5fd3-45bf-a5c7-7f6430af1ae7,,failed,[Errno 2] No such file or directory: 'ffmpeg'
fefde08f-86e1-47f7-b9ae-f45768b19059,,failed,[Errno 2] No such file or directory: 'ffmpeg'
064e2899-408d-4bba-a232-f2e09f3d5327,,failed,[Errno 2] No such file or directory: 'ffmpeg'
67a5ebfc-8c65-4f55-b032-4492e1a8175b,,failed,[Errno 2] No such file or directory: 'ffmpeg'
718e1308-b634-49de-a92b-7031110489e9,,failed,[Errno 2] No such file or directory: 'ffmpeg'
d2c89d5d-e84a-43dd-ac81-91d58c27d6a2,,failed,[Errno 2] No such file or directory: 'ffmpeg'
71a7189b-7731-4546-a298-62afc48a56d9,,failed,[Errno 2] No such file or directory: 'ffmpeg'
3ed24674-185b-4370-9bf4-07079c000dc4,,failed,[Errno 2] No such file or directory: 'ffmpeg'
816e6297-a076-428e-b8d2-4d302d5d935e,,failed,[Errno 2] No such file or directory: 'ffmpeg'
b104fe12-8832-446d-87c5-ec0edf33cb44,,failed,[Errno 2] No such file or directory: 'ffmpeg'
04a48106-db15-4d89-b744-3c389ab79345,,failed,[Errno 2] No such file or directory: 'ffmpeg'
99e591d0-579e-4e4c-9f12-200e6d8f75bc,,failed,[Errno 2] No such file or directory: 'ffmpeg'
30479840-73e7-4207-945f-d3c054e68f3a,,failed,[Errno 2] No such file or directory: 'ffmpeg'
73caaa30-3df1-4457-818b-095e63b56f50,,failed,[Errno 2] No such file or directory: 'ffmpeg'
02ea92e4-f2c4-453c-8742-af8e08b6b32e,,failed,[Errno 2] No such file or directory: 'ffmpeg'
aad22b7e-f1e4-4e51-8d2d-b4819aafa7ca,,failed,[Errno 2] No such file or directory: 'ffmpeg'
e74d1946-37c3-49c4-affe-f728359d5961,,failed,[Errno 2] No such file or directory: 'ffmpeg'
99f404dc-939b-407f-8bd7-a53dfc231856,,failed,[Errno 2] No such file or directory: 'ffmpeg'
a8130ab3-6560-482d-95c5-2e0c5407e6f6,,failed,[Errno 2] No such file or directory: 'ffmpeg'
216f54bc-5789-49ef-bf6a-7904b04d5706,,failed,[Errno 2] No such file or directory: 'ffmpeg'
58d98494-1a9f-4a1c-879c-5c27f0da288a,,failed,[Errno 2] No such file or directory: 'ffmpeg'
cc700987-2127-46bf-baa4-d447ebddfe85,,failed,[Errno 2] No such file or directory: 'ffmpeg'
528e6587-1848-460a-b87f-b2ba91cf9728,,failed,[Errno 2] No such file or directory: 'ffmpeg'
a2b6637a-a56e-4ec8-a418-855eee6c3c32,,failed,[Errno 2] No such file or directory: 'ffmpeg'
39b5885b-2a24-491c-a4f9-e7ff6b50bb07,,failed,[Errno 2] No such file or directory: 'ffmpeg'
61951c94-5ddd-4f4f-b485-41e7513d72ac,,failed,[Errno 2] No such file or directory: 'ffmpeg'
2025a113-d951-4109-bc63-c20f92205085,,failed,[Errno 2] No such file or directory: 'ffmpeg'
4a73d61b-a822-49c0-81f3-67901a13a8ab,,failed,[Errno 2] No such file or directory: 'ffmpeg'
9b4d49de-d6d8-4e7e-9bdb-4888a9484069,,failed,[Errno 2] No such file or directory: 'ffmpeg'
7dc8d080-df6c-4e5f-a21c-e6a7a012f6da,,failed,[Errno 2] No such file or directory: 'ffmpeg'
fcce4b4b-1aeb-4433-b568-e3e902f639d8,,failed,[Errno 2] No such file or directory: 'ffmpeg'
0447b6a1-f852-457c-8a09-11413a5e09c1,,failed,[Errno 2] No such file or directory: 'ffmpeg'
66c6c6bc-7a25-4510-a889-a316d30c6169,,failed,[Errno 2] No such file or directory: 'ffmpeg'
031f1af6-8fc4-419e-bf83-19e4897784ef,,failed,[Errno 2] No such file or directory: 'ffmpeg'
c05d0739-b2d9-4573-a3ae-2436f318d83b,,failed,[Errno 2] No such file or directory: 'ffmpeg'
f3ef2c22-0974-4d49-8c43-116f83146fc3,,failed,[Errno 2] No such file or directory: 'ffmpeg'
86fc806f-d878-4ac1-93bb-b5aff90254ff,,failed,[Errno 2] No such file or directory: 'ffmpeg'
80d566f4-ab64-48f3-bf79-acbbfac875b0,,failed,[Errno 2] No such file or directory: 'ffmpeg'
68764717-6034-437c-9f73-feb321f04cf3,,failed,[Errno 2] No such file or directory: 'ffmpeg'
afbdf8f8-77c4-4b61-b8aa-20c8fd38a6ca,,failed,[Errno 2] No such file or directory: 'ffmpeg'
34fac65f-64af-4d7c-bda2-fa0a76db68bb,,failed,[Errno 2] No such file or directory: 'ffmpeg'
e2e0c51c-6218-45fd-8f90-faad5ec61257,,failed,[Errno 2] No such file or directory: 'ffmpeg'
8512bb77-ea95-4b38-8a07-9513f2c7c26d,,failed,[Errno 2] No such file or directory: 'ffmpeg'
4f219ffd-c60f-4a73-8aa0-79cd4f4d3dd9,,failed,[Errno 2] No such file or directory: 'ffmpeg'
1a81bfe6-1685-47f1-8948-a7f76fa97f48,,failed,[Errno 2] No such file or directory: 'ffmpeg'
89ad4ab7-9c09-49cd-80a3-3c7269aac138,,failed,[Errno 2] No such file or directory: 'ffmpeg'
c7774bd9-5775-4c76-96af-575963784a19,,failed,[Errno 2] No such file or directory: 'ffmpeg'
7902eef8-6bd0-490d-99a7-a4babade7837,,failed,[Errno 2] No such file or directory: 'ffmpeg'
c7835c0f-dd0f-4657-a20a-7ddc74a9b78c,,failed,[Errno 2] No such file or directory: 'ffmpeg'
fe2b9426-9d62-425a-ae04-fe356f22a3a3,,failed,[Errno 2] No such file or directory: 'ffmpeg'
c0127c77-ba36-4077-8890-de22796c8ad7,,failed,[Errno 2] No such file or directory: 'ffmpeg'
5a143ac5-977d-49d7-bb95-dcc6fa8b10d7,,failed,[Errno 2] No such file or directory: 'ffmpeg'
1189062b-3966-4c03-8e89-c92134c38602,,failed,[Errno 2] No such file or directory: 'ffmpeg'
ef0c846e-6404-480c-a07a-3f4181c94ace,,failed,[Errno 2] No such file or directory: 'ffmpeg'
222ef77a-b014-4b22-ae09-03f62f2be660,,failed,[Errno 2] No such file or directory: 'ffmpeg'
2b9e572e-a923-42d8-98d0-4fad9009308a,,failed,[Errno 2] No such file or directory: 'ffmpeg'
8470dd7e-31a8-4ad2-93ce-51384a8a5de3,,failed,[Errno 2] No such file or directory: 'ffmpeg'
03a3d70a-a282-4200-acd0-dfec196b1d49,,failed,[Errno 2] No such file or directory: 'ffmpeg'
082c5448-df79-46fc-83da-1803dda203ac,,failed,[Errno 2] No such file or directory: 'ffmpeg'
2c4fddbe-cef0-4871-ab61-6c7d79d43984,,failed,[Errno 2] No such file or directory: 'ffmpeg'
0ca822fd-a3e9-487c-ad66-fc72a41dc052,,failed,[Errno 2] No such file or directory: 'ffmpeg'
0ba522f9-a33a-4b1f-b225-fc5bc90e0286,,failed,[Errno 2] No such file or directory: 'ffmpeg'
7878182e-2683-4dbf-8273-c8ced081c273,,failed,[Errno 2] No such file or directory: 'ffmpeg'
4e6d43a9-e960-43df-8b78-6fa3198d7eda,,failed,[Errno 2] No such file or directory: 'ffmpeg'
2ef06310-0b58-4aed-97b8-377e03b1db8a,,failed,[Errno 2] No such file or directory: 'ffmpeg'
3d0d868d-795f-401c-86da-a0e31a68e530,,failed,[Errno 2] No such file or directory: 'ffmpeg'
7c0b009a-d364-42d3-ad7b-424a6a841331,,failed,[Errno 2] No such file or directory: 'ffmpeg'
2ea2f948-fbf9-4649-a8b4-cf5fa3eb8c6d,,failed,[Errno 2] No such file or directory: 'ffmpeg'
afb0f2aa-87e0-44e0-b9df-08864ffac3e6,,failed,[Errno 2] No such file or directory: 'ffmpeg'
87cb2327-d938-4fc3-abfc-9d04d32e0a46,,failed,[Errno 2] No such file or directory: 'ffmpeg'
7eb31e40-79cc-4100-9862-6cc3555c485e,,failed,[Errno 2] No such file or directory: 'ffmpeg'
4454c2c4-1ab7-42eb-80fd-85f8e4205270,,failed,[Errno 2] No such file or directory: 'ffmpeg'
9bf5907d-f534-42c8-9894-b3bd9b0bcd92,,failed,[Errno 2] No such file or directory: 'ffmpeg'
e3d3bc70-b44f-4c30-b384-f2ab86aae560,,failed,[Errno 2] No such file or directory: 'ffmpeg'
451c5059-4ae2-4a7c-8e89-bc915d909814,,failed,[Errno 2] No such file or directory: 'ffmpeg'
f5425edb-32ee-4771-a3dc-93b7ca492bbe,,failed,[Errno 2] No such file or directory: 'ffmpeg'
1d070bd0-cf84-4655-9f08-7f806c087cfb,,failed,[Errno 2] No such file or directory: 'ffmpeg'
ec49dec2-a8e1-4da2-b617-a7b1d6a732d3,,failed,[Errno 2] No such file or directory: 'ffmpeg'
f88b38de-b509-4332-91ed-649ca21ee4f2,,failed,[Errno 2] No such file or directory: 'ffmpeg'
418cf672-ee7d-4f8c-912b-91bea14731a7,,failed,[Errno 2] No such file or directory: 'ffmpeg'
29e37770-982c-4935-93cd-fff66983bccb,,failed,[Errno 2] No such file or directory: 'ffmpeg'
8e0a6b2c-7095-4961-a892-493c4ef09879,,failed,[Errno 2] No such file or directory: 'ffmpeg'
90a3337a-fbfe-4b74-a493-db756bd86106,,failed,[Errno 2] No such file or directory: 'ffmpeg'
2be0f293-3ef1-4bb0-832f-31530e1a719a,,failed,[Errno 2] No such file or directory: 'ffmpeg'
f81bb675-2dbe-4588-82ae-88f999c06ca7,,failed,[Errno 2] No such file or directory: 'ffmpeg'
93e1a912-dc50-400a-9ae2-2a240b4d738e,,failed,[Errno 2] No such file or directory: 'ffmpeg'
3bed1e73-0a0b-4d8e-815a-606e1a50dee7,,failed,[Errno 2] No such file or directory: 'ffmpeg'
c925eca1-7ec9-4909-8619-138245d9aac7,,failed,[Errno 2] No such file or directory: 'ffmpeg'
a0a93282-625c-4fd8-9d14-bcf8e88d150f,,failed,[Errno 2] No such file or directory: 'ffmpeg'
7dd5b4b0-5ac0-4fed-afd8-693cce8bcaaa,,failed,[Errno 2] No such file or directory: 'ffmpeg'
208d42c8-0565-43d9-b985-257469d7d46c,,failed,[Errno 2] No such file or directory: 'ffmpeg'
4c0d2c03-94b2-4645-a24e-a60529ff7c51,,failed,[Errno 2] No such file or directory: 'ffmpeg'
94725749-60ce-4c56-bc33-b5ecc6731e13,,failed,[Errno 2] No such file or directory: 'ffmpeg'
d8724ebb-1346-4c34-83ea-9007b2523bf9,,failed,[Errno 2] No such file or directory: 'ffmpeg'
224d5b8f-408e-4923-991a-127450861da9,,failed,[Errno 2] No such file or directory: 'ffmpeg'
02f3bece-56ee-4901-a756-9d8eee2e0b23,,failed,[Errno 2] No such file or directory: 'ffmpeg'
f06b0d8b-22ab-4ffe-8727-3d2d247d255d,,failed,[Errno 2] No such file or directory: 'ffmpeg'
171b596a-123b-4dcc-bc15-00d7157d8fe6,,failed,[Errno 2] No such file or directory: 'ffmpeg'
218da002-af21-4c87-a36c-d373c4195a63,,failed,[Errno 2] No such file or directory: 'ffmpeg'
ad72f5a3-2d81-45a4-b727-6e732ead5058,,failed,[Errno 2] No such file or directory: 'ffmpeg'
4a1100c6-0b96-444f-b864-e7d3f927032e,,failed,[Errno 2] No such file or directory: 'ffmpeg'
74724cfb-cc0b-42b2-9edf-31f088bda046,,failed,[Errno 2] No such file or directory: 'ffmpeg'
28f60996-bbf3-4153-8597-a725cecc3a4a,,failed,[Errno 2] No such file or directory: 'ffmpeg'
f4e651f5-bf69-4b9d-992e-1ebd6dcbf002,,failed,[Errno 2] No such file or directory: 'ffmpeg'
d291af42-bc8e-40c8-acda-5bb22a9b5035,,failed,[Errno 2] No such file or directory: 'ffmpeg'
b6882e9a-f502-41dd-884b-3c23c80cb392,,failed,[Errno 2] No such file or directory: 'ffmpeg'
75d1b5f5-1661-43b8-9445-2e0b55d04d4e,,failed,[Errno 2] No such file or directory: 'ffmpeg'
188f7855-ad48-411f-9826-8136c2c6ef8f,,failed,[Errno 2] No such file or directory: 'ffmpeg'
e17eaf4c-5402-41cb-9bd4-20b872679b60,,failed,[Errno 2] No such file or directory: 'ffmpeg'
cd945db0-b0a7-4b97-8115-12de7ff65cad,,failed,[Errno 2] No such file or directory: 'ffmpeg'
79af990a-c907-435d-b88e-ed1f03543120,,failed,[Errno 2] No such file or directory: 'ffmpeg'
40ed4a11-9149-4933-999e-48a91e6483f5,,failed,[Errno 2] No such file or directory: 'ffmpeg'
63fabf6b-4fea-4420-a487-2966053d32dd,,failed,[Errno 2] No such file or directory: 'ffmpeg'
59040857-c974-4ee4-9944-608841543595,,failed,[Errno 2] No such file or directory: 'ffmpeg'
9274b1bb-13f4-421f-bb71-d30cf1bc43ac,,failed,[Errno 2] No such file or directory: 'ffmpeg'
7108f12f-228c-41ab-b055-a0eb761ad9b0,,failed,[Errno 2] No such file or directory: 'ffmpeg'
0707e45d-4c01-4c49-bfbd-1b915727a7c2,,failed,[Errno 2] No such file or directory: 'ffmpeg'
02019321-2fbc-4bd6-a6ba-4ec66f64f64f,,failed,[Errno 2] No such file or directory: 'ffmpeg'
fb5b945d-a1c3-4152-9a1a-6dede0fb53c6,,failed,[Errno 2] No such file or directory: 'ffmpeg'
80f3ca76-e587-4fee-b71d-9a2bb410ee94,,failed,[Errno 2] No such file or directory: 'ffmpeg'
93fb433d-6d75-4c5d-8661-77e9448d0f66,,failed,[Errno 2] No such file or directory: 'ffmpeg'
6572d7f9-9830-4902-800f-070251b3a2c0,,failed,[Errno 2] No such file or directory: 'ffmpeg'
f43e564a-c253-4658-878e-9776ef28e373,,failed,[Errno 2] No such file or directory: 'ffmpeg'
863bc816-2eaa-4a23-a066-b9cdb38960fc,,failed,[Errno 2] No such file or directory: 'ffmpeg'
ee8ef5ec-dea3-496d-9cb3-87e22f55b3cc,,failed,[Errno 2] No such file or directory: 'ffmpeg'
4cbc2318-f40a-4ed2-a81b-c6cfc9b07630,,failed,[Errno 2] No such file or directory: 'ffmpeg'
0a9b4909-cdb2-4f7b-afad-0fde3951bd55,,failed,[Errno 2] No such file or directory: 'ffmpeg'
6946567e-a87a-4479-b0bf-6c2475ba1c02,,failed,[Errno 2] No such file or directory: 'ffmpeg'
a854b3a5-a5fd-4e05-bd65-f3014dacdd33,,failed,[Errno 2] No such file or directory: 'ffmpeg'
7510c3fd-32d8-4742-b4c1-72d9f515c911,,failed,[Errno 2] No such file or directory: 'ffmpeg'
2a6e0ffc-6963-4b14-90f0-b06c1c31fa5a,,failed,[Errno 2] No such file or directory: 'ffmpeg'
5543cbbb-4ddc-4d12-be6d-9f33b6e177b5,,failed,[Errno 2] No such file or directory: 'ffmpeg'
0c270bf1-4332-45a0-9dfd-f7d89153d16a,,failed,[Errno 2] No such file or directory: 'ffmpeg'
bf69aa12-46c6-464b-ac34-71f691af5647,,failed,[Errno 2] No such file or directory: 'ffmpeg'
c1721c46-9417-4580-a3a5-5a992ccfdd4b,,failed,[Errno 2] No such file or directory: 'ffmpeg'
1324fdb1-91c2-44ae-9c8d-e926c9c6bf58,,failed,[Errno 2] No such file or directory: 'ffmpeg'
8aca19fd-992a-4883-8a4a-f488f89da753,,failed,[Errno 2] No such file or directory: 'ffmpeg'
0217918d-25cb-4f1e-a30c-73c192934c23,,failed,[Errno 2] No such file or directory: 'ffmpeg'
4a08465c-dd7f-43da-8570-45ed191eb099,,failed,[Errno 2] No such file or directory: 'ffmpeg'
bde33ded-445e-4bd6-bee7-0198127de45f,,failed,[Errno 2] No such file or directory: 'ffmpeg'
20fb3cb3-ab26-4dd2-92ca-fce2208458f9,,failed,[Errno 2] No such file or directory: 'ffmpeg'
44b420a1-7bd5-414a-832b-3e530594ef4c,,failed,[Errno 2] No such file or directory: 'ffmpeg'
c5499c98-b5b5-4f25-8d2b-9ccf878510be,,failed,[Errno 2] No such file or directory: 'ffmpeg'
4eb694e4-fd53-41be-ac3b-754060b38156,,failed,[Errno 2] No such file or directory: 'ffmpeg'
2ccbd7cb-8976-48e9-a2ff-240319fb5110,,failed,[Errno 2] No such file or directory: 'ffmpeg'
6ef4e68b-b72a-4d9a-a01f-53438162f13e,,failed,[Errno 2] No such file or directory: 'ffmpeg'
df24c6e6-79b2-4c11-8e6f-97dc7ae4b565,,failed,[Errno 2] No such file or directory: 'ffmpeg'
a4e8d325-0cc2-4b5f-b553-a8d758f72fe0,,failed,[Errno 2] No such file or directory: 'ffmpeg'
0ef89119-01dc-4295-9eb2-7ae9d6d976d9,,failed,[Errno 2] No such file or directory: 'ffmpeg'
bf461d08-3415-4b6f-ad1f-b226e11877c5,,failed,[Errno 2] No such file or directory: 'ffmpeg'
793bb1ff-9202-4e9b-88cd-395076d73a5e,,failed,[Errno 2] No such file or directory: 'ffmpeg'
0f59b6af-50da-4176-a9cb-6b92626c9f6b,,failed,[Errno 2] No such file or directory: 'ffmpeg'
43ee63a9-3bdc-469a-b137-39d4b4419cc5,,failed,[Errno 2] No such file or directory: 'ffmpeg'
78627071-3096-4757-90a9-4aec24300096,,failed,[Errno 2] No such file or directory: 'ffmpeg'
2b95a833-3a50-43bb-8ad1-dacfb986a7fa,,failed,[Errno 2] No such file or directory: 'ffmpeg'
94bc72e4-ac68-468c-97f1-e38a13385e39,,failed,[Errno 2] No such file or directory: 'ffmpeg'
0537994b-6fea-404d-8dc0-c7e45e1ac44a,,failed,[Errno 2] No such file or directory: 'ffmpeg'
b0717034-6d9a-4578-b89e-a4c4e1edad8e,,failed,[Errno 2] No such file or directory: 'ffmpeg'
ac29d458-0ab6-4b7c-8f6b-59234d9179c7,,failed,[Errno 2] No such file or directory: 'ffmpeg'
e3c7e8d1-b314-413a-a0ae-b9ff01fa44c1,,failed,[Errno 2] No such file or directory: 'ffmpeg'
329c6f3d-9c07-4361-8c92-66e52cbcbb78,,failed,[Errno 2] No such file or directory: 'ffmpeg'
ebcd9c33-4477-4b4f-a775-3f0217617e42,,failed,[Errno 2] No such file or directory: 'ffmpeg'
eb8ce258-e4bc-450b-8acd-a3577d81afcf,,failed,[Errno 2] No such file or directory: 'ffmpeg'
e471b2a8-7cf2-47b9-8cc9-87229c60a310,,failed,[Errno 2] No such file or directory: 'ffmpeg'
5196b65c-a4fc-4f58-9208-9b2f5d39f123,,failed,[Errno 2] No such file or directory: 'ffmpeg'
ccac64fc-42f2-4249-a0d7-4fb23a773246,,failed,[Errno 2] No such file or directory: 'ffmpeg'
dc3b3f51-0220-4247-8678-a5f7d5cd31bf,,failed,[Errno 2] No such file or directory: 'ffmpeg'
7292e1fd-4787-4044-aa75-2c29c827f7a6,,failed,[Errno 2] No such file or directory: 'ffmpeg'
6d21e0fb-ec10-49cc-9514-91d5c4f8b023,,failed,[Errno 2] No such file or directory: 'ffmpeg'
59caa732-eb94-471d-b07a-6bf607efaa7e,,failed,[Errno 2] No such file or directory: 'ffmpeg'
2e69da13-12c5-49f4-b356-927ee71aea91,,failed,[Errno 2] No such file or directory: 'ffmpeg'
be5c458e-e7a4-46a1-b972-66dc9a3c0561,,failed,[Errno 2] No such file or directory: 'ffmpeg'
eb9dd65f-0b91-4807-9e88-4697e18dd8ee,,failed,[Errno 2] No such file or directory: 'ffmpeg'
e9cf1681-041d-4130-bc5c-353a84292384,,failed,[Errno 2] No such file or directory: 'ffmpeg'
186a3e21-8a7d-4b6c-92fc-1a49ec3089b2,,failed,[Errno 2] No such file or directory: 'ffmpeg'
131c08bb-7a68-4027-b242-f26092fe6cd0,,failed,[Errno 2] No such file or directory: 'ffmpeg'
2e9e154e-d777-4b4d-b860-574819a24d5a,,failed,[Errno 2] No such file or directory: 'ffmpeg'
c6f0e0b9-da74-47ed-8a98-9b9f22b44bad,,failed,[Errno 2] No such file or directory: 'ffmpeg'
f58163ae-b4dc-4a57-88e4-9478fdb77ef0,,failed,[Errno 2] No such file or directory: 'ffmpeg'
ebb38418-1fbd-45b2-9d82-27f2119cc878,,failed,[Errno 2] No such file or directory: 'ffmpeg'
17fa1306-7c4b-44e6-acdd-ad9b5cf60870,,failed,[Errno 2] No such file or directory: 'ffmpeg'
6e5f7153-e237-450d-bd17-af126c541946,,failed,[Errno 2] No such file or directory: 'ffmpeg'
72f4345d-fd7d-4630-b83c-307d3cef9fd5,,failed,[Errno 2] No such file or directory: 'ffmpeg'
71059302-7b61-475c-b2b4-d6ccfcee5580,,failed,[Errno 2] No such file or directory: 'ffmpeg'
40920fad-f337-42ba-8427-263810621e76,,failed,[Errno 2] No such file or directory: 'ffmpeg'
058bd09e-762d-40ef-af7d-54dd67aea04c,,failed,[Errno 2] No such file or directory: 'ffmpeg'
4bbb2ad1-a9e9-4d02-84c5-40327f6ca032,,failed,[Errno 2] No such file or directory: 'ffmpeg'
e7e540eb-7c8f-43d0-85f4-679bb8c30756,,failed,[Errno 2] No such file or directory: 'ffmpeg'
ad56c19c-c3b4-431f-866c-dbfaa1b086ae,,failed,[Errno 2] No such file or directory: 'ffmpeg'
d2e0295a-e9b9-4be4-aa02-ba11aa8e357d,,failed,[Errno 2] No such file or directory: 'ffmpeg'
57bc44b7-22f7-4495-ba10-e02fbdb736f6,,failed,[Errno 2] No such file or directory: 'ffmpeg'
5a052423-dbab-42c7-adb6-7ae9e66e9fbf,,failed,[Errno 2] No such file or directory: 'ffmpeg'
35d694a7-98d9-439c-9142-d132ee67f3a5,,failed,[Errno 2] No such file or directory: 'ffmpeg'
7d45f874-4f4b-483e-896b-0e0ca48f1e2f,,failed,[Errno 2] No such file or directory: 'ffmpeg'
5f1ddb98-ae10-46a7-a3e3-17f9b1d28ea2,,failed,[Errno 2] No such file or directory: 'ffmpeg'
a6703abc-1ed1-40ec-8d41-4074fcc9bcfc,,failed,[Errno 2] No such file or directory: 'ffmpeg'
28a4e8de-c366-401a-90f9-63940fbc51b8,,failed,[Errno 2] No such file or directory: 'ffmpeg'
4dfe0317-369f-493e-b7f1-48be933a93aa,,failed,[Errno 2] No such file or directory: 'ffmpeg'
4a8fff6f-a536-4fbf-8db6-a61fce4ea747,,failed,[Errno 2] No such file or directory: 'ffmpeg'
85a537c0-2048-49db-8f52-49c8c4c44637,,failed,[Errno 2] No such file or directory: 'ffmpeg'
15892b99-7fc3-413e-8b9b-f8d7ff1758a8,,failed,[Errno 2] No such file or directory: 'ffmpeg'
6ae0f777-de1a-437e-bf05-9aa26038362a,,failed,[Errno 2] No such file or directory: 'ffmpeg'
7e23a2ff-9f86-41e1-ac76-a790383cfc33,,failed,[Errno 2] No such file or directory: 'ffmpeg'
c6c72b25-26cf-40d7-91a7-2610ec8ba576,,failed,[Errno 2] No such file or directory: 'ffmpeg'
81fd0e7e-1065-41d2-8ca3-d1847dbe2e29,,failed,[Errno 2] No such file or directory: 'ffmpeg'
ee6b8a22-ac5d-4071-bf38-2f9bfa1e9abe,,failed,[Errno 2] No such file or directory: 'ffmpeg'
f3f594fa-2621-4d84-a7e4-dc669f52a35e,,failed,[Errno 2] No such file or directory: 'ffmpeg'
bc5a14b2-3a32-40b1-9e36-08287de50216,,failed,[Errno 2] No such file or directory: 'ffmpeg'
80a6d1d4-60a3-4bac-862d-de44742c53f1,,failed,[Errno 2] No such file or directory: 'ffmpeg'
5bdfa23e-94da-4001-8b92-92bba2e42368,,failed,[Errno 2] No such file or directory: 'ffmpeg'
d53c2839-1e1f-400d-a70e-f6209e5c549a,,failed,[Errno 2] No such file or directory: 'ffmpeg'
3cca29ab-4bb4-4a89-a071-8bcdac9149c5,,failed,[Errno 2] No such file or directory: 'ffmpeg'
0e62cfbf-1b66-4f96-bc3a-41a7bee7d644,,failed,[Errno 2] No such file or directory: 'ffmpeg'
458f4755-24ac-41d7-ac69-bd9a97035191,,failed,[Errno 2] No such file or directory: 'ffmpeg'
c2b48797-7363-459d-b75c-d6194815a056,,failed,[Errno 2] No such file or directory: 'ffmpeg'
f53be225-56ac-4656-9c4c-8a25caffc726,,failed,[Errno 2] No such file or directory: 'ffmpeg'
efc6dbff-2844-4daf-bf0a-b5f561ac544d,,failed,[Errno 2] No such file or directory: 'ffmpeg'
7cbced0d-0b10-4a23-9220-0466a725a2a4,,failed,[Errno 2] No such file or directory: 'ffmpeg'
50966812-b6d2-4796-8c16-e3937e2a64c1,,failed,[Errno 2] No such file or directory: 'ffmpeg'
f5ae6ca0-f219-411b-b110-01d0d1ffc12e,,failed,[Errno 2] No such file or directory: 'ffmpeg'
3dc784a0-4173-49bf-8c51-aab4ee9aad09,,failed,[Errno 2] No such file or directory: 'ffmpeg'
73e901b4-044c-47b2-8e98-2cbe02e9d461,,failed,[Errno 2] No such file or directory: 'ffmpeg'
1ae4bcc4-3edb-4e0d-8200-91ffd78e392f,,failed,[Errno 2] No such file or directory: 'ffmpeg'
13fdd2c7-c1ee-456d-88f6-755dae67630d,,failed,[Errno 2] No such file or directory: 'ffmpeg'
3a4d4264-01f0-4ce4-b37a-d17ed46d38e5,,failed,[Errno 2] No such file or directory: 'ffmpeg'
d2e590ac-bdb3-4515-812f-3d7f92d56655,,failed,[Errno 2] No such file or directory: 'ffmpeg'
865cede8-413d-47b6-94b6-61e5608491a0,,failed,[Errno 2] No such file or directory: 'ffmpeg'
034afbc3-7573-4ba6-942b-cc2d948f8dee,,failed,[Errno 2] No such file or directory: 'ffmpeg'
d5607da0-0cb4-45c8-ba6f-442453c88a24,,failed,[Errno 2] No such file or directory: 'ffmpeg'
1f83f468-7cfb-487c-ac52-d1e31ea9fd02,,failed,[Errno 2] No such file or directory: 'ffmpeg'
da0e26d6-3bfb-4749-8004-d1203e86fdb9,,failed,[Errno 2] No such file or directory: 'ffmpeg'
bbe328ae-5559-49b9-8f90-b60d2a33b280,,failed,[Errno 2] No such file or directory: 'ffmpeg'
523045d5-c814-4e97-81be-1a851827313e,,failed,[Errno 2] No such file or directory: 'ffmpeg'
bd8fe729-9674-47cd-aedd-2c1d84df2b72,,failed,[Errno 2] No such file or directory: 'ffmpeg'
46777d8a-f7fb-47f0-bc9f-b78ebd8ffe3d,,failed,[Errno 2] No such file or directory: 'ffmpeg'
af1cba7e-cb5d-4f04-bc84-10f6a3dde16d,,failed,[Errno 2] No such file or directory: 'ffmpeg'
c232db66-2e7e-4bfd-837b-988c56f81de4,,failed,[Errno 2] No such file or directory: 'ffmpeg'
9efef114-ecf7-467e-a9f4-57c7a5135459,,failed,[Errno 2] No such file or directory: 'ffmpeg'
d15cb7f4-0afb-423e-9250-ff76bf09fa8b,,failed,[Errno 2] No such file or directory: 'ffmpeg'
182f7e12-83e3-4204-a341-04121e3e790f,,failed,[Errno 2] No such file or directory: 'ffmpeg'
1bbfdd2c-d89d-4e9b-9a42-6ade77b39fd1,,failed,[Errno 2] No such file or directory: 'ffmpeg'
704b5eb0-4ae4-463a-bf92-88a62614100e,,failed,[Errno 2] No such file or directory: 'ffmpeg'
fdbd3e70-3ffe-4396-9310-d880428d6249,,failed,[Errno 2] No such file or directory: 'ffmpeg'
5b0959d7-d49c-407f-be14-f958283a06ee,,failed,[Errno 2] No such file or directory: 'ffmpeg'
2f00c81a-1cf2-40d8-b65d-b6338dbbd49e,,failed,[Errno 2] No such file or directory: 'ffmpeg'
ea8aa8a9-0296-476d-8b97-3e529c36903d,,failed,[Errno 2] No such file or directory: 'ffmpeg'
3d1a2c41-4014-42d9-b24b-1de92524e2fc,,failed,[Errno 2] No such file or directory: 'ffmpeg'
8a05f3b8-e222-40d4-b066-9b77fdd97ae2,,failed,[Errno 2] No such file or directory: 'ffmpeg'
c96723d6-5be8-41ce-a622-348b6b5c3992,,failed,[Errno 2] No such file or directory: 'ffmpeg'
4e4f5386-06cf-4de5-a1bc-939de831aa9f,,failed,[Errno 2] No such file or directory: 'ffmpeg'
d029da70-c850-4a3c-aabb-f0a87af9447c,,failed,[Errno 2] No such file or directory: 'ffmpeg'
13d7d05a-26af-4c66-88ff-a2132c681710,,failed,[Errno 2] No such file or directory: 'ffmpeg'
d3df6c77-2586-44cc-b16c-42db201f95c5,,failed,[Errno 2] No such file or directory: 'ffmpeg'
f1ed63a7-4e4d-451d-b17c-0b317a8e1b55,,failed,[Errno 2] No such file or directory: 'ffmpeg'
ec429946-be1c-4c50-a89f-5835549b0d1d,,failed,[Errno 2] No such file or directory: 'ffmpeg'
3ff3f988-e36e-4393-bd08-6ea756e283b6,,failed,[Errno 2] No such file or directory: 'ffmpeg'
fb8fe4c1-bcdf-4067-a951-66a88591a918,,failed,[Errno 2] No such file or directory: 'ffmpeg'
c52db434-ad90-458b-9168-e31235342b83,,failed,[Errno 2] No such file or directory: 'ffmpeg'
4db75d7b-795d-4096-97ec-e7b3ca10802a,,failed,[Errno 2] No such file or directory: 'ffmpeg'
78a07051-8b0e-4687-aa30-f7be20138248,,failed,[Errno 2] No such file or directory: 'ffmpeg'
d753908e-ead2-423f-b305-ce78c04d2fa8,,failed,[Errno 2] No such file or directory: 'ffmpeg'
98183172-8146-456a-9795-55b180227258,,failed,[Errno 2] No such file or directory: 'ffmpeg'
f2000f9e-526b-4b7e-abd9-354b603a64c0,,failed,[Errno 2] No such file or directory: 'ffmpeg'
c3df450c-7436-4d11-abd8-b15e9929d637,,failed,[Errno 2] No such file or directory: 'ffmpeg'
ea1f1ca4-51f3-48ca-846d-f88030676575,,failed,[Errno 2] No such file or directory: 'ffmpeg'
84767f25-c561-4c66-9b6f-afc498854b0f,,failed,[Errno 2] No such file or directory: 'ffmpeg'
25527159-0630-4af9-9218-8c8328391a69,,failed,[Errno 2] No such file or directory: 'ffmpeg'
d24527e2-0f42-4844-bcb2-815df6677c58,,failed,[Errno 2] No such file or directory: 'ffmpeg'
dda73a9b-751e-4a35-b689-2fa2631a3e92,,failed,[Errno 2] No such file or directory: 'ffmpeg'
b473105a-af5f-4dd1-ad31-ba56d849af52,,failed,[Errno 2] No such file or directory: 'ffmpeg'
7be0b327-bd65-47d4-aefa-30b3ddd05df8,,failed,[Errno 2] No such file or directory: 'ffmpeg'
7711c0fa-a033-4386-aaae-154e3f170f0c,,failed,[Errno 2] No such file or directory: 'ffmpeg'
3f11ae19-b1ad-4c5d-a179-c3d4689b421a,,failed,[Errno 2] No such file or directory: 'ffmpeg'
3e5ebb18-c1b6-46a4-ab64-b0a33c7d5bcf,,failed,[Errno 2] No such file or directory: 'ffmpeg'
54c73a3e-3a7c-4a61-a5c1-26bc50be257f,,failed,[Errno 2] No such file or directory: 'ffmpeg'
9faf4bb6-54b8-42dc-900a-eac254709d46,,failed,[Errno 2] No such file or directory: 'ffmpeg'
4c66a00f-898f-4bfa-9d8c-2d0d30b6d318,,failed,[Errno 2] No such file or directory: 'ffmpeg'
bfa8ff9d-9db0-46b6-b349-88c32620e64f,,failed,[Errno 2] No such file or directory: 'ffmpeg'
f10a9424-68c7-4013-a4a7-2fa72aa89505,,failed,[Errno 2] No such file or directory: 'ffmpeg'
dd1a477b-8a46-4049-a22a-9944cdbd9be0,,failed,[Errno 2] No such file or directory: 'ffmpeg'
0a528492-4842-4eee-a37d-2142a88cf538,,failed,[Errno 2] No such file or directory: 'ffmpeg'
4de95039-87c1-4098-8377-a687855e306b,,failed,[Errno 2] No such file or directory: 'ffmpeg'
e4c91d69-152c-46d2-8e12-3bac4a9fec77,,failed,[Errno 2] No such file or directory: 'ffmpeg'
c04630b4-a392-453b-912e-80b862b5bc11,,failed,[Errno 2] No such file or directory: 'ffmpeg'
0c13bad8-c186-4d59-b1ce-005fee21660c,,failed,[Errno 2] No such file or directory: 'ffmpeg'
2a566a23-93d0-431d-a28c-d465a9eeb834,,failed,[Errno 2] No such file or directory: 'ffmpeg'
190e1cec-dc79-4448-b6dc-f1c7c179e9f8,,failed,[Errno 2] No such file or directory: 'ffmpeg'
517d2aba-efae-4b66-a646-d8dc2728042a,,failed,[Errno 2] No such file or directory: 'ffmpeg'
0c5a764d-f3d0-4da6-9c2c-5873155266ab,,failed,[Errno 2] No such file or directory: 'ffmpeg'
d73f8575-ad59-4798-93e5-1a903219ce22,,failed,[Errno 2] No such file or directory: 'ffmpeg'
ffe3ce78-000c-45ce-98e9-7bf08653ebf9,,failed,[Errno 2] No such file or directory: 'ffmpeg'
0e6bb0ee-7f73-4b98-8b98-267a0360eeef,,failed,[Errno 2] No such file or directory: 'ffmpeg'
6adf9446-b53f-4c11-a623-4edd45668641,,failed,[Errno 2] No such file or directory: 'ffmpeg'
c9d3c774-715e-4901-8af1-98261d90a6c7,,failed,[Errno 2] No such file or directory: 'ffmpeg'
8f8fd837-f1ad-426d-a7c6-e9af7fea64da,,failed,[Errno 2] No such file or directory: 'ffmpeg'
03c431fd-deb7-4dbf-9cc0-c8b7e9c58f4f,,failed,[Errno 2] No such file or directory: 'ffmpeg'
4df051ef-fbe2-4872-9039-5b0a82e7fc8e,,failed,[Errno 2] No such file or directory: 'ffmpeg'
9905339b-e3ae-482b-b39a-e63a4eb9433b,,failed,[Errno 2] No such file or directory: 'ffmpeg'
97e2732c-e8da-4e99-b0e5-ee2e053831e8,,failed,[Errno 2] No such file or directory: 'ffmpeg'
71dce430-70af-46a8-a01e-8bfcfb46d161,,failed,[Errno 2] No such file or directory: 'ffmpeg'
5196dce3-a41a-4087-8c2b-bd69bff3fe19,,failed,[Errno 2] No such file or directory: 'ffmpeg'
c99ead15-9ace-47e5-9ec4-b99d52514f25,,failed,[Errno 2] No such file or directory: 'ffmpeg'
3cbdc10a-6d29-4a01-b960-fafdfc07c7ec,,failed,[Errno 2] No such file or directory: 'ffmpeg'
a38b0ccc-9f92-4853-b015-3762f43067c4,,failed,[Errno 2] No such file or directory: 'ffmpeg'
e9523084-e61c-4125-b0c8-e81acafe987e,,failed,[Errno 2] No such file or directory: 'ffmpeg'
1ef91eb7-2f2d-40ce-b023-9b2f77ef543d,,failed,[Errno 2] No such file or directory: 'ffmpeg'
77dd4dfb-30bb-465e-a9e2-fac13fb1dbc9,,failed,[Errno 2] No such file or directory: 'ffmpeg'
a6449b21-4e54-4536-9241-7d8bc6d1b4c7,,failed,[Errno 2] No such file or directory: 'ffmpeg'
175116e0-2d73-4fe3-9cd3-1697196e8b81,,failed,[Errno 2] No such file or directory: 'ffmpeg'
5eb7a9c1-3edc-40e9-9629-c84355a73975,,failed,[Errno 2] No such file or directory: 'ffmpeg'
ef8005ce-ef76-418e-800e-99deed130d58,,failed,[Errno 2] No such file or directory: 'ffmpeg'
33b2b99a-67ce-4737-97bf-137975f56ee2,,failed,[Errno 2] No such file or directory: 'ffmpeg'
f2b4db15-97a5-4fe6-b891-8761f9d48d54,,failed,[Errno 2] No such file or directory: 'ffmpeg'
52baf3c0-3696-45d8-9dd6-b3a69e08b0a4,,failed,[Errno 2] No such file or directory: 'ffmpeg'
4a12e1a2-1b53-4a57-97b7-3cc3e03f6c8b,,failed,[Errno 2] No such file or directory: 'ffmpeg'
d5780b63-4a09-4a1c-b71f-86b6c6ac4562,,failed,[Errno 2] No such file or directory: 'ffmpeg'
a6de574e-8f7d-4b50-93ac-ee03a02a14dc,,failed,[Errno 2] No such file or directory: 'ffmpeg'
2dae278a-2ac6-4f13-872f-7615a7fbbbf9,,failed,[Errno 2] No such file or directory: 'ffmpeg'
7cdc4b56-a8e5-4d60-b1d4-a79c0db7ec24,,failed,[Errno 2] No such file or directory: 'ffmpeg'
61a402b8-704c-44e5-b6d7-37a78c798e00,,failed,[Errno 2] No such file or directory: 'ffmpeg'
b3b732ce-f963-415e-ba16-56b4d7e57913,,failed,[Errno 2] No such file or directory: 'ffmpeg'
9e20b90e-b322-4d0f-9736-ed1a6dfbff9d,,failed,[Errno 2] No such file or directory: 'ffmpeg'
2dfda81e-c0b5-46f2-8f13-5bf50959b483,,failed,[Errno 2] No such file or directory: 'ffmpeg'
43ff9ad9-2be0-4f3d-91bf-f02eb3094336,,failed,[Errno 2] No such file or directory: 'ffmpeg'
3ccd55e4-e179-44fa-b20e-36f0aac84294,,failed,[Errno 2] No such file or directory: 'ffmpeg'
77b59326-a709-49ac-a127-4da4e5c75144,,failed,[Errno 2] No such file or directory: 'ffmpeg'
746d37a2-3530-4f1b-acfb-b6713ce434b7,,failed,[Errno 2] No such file or directory: 'ffmpeg'
4d18177a-f2fc-42aa-9c79-3a1308c96646,,failed,[Errno 2] No such file or directory: 'ffmpeg'
cfc3a6f4-382b-45b6-8e6e-ad922b0278a6,,failed,[Errno 2] No such file or directory: 'ffmpeg'
baed3a52-d4bb-49cb-9a04-0c3e2330cc37,,failed,[Errno 2] No such file or directory: 'ffmpeg'
d39a0584-b330-49b5-8ccd-b28e98dd05aa,,failed,[Errno 2] No such file or directory: 'ffmpeg'
ab9ef659-d6aa-4218-930f-5c32f82b944d,,failed,[Errno 2] No such file or directory: 'ffmpeg'
62023503-020e-41a5-8f99-04ae14d6f995,,failed,[Errno 2] No such file or directory: 'ffmpeg'
578e7cb1-aa0f-4975-85dc-a50b9749ace4,,failed,[Errno 2] No such file or directory: 'ffmpeg'
acc7d70c-a986-4447-980e-784e6f502ede,,failed,[Errno 2] No such file or directory: 'ffmpeg'
765caa52-dc5d-4d15-9da0-6106d594fa8d,,failed,[Errno 2] No such file or directory: 'ffmpeg'
283e9c82-cced-4a29-a631-5195ff594c5a,,failed,[Errno 2] No such file or directory: 'ffmpeg'
a88b3130-fb28-4d3e-b4f9-01760a3d58da,,failed,[Errno 2] No such file or directory: 'ffmpeg'
7decae18-3ae3-4608-bc30-c179a174bb74,,failed,[Errno 2] No such file or directory: 'ffmpeg'
1be785c6-16d2-471a-8af8-908c1337ffa4,,failed,[Errno 2] No such file or directory: 'ffmpeg'
b1854aff-3b67-4b59-8572-6ab218b9cad9,,failed,[Errno 2] No such file or directory: 'ffmpeg'
156a6499-3d57-4e85-b01f-dc5dfba188fd,,failed,[Errno 2] No such file or directory: 'ffmpeg'
674f6310-2530-4ef0-ac2b-8487df04b5e4,,failed,[Errno 2] No such file or directory: 'ffmpeg'
95c5f30e-21d0-4726-aa1c-922bf8aebe45,,failed,[Errno 2] No such file or directory: 'ffmpeg'
868818b6-c4dd-47a6-b1e2-50b4f23c5ca8,,failed,[Errno 2] No such file or directory: 'ffmpeg'
e98cbbfe-a49d-458e-b2ef-c5a8103aa111,,failed,[Errno 2] No such file or directory: 'ffmpeg'
d0d38f4b-2435-433d-95c9-e426915f8f2a,,failed,[Errno 2] No such file or directory: 'ffmpeg'
035c9598-4ada-4b66-9bf4-93c21a4ab46d,,failed,[Errno 2] No such file or directory: 'ffmpeg'
6828e858-8b1a-4e26-b33d-8bcd5448f3d6,,failed,[Errno 2] No such file or directory: 'ffmpeg'
94c43bf8-2624-407d-b213-255c7b9de32e,,failed,[Errno 2] No such file or directory: 'ffmpeg'
8470cb5d-504f-4280-9f9e-cca473eeb2fe,,failed,[Errno 2] No such file or directory: 'ffmpeg'
8dbf02a6-b291-4828-8076-1b0a09f89711,,failed,[Errno 2] No such file or directory: 'ffmpeg'
346f296b-78ee-4604-a00a-8189dc6ee980,,failed,[Errno 2] No such file or directory: 'ffmpeg'
35a65ce0-898d-49ca-80fc-950cc632d8cc,,failed,[Errno 2] No such file or directory: 'ffmpeg'
4ec22a67-4750-4887-935f-82350557a3ce,,failed,[Errno 2] No such file or directory: 'ffmpeg'
9f02446c-3aad-47df-9bcd-77313269613e,,failed,[Errno 2] No such file or directory: 'ffmpeg'
4ddf000e-f739-4193-85af-dbf010914c25,,failed,[Errno 2] No such file or directory: 'ffmpeg'
95ccf3f5-9d9f-454e-990c-6ad9e8f14121,,failed,[Errno 2] No such file or directory: 'ffmpeg'
2e56c5c1-df25-42ff-bdc2-85dc877f8ed6,,failed,[Errno 2] No such file or directory: 'ffmpeg'
533f002e-cbde-4002-a5cf-b2878876c2f7,,failed,[Errno 2] No such file or directory: 'ffmpeg'
028e9a4c-ebec-40b8-ba94-897c990d01c8,,failed,[Errno 2] No such file or directory: 'ffmpeg'
6906736d-0d51-4722-9722-7942b6d44d06,,failed,[Errno 2] No such file or directory: 'ffmpeg'
2d2a9f4f-2773-4e15-beb9-b5254cf5f281,,failed,[Errno 2] No such file or directory: 'ffmpeg'
d5a4e7c2-a145-4fc8-8026-995938a6b8e2,,failed,[Errno 2] No such file or directory: 'ffmpeg'
cf35963c-644b-49a9-8ebe-a09045b6e68a,,failed,[Errno 2] No such file or directory: 'ffmpeg'
59b5f42e-4a04-484c-9d1e-96fb6992b552,,failed,[Errno 2] No such file or directory: 'ffmpeg'
5c679700-33a6-406c-8ce8-f00da845d13a,,failed,[Errno 2] No such file or directory: 'ffmpeg'
dc276aee-ea47-4bde-a874-f297f0bb0bef,,failed,[Errno 2] No such file or directory: 'ffmpeg'
f0f24dd3-a6a5-4049-a0ed-35210ad8c7d5,,failed,[Errno 2] No such file or directory: 'ffmpeg'
c93db538-7c7d-4f88-b754-b94fa2dd44a7,,failed,[Errno 2] No such file or directory: 'ffmpeg'
aea64256-3fba-49ce-9840-7c75d3e77152,,failed,[Errno 2] No such file or directory: 'ffmpeg'
9ebf33f1-e2ed-4b81-b823-cdd1cfcb0d3d,,failed,[Errno 2] No such file or directory: 'ffmpeg'
ccd97187-cc7f-4309-91f2-74f3f1414d17,,failed,[Errno 2] No such file or directory: 'ffmpeg'
267f066e-ade7-42ce-8e15-a9f8fc47e228,,failed,[Errno 2] No such file or directory: 'ffmpeg'
940d07c2-39fb-46cc-b6b8-5cea16cee0b0,,failed,[Errno 2] No such file or directory: 'ffmpeg'
b55d35f6-7243-407a-b1d8-ea96051652a8,,failed,[Errno 2] No such file or directory: 'ffmpeg'
1b8746b4-44a5-4a5e-aaf7-53fb294b8213,,failed,[Errno 2] No such file or directory: 'ffmpeg'
722211c7-e761-4c73-8351-c14922a47fd0,,failed,[Errno 2] No such file or directory: 'ffmpeg'
39aa64b8-c270-44d9-ac35-51aa81cf535f,,failed,[Errno 2] No such file or directory: 'ffmpeg'
c1584189-c451-45d6-8fa2-10b8d3e8c3fb,,failed,[Errno 2] No such file or directory: 'ffmpeg'
6ed03391-dda6-4ea6-ab6b-6b505018b919,,failed,[Errno 2] No such file or directory: 'ffmpeg'
94e35e3d-e3e0-402b-ade2-ccb234545a52,,failed,[Errno 2] No such file or directory: 'ffmpeg'
0e2ef9bf-18f7-4d22-84e4-6de1614f544a,,failed,[Errno 2] No such file or directory: 'ffmpeg'
86c0c2c1-f7e2-4f4c-9c05-414962a3f696,,failed,[Errno 2] No such file or directory: 'ffmpeg'
d8530e2a-6efa-4e3e-a68b-71a08aa1a7cb,,failed,[Errno 2] No such file or directory: 'ffmpeg'
6fcc15f1-42d5-40f9-b764-a865eab8fa2c,,failed,[Errno 2] No such file or directory: 'ffmpeg'
8ec0be03-acb0-481a-8bf5-0124321f75e0,,failed,[Errno 2] No such file or directory: 'ffmpeg'
4b72a286-4d5c-4f85-9f85-f02b2d4341d5,,failed,[Errno 2] No such file or directory: 'ffmpeg'
6f1e6556-d029-4004-809a-c44d2f5659f9,,failed,[Errno 2] No such file or directory: 'ffmpeg'
23b4e1dc-f708-4db4-9976-2050d102bd1c,,failed,[Errno 2] No such file or directory: 'ffmpeg'
efce3218-9bb4-4ee2-96e7-d7443170f247,,failed,[Errno 2] No such file or directory: 'ffmpeg'
0ce64500-c8f5-4212-9b7f-471b981e0073,,failed,[Errno 2] No such file or directory: 'ffmpeg'
bc40855a-ca80-4738-a260-27986676968f,,failed,[Errno 2] No such file or directory: 'ffmpeg'
b285ff27-4ccf-4a1e-9270-138b251fef9e,,failed,[Errno 2] No such file or directory: 'ffmpeg'
30a09534-ffb8-49bb-b3cf-b21d2c6a8ad6,,failed,[Errno 2] No such file or directory: 'ffmpeg'
e4823ecf-23f5-47ad-b0da-8838d093eafa,,failed,[Errno 2] No such file or directory: 'ffmpeg'
f3b8ce94-ba2e-44a0-8ed7-745bd4fd3740,,failed,[Errno 2] No such file or directory: 'ffmpeg'
088162bb-16d7-461a-9c8b-efbf138db105,,failed,[Errno 2] No such file or directory: 'ffmpeg'
0db00104-a466-468b-aedb-34839e35d15f,,failed,[Errno 2] No such file or directory: 'ffmpeg'
3d5ed205-7103-4283-8014-e3411a09a6f4,,failed,[Errno 2] No such file or directory: 'ffmpeg'
dc1a5d8c-89a2-4530-8216-b652aeffa981,,failed,[Errno 2] No such file or directory: 'ffmpeg'
b4cfc400-0fe6-4446-bca7-f9abc9559f24,,failed,[Errno 2] No such file or directory: 'ffmpeg'
a1380b94-3a9b-42b5-9705-4a2fce4bbdd2,,failed,[Errno 2] No such file or directory: 'ffmpeg'
7a385324-6a9f-40a1-acc5-c8204c338683,,failed,[Errno 2] No such file or directory: 'ffmpeg'
bc67bb46-ccf9-479f-8d97-a88653c54d23,,failed,[Errno 2] No such file or directory: 'ffmpeg'
15647f4a-7075-4437-8d96-5578810d3763,,failed,[Errno 2] No such file or directory: 'ffmpeg'
6e05b937-a32e-470d-b787-333b35907893,,failed,[Errno 2] No such file or directory: 'ffmpeg'
862cfabf-ba40-4eaa-8168-ea12abb846ea,,failed,[Errno 2] No such file or directory: 'ffmpeg'
ff48151c-3f34-4f0f-83d9-032b81fa8ce3,,failed,[Errno 2] No such file or directory: 'ffmpeg'
baa38137-6cd4-420c-b00f-d0946d5d2f88,,failed,[Errno 2] No such file or directory: 'ffmpeg'
4016f920-0c1e-4a01-a4bd-66d0e02db27b,,failed,[Errno 2] No such file or directory: 'ffmpeg'
a92e81d5-1915-4808-9d75-ff29a0ca7135,,failed,[Errno 2] No such file or directory: 'ffmpeg'
4394a928-ef40-4e04-8762-65838aad8b8a,,failed,[Errno 2] No such file or directory: 'ffmpeg'
04b76c0a-acdc-47a8-89ea-b63d3b00f4f2,,failed,[Errno 2] No such file or directory: 'ffmpeg'
3d11064d-f3fb-4007-a878-97017266754f,,failed,[Errno 2] No such file or directory: 'ffmpeg'
14652ac9-a109-490e-97fa-5ff6b111e518,,failed,[Errno 2] No such file or directory: 'ffmpeg'
c1735963-f6c5-425a-86a6-893ff86fb111,,failed,[Errno 2] No such file or directory: 'ffmpeg'
770d3c61-d842-40f1-85d9-a1ad7ed02654,,failed,[Errno 2] No such file or directory: 'ffmpeg'
d6fdac29-f32b-4780-ad0a-3f66c3323977,,failed,[Errno 2] No such file or directory: 'ffmpeg'
bd13c28b-7c56-4046-a1a6-9589391b4998,,failed,[Errno 2] No such file or directory: 'ffmpeg'
0197e7b6-7c57-4616-83e1-77774570bbae,,failed,[Errno 2] No such file or directory: 'ffmpeg'
ca41131c-d780-404b-9e48-8253a1c06b36,,failed,[Errno 2] No such file or directory: 'ffmpeg'
62b46912-e72b-43a1-861d-0fe72b3a18cb,,failed,[Errno 2] No such file or directory: 'ffmpeg'
17a4ca83-a84e-48d8-92fc-4c33cfe3e251,,failed,[Errno 2] No such file or directory: 'ffmpeg'
72aa2683-b3ba-422f-8a48-8e64920a0ed8,,failed,[Errno 2] No such file or directory: 'ffmpeg'
78996f82-137a-4fb8-ab20-d3b5ee91c078,,failed,[Errno 2] No such file or directory: 'ffmpeg'
100f6c7f-8ef1-4a66-8ba7-86f884e74c0d,,failed,[Errno 2] No such file or directory: 'ffmpeg'
078d461f-25b1-481d-9078-1bc92d1a7a12,,failed,[Errno 2] No such file or directory: 'ffmpeg'
f643b022-7ebb-482c-ac9e-df886636752b,,failed,[Errno 2] No such file or directory: 'ffmpeg'
5c366c20-eaad-4ee2-bbd0-7aa44b0db4bf,,failed,[Errno 2] No such file or directory: 'ffmpeg'
11ebcc78-c2d6-48ea-876e-ae84b591286c,,failed,[Errno 2] No such file or directory: 'ffmpeg'
2b2d6cf7-6e5b-4633-ab9c-fcb2efc6e92f,,failed,[Errno 2] No such file or directory: 'ffmpeg'
f3982a0e-568d-48ca-8230-c53000f1fee2,,failed,[Errno 2] No such file or directory: 'ffmpeg'
d87e6793-bdc0-4388-8156-bf2755593b1f,,failed,[Errno 2] No such file or directory: 'ffmpeg'
9f40a0ef-c383-4cf1-9d2e-61c82bc3c16f,,failed,[Errno 2] No such file or directory: 'ffmpeg'
712000f9-07f0-4299-a3a0-be99d6299b79,,failed,[Errno 2] No such file or directory: 'ffmpeg'
06f0d71d-8370-46a3-9a3f-095ddca81455,,failed,[Errno 2] No such file or directory: 'ffmpeg'
9e978f76-90df-4f91-b119-3dc6bbf53b44,,failed,[Errno 2] No such file or directory: 'ffmpeg'
0f1e7acc-f9e1-4569-a4df-518330d18f26,,failed,[Errno 2] No such file or directory: 'ffmpeg'
c68ec18f-a558-4b47-b0e4-21dd1c17d76a,,failed,[Errno 2] No such file or directory: 'ffmpeg'
ce3d534d-4007-48da-b03d-6d404b9d40a6,,failed,[Errno 2] No such file or directory: 'ffmpeg'
16f36365-a2c4-4d06-8273-f8f72f8354e0,,failed,[Errno 2] No such file or directory: 'ffmpeg'
0b635fcb-74b3-40c6-90ed-3c93fea76eae,,failed,[Errno 2] No such file or directory: 'ffmpeg'
c8c068a2-ddf9-4bb7-8ad8-9ff127ec78c3,,failed,[Errno 2] No such file or directory: 'ffmpeg'
5cf96f59-221f-4190-b1c7-16bfc62022fa,,failed,[Errno 2] No such file or directory: 'ffmpeg'
25deacb1-9468-4489-9899-e9dfd3d30113,,failed,[Errno 2] No such file or directory: 'ffmpeg'
1655cccd-2e92-4638-a863-145deb2d3191,,failed,[Errno 2] No such file or directory: 'ffmpeg'
ba0a0cbb-b142-4549-a807-1d2e7c999d61,,failed,[Errno 2] No such file or directory: 'ffmpeg'
8a0eb068-bada-40f9-ae8d-2bec5a335813,,failed,[Errno 2] No such file or directory: 'ffmpeg'
96b4f6c3-2f94-4bc2-8595-e8ea8c2b4369,,failed,[Errno 2] No such file or directory: 'ffmpeg'
f2dd36a4-c4ab-49ee-aa53-fd55064cbd84,,failed,[Errno 2] No such file or directory: 'ffmpeg'
210ba90d-6922-4d36-8e70-87ccfd08b61d,,failed,[Errno 2] No such file or directory: 'ffmpeg'
ac887ded-f125-4215-95e5-a2888c77b14e,,failed,[Errno 2] No such file or directory: 'ffmpeg'
19836cfd-e695-4024-9031-a25102819ee9,,failed,[Errno 2] No such file or directory: 'ffmpeg'
f1f07fad-d3ad-4b81-89a7-0fb276e844bf,,failed,[Errno 2] No such file or directory: 'ffmpeg'
6e270e89-cf74-478d-945d-f29966ca0145,,failed,[Errno 2] No such file or directory: 'ffmpeg'
c5fae0ff-6411-4f5c-b894-5f3f23bdac47,,failed,[Errno 2] No such file or directory: 'ffmpeg'
11a55dd8-b3ce-430f-9455-e89dff924d34,,failed,[Errno 2] No such file or directory: 'ffmpeg'
c0e649ec-9e81-4a4e-b86d-05a5ca2f2af1,,failed,[Errno 2] No such file or directory: 'ffmpeg'
cec08976-fa99-4edf-aab2-70f793bc6323,,failed,[Errno 2] No such file or directory: 'ffmpeg'
1e3eebcb-058d-42b2-8021-929e89d61812,,failed,[Errno 2] No such file or directory: 'ffmpeg'
870c19df-fbef-45a1-a3f9-4614dafa3c6d,,failed,[Errno 2] No such file or directory: 'ffmpeg'
2ec6f1bd-24a6-464b-a505-9434b33cb865,,failed,[Errno 2] No such file or directory: 'ffmpeg'
35e7c656-a334-4dfe-b08e-269a7ed3aadd,,failed,[Errno 2] No such file or directory: 'ffmpeg'
c20c8c1c-5dd8-4163-adbb-1230c3a070e3,,failed,[Errno 2] No such file or directory: 'ffmpeg'
e759c5e2-91d8-4ce8-a969-ddfe88728906,,failed,[Errno 2] No such file or directory: 'ffmpeg'
59962115-2f4f-4443-a102-20446ff035f3,,failed,[Errno 2] No such file or directory: 'ffmpeg'
f1c7813e-acfa-46fa-9a3c-10b9546fcbee,,failed,[Errno 2] No such file or directory: 'ffmpeg'
ccccccb6-585f-479f-9a15-c37d090c9cee,,failed,[Errno 2] No such file or directory: 'ffmpeg'
32e2233c-cbf9-4b8a-a29c-0e93f3e0a4db,,failed,[Errno 2] No such file or directory: 'ffmpeg'
04e903c1-0d8e-4196-8abb-c382cfe4dfd6,,failed,[Errno 2] No such file or directory: 'ffmpeg'
ed3f6483-c56d-40e2-92d8-ab2e6517aa37,,failed,[Errno 2] No such file or directory: 'ffmpeg'
a8d2e67d-bb7b-45f8-af35-ad9c08fc289f,,failed,[Errno 2] No such file or directory: 'ffmpeg'
0a36b213-d75a-4624-be59-70cf3e32bf50,,failed,[Errno 2] No such file or directory: 'ffmpeg'
a84677b7-25d5-49df-b1b3-9d1232e6f3b7,,failed,[Errno 2] No such file or directory: 'ffmpeg'
0058a3c5-36ab-4c78-9e56-06844220d076,,failed,[Errno 2] No such file or directory: 'ffmpeg'
e22e1404-ddfc-4fbb-a660-6529ad8a6ad8,,failed,[Errno 2] No such file or directory: 'ffmpeg'
90af2c3a-706c-4330-bb60-20bd4c707c52,,failed,[Errno 2] No such file or directory: 'ffmpeg'
a08de12a-dced-4c32-8ea6-c73528722426,,failed,[Errno 2] No such file or directory: 'ffmpeg'
4e9f25f1-b1d7-44ef-8c40-575efb4eb238,,failed,[Errno 2] No such file or directory: 'ffmpeg'
5b99f298-cc6f-40c4-bb34-7693e06a3e1d,,failed,[Errno 2] No such file or directory: 'ffmpeg'
4a5cb351-9196-4819-9b7b-27d35c20501f,,failed,[Errno 2] No such file or directory: 'ffmpeg'
c25863c9-def9-479d-905b-b0cc04e2df45,,failed,[Errno 2] No such file or directory: 'ffmpeg'
a4cd3ec3-2852-4549-90f2-05feacafcbb2,,failed,[Errno 2] No such file or directory: 'ffmpeg'
10a4deae-cf3f-4bcc-a437-017b5ad9819b,,failed,[Errno 2] No such file or directory: 'ffmpeg'
0daf7ca2-b5ec-4629-8feb-4d1b52f9d8d5,,failed,[Errno 2] No such file or directory: 'ffmpeg'
1e9e0443-25e3-48db-8892-4087f20f017c,,failed,[Errno 2] No such file or directory: 'ffmpeg'
9ed0af4a-908e-4681-9a5e-8770363446dd,,failed,[Errno 2] No such file or directory: 'ffmpeg'
6be6e48b-234a-49e5-849a-1a106ad8cb7a,,failed,[Errno 2] No such file or directory: 'ffmpeg'
ac79991a-5f89-4a89-8466-18b6926be6aa,,failed,[Errno 2] No such file or directory: 'ffmpeg'
41fd2779-4608-4838-9a1b-761e1a9fdaa9,,failed,[Errno 2] No such file or directory: 'ffmpeg'
51cf1944-6df9-4626-bb17-c7d0a7b5cbaa,,failed,[Errno 2] No such file or directory: 'ffmpeg'
4c6dbb50-053c-42e9-81f6-972743acbcd6,,failed,[Errno 2] No such file or directory: 'ffmpeg'
6aae7cfd-3eb1-4c80-8fd2-98c7035ddf86,,failed,[Errno 2] No such file or directory: 'ffmpeg'
93a35b30-c784-487b-8e2d-e14727d8e66d,,failed,[Errno 2] No such file or directory: 'ffmpeg'
f415a16c-e823-4b7c-8a96-c5486ffeeb0e,,failed,[Errno 2] No such file or directory: 'ffmpeg'
191d319e-2746-4929-bc9f-5e7a3db815d0,,failed,[Errno 2] No such file or directory: 'ffmpeg'
ad5e24aa-6c1e-460f-828f-2591fe8150d5,,failed,[Errno 2] No such file or directory: 'ffmpeg'
6dbfebb5-ae8c-487d-afdd-dd1f64843aea,,failed,[Errno 2] No such file or directory: 'ffmpeg'
d3e04171-ad1a-494a-8ae6-f81fe416e467,,failed,[Errno 2] No such file or directory: 'ffmpeg'
1434de88-e0c7-4d1a-948f-29eab46e3381,,failed,[Errno 2] No such file or directory: 'ffmpeg'
074d4789-2e0c-4f2b-b05b-c97d9af9085a,,failed,[Errno 2] No such file or directory: 'ffmpeg'
8ef5a9a3-3f08-494c-b75c-cae6e356223a,,failed,[Errno 2] No such file or directory: 'ffmpeg'
caed78b4-5adc-4c31-899e-d4a07aff639d,,failed,[Errno 2] No such file or directory: 'ffmpeg'
eb1aba79-0110-43e7-a37d-d9d6447d031a,,failed,[Errno 2] No such file or directory: 'ffmpeg'
efb09f3f-07f4-428d-8fef-132eaa5d92e1,,failed,[Errno 2] No such file or directory: 'ffmpeg'
ba0f60e5-fdd2-4ab6-ad3f-a94d5c074a23,,failed,[Errno 2] No such file or directory: 'ffmpeg'
d910410e-7265-4a2c-a5e6-733fb7935688,,failed,[Errno 2] No such file or directory: 'ffmpeg'
61251baa-72f3-4b94-a08c-db7592017074,,failed,[Errno 2] No such file or directory: 'ffmpeg'
e60e995c-319e-4c83-a6a0-5339f06ff9a7,,failed,[Errno 2] No such file or directory: 'ffmpeg'
dfd1ae9e-67f8-4e22-bb86-81c8382b9e04,,failed,[Errno 2] No such file or directory: 'ffmpeg'
a3f5b9af-97e5-4409-9205-5f497a5d8de7,,failed,[Errno 2] No such file or directory: 'ffmpeg'
529f6e18-8e4d-4255-8b15-1f5d6afbdf41,,failed,[Errno 2] No such file or directory: 'ffmpeg'
2f1b1c56-9fae-4e06-a68f-db1f87aeabb8,,failed,[Errno 2] No such file or directory: 'ffmpeg'
887cc23f-2c3e-424d-88f3-3d090f9a8eb2,,failed,[Errno 2] No such file or directory: 'ffmpeg'
bd04f609-4acb-42ad-a576-ea6ed6f41818,,failed,[Errno 2] No such file or directory: 'ffmpeg'
f3eee21e-9abe-477a-a1f3-3f801d11f671,,failed,[Errno 2] No such file or directory: 'ffmpeg'
b91aba57-724d-464d-a60b-c95f1b6037d9,,failed,[Errno 2] No such file or directory: 'ffmpeg'
82fcd250-4ada-4e65-9225-1f91e2db2826,,failed,[Errno 2] No such file or directory: 'ffmpeg'
d755c4c5-2d60-4f66-8b0e-27ccfe09cbfa,,failed,[Errno 2] No such file or directory: 'ffmpeg'
2c391cad-516c-40ad-901c-c5297fbfbe59,,failed,[Errno 2] No such file or directory: 'ffmpeg'
418ad3a1-075b-4d0e-bcc2-956cb6214c5c,,failed,[Errno 2] No such file or directory: 'ffmpeg'
d5bfc6ce-81f6-44ae-a6db-1b3205207b50,,failed,[Errno 2] No such file or directory: 'ffmpeg'
fb072969-5739-4c8a-a8f5-5743552ff12f,,failed,[Errno 2] No such file or directory: 'ffmpeg'
2f8275b4-a8f3-46c6-83be-3bc6cfb181cd,,failed,[Errno 2] No such file or directory: 'ffmpeg'
bc0d48b0-e7af-4232-9224-7f6a29921f55,,failed,[Errno 2] No such file or directory: 'ffmpeg'
90dd0e94-b432-49c0-a91f-aff157a13f8e,,failed,[Errno 2] No such file or directory: 'ffmpeg'
0e1e3d44-a4f9-49b6-91c3-12a64deee330,,failed,[Errno 2] No such file or directory: 'ffmpeg'
b569aa3b-31e3-46fc-805b-41a100806d72,,failed,[Errno 2] No such file or directory: 'ffmpeg'
e4a7ce2e-0f03-4b4e-89f1-188b7885d4d3,,failed,[Errno 2] No such file or directory: 'ffmpeg'
5836554d-5133-4f19-8a8e-5e9cd02e435c,,failed,[Errno 2] No such file or directory: 'ffmpeg'
23801ebc-83c7-43f2-86dd-af7f1da2526b,,failed,[Errno 2] No such file or directory: 'ffmpeg'
8fbc1d9b-b79f-47a8-8ff0-7e6d25cf9ee2,,failed,[Errno 2] No such file or directory: 'ffmpeg'
5ec92fde-b173-4ceb-bf91-f3d8a42e385a,,failed,[Errno 2] No such file or directory: 'ffmpeg'
134fe2e1-cb67-4814-90a4-00b922a2322d,,failed,[Errno 2] No such file or directory: 'ffmpeg'
69c45dc3-73c3-4de9-b80e-63afa4dd6d1a,,failed,[Errno 2] No such file or directory: 'ffmpeg'
caac0a6b-f306-4727-9b40-3badf105a61f,,failed,[Errno 2] No such file or directory: 'ffmpeg'
169f526b-2c78-485e-a81e-efb0782a3b0c,,failed,[Errno 2] No such file or directory: 'ffmpeg'
d47dfa1a-827d-4ac1-a519-b62e5a0a4379,,failed,[Errno 2] No such file or directory: 'ffmpeg'
5bcd9733-6a7b-4b12-9940-948dcf5ea4f3,,failed,[Errno 2] No such file or directory: 'ffmpeg'
c9a84df0-bad9-4586-82ab-6a9eec95325d,,failed,[Errno 2] No such file or directory: 'ffmpeg'
31dfe31f-fefe-40b9-8fd8-ef10c1201c92,,failed,[Errno 2] No such file or directory: 'ffmpeg'
9a3a0d7e-a0d0-43db-ba46-f0580965cffe,,failed,[Errno 2] No such file or directory: 'ffmpeg'
9e0acee4-d17e-4684-b228-048f8310bba6,,failed,[Errno 2] No such file or directory: 'ffmpeg'
061989be-9207-4e80-b174-76e8d981fb2c,,failed,[Errno 2] No such file or directory: 'ffmpeg'
228b89e8-84ee-40f0-aa83-65953b74746d,,failed,[Errno 2] No such file or directory: 'ffmpeg'
f10733f0-7c93-45b9-bab1-acb307874889,,failed,[Errno 2] No such file or directory: 'ffmpeg'
7f95946e-5439-4398-bb04-9bfa2a683e92,,failed,[Errno 2] No such file or directory: 'ffmpeg'
811f98ce-6f03-42cf-b80b-17f43b57324b,,failed,[Errno 2] No such file or directory: 'ffmpeg'
05c659ee-25d7-4e51-b794-d93b6fdb7c9e,,failed,[Errno 2] No such file or directory: 'ffmpeg'
c3f5c776-4a57-4b5a-9576-bb530222a9a5,,failed,[Errno 2] No such file or directory: 'ffmpeg'
21375edf-1791-405c-b823-aadc49881025,,failed,[Errno 2] No such file or directory: 'ffmpeg'
7be82ed7-7be9-44ca-a913-87bf3f42a3e1,,failed,[Errno 2] No such file or directory: 'ffmpeg'
2282d7ef-e5fa-4e31-a842-8a460c058139,,failed,[Errno 2] No such file or directory: 'ffmpeg'
f2fb10c4-14da-486a-acd5-d4a9c63be430,,failed,[Errno 2] No such file or directory: 'ffmpeg'
3ceb772b-8832-4ee7-8ff4-c337f4705dea,,failed,[Errno 2] No such file or directory: 'ffmpeg'
cac050c4-643f-4d79-a1b9-b6a62acee680,,failed,[Errno 2] No such file or directory: 'ffmpeg'
89d549b9-c999-43a6-b2c5-91f3416d2ade,,failed,[Errno 2] No such file or directory: 'ffmpeg'
