id,createdAt,updatedAt,uploadedUrl,streamableUrl,transcodeJobId,transcodeStatus,transcodeMessage,duration,is_speech
4368c30e-a587-483c-86df-749ee160e930,2021-02-08 18:12:12.133277,2021-02-08 18:12:12.133277,https://says-api-uploaded-audio-dev.s3.amazonaws.com/saysuseraudio1612807931889.m4a,https://says-api-streamable-audio-dev.s3.amazonaws.com/saysuseraudio1612807931889.mp3,1612807932078-sin4uz,Submitted,,,True
d30d00f8-633d-4c85-9f10-e41fc0ea4780,2021-02-09 16:05:37.929757,2021-02-09 16:05:37.929757,https://says-api-uploaded-audio-dev.s3.amazonaws.com/saysuseraudio1612886737701.m4a,https://says-api-streamable-audio-dev.s3.amazonaws.com/saysuseraudio1612886737701.mp3,1612886737875-8x74sh,Submitted,,,True
da974a87-3062-4084-9f08-387eaa2dd9e0,2021-03-15 04:50:46.875269,2021-03-15 04:55:46.985315,https://says-api-uploaded-audio.s3.amazonaws.com/saysuseraudio1615783846615.m4a,https://says-api-streamable-audio.s3.amazonaws.com/saysuseraudio1615783846615.mp3,1615783846760-9zsc2u,Complete,Transcode job 1615783846760-9zsc2u was completed.,6.0,False
1dff287a-bf34-4e80-9505-52766d2bfda8,2021-02-09 17:49:14.799697,2021-02-09 17:49:14.799697,https://says-api-uploaded-audio-dev.s3.amazonaws.com/saysuseraudio1612892954609.m4a,https://says-api-streamable-audio-dev.s3.amazonaws.com/saysuseraudio1612892954609.mp3,1612892954758-rkkrui,Submitted,,,True
83ab625b-736c-4ec9-acc9-6f037cd42d84,2021-03-15 04:51:11.921958,2021-03-15 04:56:12.024077,https://says-api-uploaded-audio.s3.amazonaws.com/saysuseraudio1615783871666.m4a,https://says-api-streamable-audio.s3.amazonaws.com/saysuseraudio1615783871666.mp3,1615783871838-ix7lro,Complete,Transcode job 1615783871838-ix7lro was completed.,6.0,False
a7c269ed-f38b-4f15-a7b2-b692cdb53a29,2021-03-15 05:44:59.107503,2021-03-15 05:49:59.252475,https://says-api-uploaded-audio.s3.amazonaws.com/saysuseraudio1615787098879.m4a,https://says-api-streamable-audio.s3.amazonaws.com/saysuseraudio1615787098879.mp3,1615787098967-rovevn,Complete,Transcode job 1615787098967-rovevn was completed.,5.0,False
c0fe394b-6f0e-4cb1-934b-52248c1fa505,2021-03-15 05:39:20.716545,2021-03-15 05:44:20.827050,https://says-api-uploaded-audio.s3.amazonaws.com/saysuseraudio1615786760241.m4a,https://says-api-streamable-audio.s3.amazonaws.com/saysuseraudio1615786760241.mp3,1615786760607-fhkqms,Complete,Transcode job 1615786760607-fhkqms was completed.,6.0,False
ca6f5410-ca34-42bc-a16d-b76d78e82435,2021-03-15 05:52:58.483459,2021-03-15 05:57:58.602653,https://says-api-uploaded-audio.s3.amazonaws.com/saysuseraudio1615787578263.m4a,https://says-api-streamable-audio.s3.amazonaws.com/saysuseraudio1615787578263.mp3,1615787578398-pbpqbp,Complete,Transcode job 1615787578398-pbpqbp was completed.,6.0,False
ad49e621-f522-4ff2-a665-2c2fbad16fc2,2021-03-15 05:56:10.311979,2021-03-15 06:01:10.430044,https://says-api-uploaded-audio.s3.amazonaws.com/saysuseraudio1615787770109.m4a,https://says-api-streamable-audio.s3.amazonaws.com/saysuseraudio1615787770109.mp3,1615787770218-jttyga,Complete,Transcode job 1615787770218-jttyga was completed.,6.0,False
6bc7b6cd-ff35-434b-b9f9-8fb1105a0cf3,2021-03-15 05:59:05.735295,2021-03-15 06:04:05.822320,https://says-api-uploaded-audio.s3.amazonaws.com/saysuseraudio1615787945546.m4a,https://says-api-streamable-audio.s3.amazonaws.com/saysuseraudio1615787945546.mp3,1615787945654-yxg3nh,Complete,Transcode job 1615787945654-yxg3nh was completed.,4.0,False
a1674039-a3bb-46e7-aefb-2a1d13b11b19,2021-03-15 14:41:57.872786,2021-03-15 14:46:57.949965,https://says-api-uploaded-audio.s3.amazonaws.com/saysuseraudio1615819317619.m4a,https://says-api-streamable-audio.s3.amazonaws.com/saysuseraudio1615819317619.mp3,1615819317734-m2sxk2,Complete,Transcode job 1615819317734-m2sxk2 was completed.,6.0,False
46f2b755-0cbf-4e34-bbc0-701c794ab643,2021-03-15 14:41:40.234053,2021-03-15 14:46:40.372462,https://says-api-uploaded-audio.s3.amazonaws.com/saysuseraudio1615819299951.m4a,https://says-api-streamable-audio.s3.amazonaws.com/saysuseraudio1615819299951.mp3,1615819300098-41uy4v,Complete,Transcode job 1615819300098-41uy4v was completed.,10.0,False
84cb5b23-465f-44fc-8366-5913a9350efb,2021-02-23 16:57:56.379524,2021-02-23 17:02:56.497350,https://says-api-uploaded-audio.s3.amazonaws.com/saysuseraudio1614099476107.m4a,https://says-api-streamable-audio.s3.amazonaws.com/saysuseraudio1614099476107.mp3,1614099476281-52dt18,Complete,Transcode job 1614099476281-52dt18 was completed.,34.0,True
3f4d5feb-8109-4f15-9d6b-93f35b6bb5b1,2021-03-16 05:52:54.326822,2021-03-16 05:57:54.432961,https://says-api-uploaded-audio.s3.amazonaws.com/saysuseraudio1615873974073.m4a,https://says-api-streamable-audio.s3.amazonaws.com/saysuseraudio1615873974073.mp3,1615873974206-b8g5bf,Complete,Transcode job 1615873974206-b8g5bf was completed.,6.0,False
a0362d27-0c3b-4259-9d59-e755da5f0833,2021-03-16 05:53:16.692670,2021-03-16 05:58:16.770601,https://says-api-uploaded-audio.s3.amazonaws.com/saysuseraudio1615873996483.m4a,https://says-api-streamable-audio.s3.amazonaws.com/saysuseraudio1615873996483.mp3,1615873996591-rtdro1,Complete,Transcode job 1615873996591-rtdro1 was completed.,6.0,False
e7215ae1-080f-493b-8d28-d04e3a1ff722,2021-03-16 05:53:21.401027,2021-03-16 05:58:21.451483,https://says-api-uploaded-audio.s3.amazonaws.com/saysuseraudio1615874001223.m4a,https://says-api-streamable-audio.s3.amazonaws.com/saysuseraudio1615874001223.mp3,1615874001297-yjn7ml,Complete,Transcode job 1615874001297-yjn7ml was completed.,6.0,False
110a3f7c-1c07-4415-bc46-9e07910032ff,2021-03-16 05:53:22.306483,2021-03-16 05:58:22.364486,https://says-api-uploaded-audio.s3.amazonaws.com/saysuseraudio1615874002147.m4a,https://says-api-streamable-audio.s3.amazonaws.com/saysuseraudio1615874002147.mp3,1615874002216-oxsig6,Complete,Transcode job 1615874002216-oxsig6 was completed.,6.0,False
9afb3472-9dc9-498c-8948-dcf411ceb133,2021-03-16 05:53:23.547324,2021-03-16 05:58:23.599410,https://says-api-uploaded-audio.s3.amazonaws.com/saysuseraudio1615874003355.m4a,https://says-api-streamable-audio.s3.amazonaws.com/saysuseraudio1615874003355.mp3,1615874003459-qo81py,Complete,Transcode job 1615874003459-qo81py was completed.,6.0,False
f11559d7-d8ac-4e78-9868-c3352e02ce66,2022-08-28 17:57:32.142763,2022-08-28 17:57:37.335935,https://says-api-uploaded-audio.s3.amazonaws.com/saysuseraudio1661709451907.m4a,https://says-api-streamable-audio.s3.amazonaws.com/saysuseraudio1661709451907.mp3,1661709452044-k385bg,Complete,Transcode job 1661709452044-k385bg was completed.,18.0,True
d46ac973-f1f5-474d-a411-eda690d228cd,2021-03-16 05:53:24.003000,2021-03-16 05:58:24.050397,https://says-api-uploaded-audio.s3.amazonaws.com/saysuseraudio1615874003851.m4a,https://says-api-streamable-audio.s3.amazonaws.com/saysuseraudio1615874003851.mp3,1615874003929-x1cpt1,Complete,Transcode job 1615874003929-x1cpt1 was completed.,6.0,False
a6c9a674-7b08-4f06-86f5-e0f8bc375b87,2021-03-16 05:53:24.645390,2021-03-16 05:58:24.696904,https://says-api-uploaded-audio.s3.amazonaws.com/saysuseraudio1615874004463.m4a,https://says-api-streamable-audio.s3.amazonaws.com/saysuseraudio1615874004463.mp3,1615874004536-t4vu62,Complete,Transcode job 1615874004536-t4vu62 was completed.,6.0,False
456295c9-0560-482d-8d13-86624c48106a,2021-03-16 05:59:12.788324,2021-03-16 06:04:12.899241,https://says-api-uploaded-audio.s3.amazonaws.com/saysuseraudio1615874352553.m4a,https://says-api-streamable-audio.s3.amazonaws.com/saysuseraudio1615874352553.mp3,1615874352712-wyy5go,Complete,Transcode job 1615874352712-wyy5go was completed.,4.0,False
54a2f4b1-f5cc-4fd1-9234-f91db69a0651,2021-03-16 05:54:10.476271,2021-03-16 05:59:10.612343,https://says-api-uploaded-audio.s3.amazonaws.com/saysuseraudio1615874050287.m4a,https://says-api-streamable-audio.s3.amazonaws.com/saysuseraudio1615874050287.mp3,1615874050379-k4mdig,Complete,Transcode job 1615874050379-k4mdig was completed.,6.0,False
8e0d2a58-2a1d-4230-a358-ec74e38696f5,2021-03-16 06:00:13.687679,2021-03-16 06:05:13.818684,https://says-api-uploaded-audio.s3.amazonaws.com/saysuseraudio1615874413409.m4a,https://says-api-streamable-audio.s3.amazonaws.com/saysuseraudio1615874413409.mp3,1615874413580-xeg4y7,Complete,Transcode job 1615874413580-xeg4y7 was completed.,4.0,False
115bc709-6202-4795-9efa-fe95d022de12,2021-03-16 06:00:28.653907,2021-03-16 06:05:28.741281,https://says-api-uploaded-audio.s3.amazonaws.com/saysuseraudio1615874428475.m4a,https://says-api-streamable-audio.s3.amazonaws.com/saysuseraudio1615874428475.mp3,1615874428574-9ucc5r,Complete,Transcode job 1615874428574-9ucc5r was completed.,5.0,False
750ce8bd-0652-46fd-a65c-adea236a61a4,2021-03-16 18:44:42.258508,2021-03-16 18:49:42.392096,https://says-api-uploaded-audio.s3.amazonaws.com/saysuseraudio1615920282031.m4a,https://says-api-streamable-audio.s3.amazonaws.com/saysuseraudio1615920282031.mp3,1615920282171-1lxk1b,Complete,Transcode job 1615920282171-1lxk1b was completed.,5.0,False
8cba9da9-5890-401c-92aa-f9765887ecac,2021-03-18 03:32:42.027687,2021-03-18 03:37:42.137335,https://says-api-uploaded-audio.s3.amazonaws.com/saysuseraudio1616038361812.m4a,https://says-api-streamable-audio.s3.amazonaws.com/saysuseraudio1616038361812.mp3,1616038361961-ql58tj,Complete,Transcode job 1616038361961-ql58tj was completed.,6.0,False
52848e2d-336b-4941-9e6d-33ce4f219285,2021-03-18 04:01:35.252838,2021-03-18 04:06:35.351134,https://says-api-uploaded-audio.s3.amazonaws.com/saysuseraudio1616040094867.m4a,https://says-api-streamable-audio.s3.amazonaws.com/saysuseraudio1616040094867.mp3,1616040095159-qxk932,Complete,Transcode job 1616040095159-qxk932 was completed.,9.0,False
870ba226-3df5-4eef-aa42-9bc3426741c8,2021-03-18 16:54:08.766192,2021-03-18 16:59:08.885907,https://says-api-uploaded-audio.s3.amazonaws.com/saysuseraudio1616086448482.m4a,https://says-api-streamable-audio.s3.amazonaws.com/saysuseraudio1616086448482.mp3,1616086448632-pr3i65,Complete,Transcode job 1616086448632-pr3i65 was completed.,6.0,False
61eeb5fc-410e-4b36-93b2-54faa0bb511f,2021-03-18 03:54:24.287622,2021-03-18 03:59:24.391267,https://says-api-uploaded-audio.s3.amazonaws.com/saysuseraudio1616039664056.m4a,https://says-api-streamable-audio.s3.amazonaws.com/saysuseraudio1616039664056.mp3,1616039664190-8iqn7b,Complete,Transcode job 1616039664190-8iqn7b was completed.,11.0,False
0bc35cf6-92c1-4592-8a15-d32dec311312,2021-03-19 14:21:01.733406,2021-03-19 14:26:01.822751,https://says-api-uploaded-audio.s3.amazonaws.com/saysuseraudio1616163661477.m4a,https://says-api-streamable-audio.s3.amazonaws.com/saysuseraudio1616163661477.mp3,1616163661643-l4f7kz,Complete,Transcode job 1616163661643-l4f7kz was completed.,11.0,False
f63cb54c-be18-4692-b355-36de8ffea43c,2021-03-19 14:20:21.365882,2021-03-19 14:25:21.486814,https://says-api-uploaded-audio.s3.amazonaws.com/saysuseraudio1616163621076.m4a,https://says-api-streamable-audio.s3.amazonaws.com/saysuseraudio1616163621076.mp3,1616163621260-1t11hm,Complete,Transcode job 1616163621260-1t11hm was completed.,13.0,False
1860aaba-71e2-49cd-8f0f-0ce1807e21c2,2021-02-09 20:47:44.103165,2021-02-09 20:47:44.103165,https://says-api-uploaded-audio-dev.s3.amazonaws.com/saysuseraudio1612903663800.m4a,https://says-api-streamable-audio-dev.s3.amazonaws.com/saysuseraudio1612903663800.mp3,1612903664050-tcfw7d,Submitted,,,False
f6ad8d62-e425-4e99-bd61-ec460691dfc6,2021-02-09 20:35:58.661645,2021-02-09 20:35:58.661645,https://says-api-uploaded-audio-dev.s3.amazonaws.com/saysuseraudio1612902958394.m4a,https://says-api-streamable-audio-dev.s3.amazonaws.com/saysuseraudio1612902958394.mp3,1612902958596-b7f8d1,Submitted,,,False
e25bf79d-0fe9-477a-a664-d36ac24290e8,2021-03-19 14:55:31.106247,2021-03-19 15:00:31.190594,https://says-api-uploaded-audio.s3.amazonaws.com/saysuseraudio1616165730869.m4a,https://says-api-streamable-audio.s3.amazonaws.com/saysuseraudio1616165730869.mp3,1616165731022-phpmj5,Complete,Transcode job 1616165731022-phpmj5 was completed.,12.0,False
d8d1b47e-a030-4d0c-a89f-ae2b3602e0df,2021-03-19 15:04:17.448414,2021-03-19 15:09:17.558504,https://says-api-uploaded-audio.s3.amazonaws.com/saysuseraudio1616166257168.m4a,https://says-api-streamable-audio.s3.amazonaws.com/saysuseraudio1616166257168.mp3,1616166257326-rbw28r,Complete,Transcode job 1616166257326-rbw28r was completed.,7.0,False
55433d7b-ce8c-428c-baaf-79de97e0ac5b,2021-03-19 18:39:04.950916,2021-03-19 18:44:05.060553,https://says-api-uploaded-audio.s3.amazonaws.com/saysuseraudio1616179144743.m4a,https://says-api-streamable-audio.s3.amazonaws.com/saysuseraudio1616179144743.mp3,1616179144850-st2sof,Complete,Transcode job 1616179144850-st2sof was completed.,4.0,True
39df7bcd-fddf-40a8-a559-0e9b3eea6b9e,2021-03-19 15:08:11.318654,2021-03-19 15:13:11.432394,https://says-api-uploaded-audio.s3.amazonaws.com/saysuseraudio1616166491043.m4a,https://says-api-streamable-audio.s3.amazonaws.com/saysuseraudio1616166491043.mp3,1616166491197-g8cezk,Complete,Transcode job 1616166491197-g8cezk was completed.,4.0,False
fcceed0d-ac1a-4c2f-ad2b-c480a46c18d0,2021-03-21 02:42:41.401436,2021-03-21 02:47:41.507432,https://says-api-uploaded-audio.s3.amazonaws.com/saysuseraudio1616294561103.m4a,https://says-api-streamable-audio.s3.amazonaws.com/saysuseraudio1616294561103.mp3,1616294561257-fvf6uh,Complete,Transcode job 1616294561257-fvf6uh was completed.,5.0,False
9b40c149-b3ac-49d3-8a2a-70cdc1d4686b,2021-03-19 14:56:36.042982,2021-03-19 15:01:36.146128,https://says-api-uploaded-audio.s3.amazonaws.com/saysuseraudio1616165795845.m4a,https://says-api-streamable-audio.s3.amazonaws.com/saysuseraudio1616165795845.mp3,1616165795953-tihcty,Complete,Transcode job 1616165795953-tihcty was completed.,17.0,False
941b4b23-d7a2-4345-abb6-c63d912ffcf7,2021-03-21 16:46:00.460998,2021-03-21 16:51:00.567700,https://says-api-uploaded-audio.s3.amazonaws.com/saysuseraudio1616345160235.m4a,https://says-api-streamable-audio.s3.amazonaws.com/saysuseraudio1616345160235.mp3,1616345160384-gttog3,Complete,Transcode job 1616345160384-gttog3 was completed.,3.0,False
a4ba958a-994b-43ca-bae2-a60cd84ad3d3,2021-02-09 22:06:43.703003,2021-02-09 22:06:43.703003,https://says-api-uploaded-audio-dev.s3.amazonaws.com/saysuseraudio1612908403458.m4a,https://says-api-streamable-audio-dev.s3.amazonaws.com/saysuseraudio1612908403458.mp3,1612908403626-eq7g1i,Submitted,,,False
d0c6ddfc-b407-4b71-85d9-713111f4d316,2021-11-01 13:52:59.192004,2021-11-01 13:53:29.247924,https://says-api-uploaded-audio.s3.amazonaws.com/saysuseraudio1635774778997.m4a,https://says-api-streamable-audio.s3.amazonaws.com/saysuseraudio1635774778997.mp3,1635774779093-4x3ci4,Complete,Transcode job 1635774779093-4x3ci4 was completed.,5.0,False
027e2793-4234-4fb5-bcdd-61f273cef42c,2021-03-22 02:18:20.606841,2021-03-22 02:23:20.698311,https://says-api-uploaded-audio.s3.amazonaws.com/saysuseraudio1616379500351.m4a,https://says-api-streamable-audio.s3.amazonaws.com/saysuseraudio1616379500351.mp3,1616379500503-cgfkjj,Complete,Transcode job 1616379500503-cgfkjj was completed.,6.0,False
69c74b49-ac74-4f2b-bc5c-0182c417226c,2021-04-04 17:39:47.286040,2021-04-04 17:44:47.528867,https://says-api-uploaded-audio.s3.amazonaws.com/saysuseraudio1617557987055.m4a,https://says-api-streamable-audio.s3.amazonaws.com/saysuseraudio1617557987055.mp3,1617557987180-jfbutf,Complete,Transcode job 1617557987180-jfbutf was completed.,4.0,True
8ddd3ac9-625c-4cb9-8b59-b3ae4ef137d5,2021-03-22 21:52:37.196383,2021-03-22 21:57:37.285081,https://says-api-uploaded-audio.s3.amazonaws.com/saysuseraudio1616449956944.m4a,https://says-api-streamable-audio.s3.amazonaws.com/saysuseraudio1616449956944.mp3,1616449957112-y26o5e,Complete,Transcode job 1616449957112-y26o5e was completed.,8.0,False
bb5dace1-3c09-45a3-a33c-a5bf90f2a3c5,2021-04-07 03:06:13.296920,2021-04-07 03:11:13.403582,https://says-api-uploaded-audio.s3.amazonaws.com/saysuseraudio1617764773068.m4a,https://says-api-streamable-audio.s3.amazonaws.com/saysuseraudio1617764773068.mp3,1617764773208-69jh5a,Complete,Transcode job 1617764773208-69jh5a was completed.,2.0,False
0fb6ae03-c8a0-4614-b54e-b4333c356c4f,2021-03-23 03:30:39.674513,2021-03-23 03:35:39.788269,https://says-api-uploaded-audio.s3.amazonaws.com/saysuseraudio1616470239448.m4a,https://says-api-streamable-audio.s3.amazonaws.com/saysuseraudio1616470239448.mp3,1616470239574-nslbzr,Complete,Transcode job 1616470239574-nslbzr was completed.,7.0,False
2f3fd8bb-251b-4676-a9f7-ea4dded5f768,2021-03-22 14:14:51.773832,2021-03-22 14:19:51.910543,https://says-api-uploaded-audio.s3.amazonaws.com/saysuseraudio1616422491485.m4a,https://says-api-streamable-audio.s3.amazonaws.com/saysuseraudio1616422491485.mp3,1616422491672-uxq96q,Complete,Transcode job 1616422491672-uxq96q was completed.,10.0,False
194417cb-c135-49ab-a406-c7a3a2874c2c,2021-04-10 22:56:55.887164,2021-04-10 23:01:56.065626,https://says-api-uploaded-audio.s3.amazonaws.com/saysuseraudio1618095415663.m4a,https://says-api-streamable-audio.s3.amazonaws.com/saysuseraudio1618095415663.mp3,1618095415794-8w835z,Complete,Transcode job 1618095415794-8w835z was completed.,4.0,False
421acfa2-8cf2-4dc2-a47d-b1a11d82b3eb,2021-04-05 23:45:07.275518,2021-04-05 23:50:07.428176,https://says-api-uploaded-audio.s3.amazonaws.com/saysuseraudio1617666306976.m4a,https://says-api-streamable-audio.s3.amazonaws.com/saysuseraudio1617666306976.mp3,1617666307179-d3qx6o,Complete,Transcode job 1617666307179-d3qx6o was completed.,7.0,True
37e2702d-d7d7-4b04-a34c-be183452c003,2021-04-13 23:46:10.071197,2021-04-13 23:51:10.181408,https://says-api-uploaded-audio.s3.amazonaws.com/saysuseraudio1618357569725.m4a,https://says-api-streamable-audio.s3.amazonaws.com/saysuseraudio1618357569725.mp3,1618357569966-awit04,Complete,Transcode job 1618357569966-awit04 was completed.,8.0,True
cd64d997-7203-4d0e-aa6b-3e14d440f2b2,2021-04-20 18:19:40.466387,2021-04-20 18:24:40.571739,https://says-api-uploaded-audio.s3.amazonaws.com/saysuseraudio1618942780218.m4a,https://says-api-streamable-audio.s3.amazonaws.com/saysuseraudio1618942780218.mp3,1618942780374-zvrcat,Complete,Transcode job 1618942780374-zvrcat was completed.,5.0,False
8175d02c-4cd1-422d-acde-72d9fd95268d,2021-04-14 02:42:36.634675,2021-04-14 02:47:36.775662,https://says-api-uploaded-audio.s3.amazonaws.com/saysuseraudio1618368156439.m4a,https://says-api-streamable-audio.s3.amazonaws.com/saysuseraudio1618368156439.mp3,1618368156546-0odu31,Complete,Transcode job 1618368156546-0odu31 was completed.,8.0,True
2c16fe40-c1b1-4eed-969e-2e7d9e4577f5,2021-04-15 19:30:56.488163,2021-04-15 19:35:56.602194,https://says-api-uploaded-audio.s3.amazonaws.com/saysuseraudio1618515056253.m4a,https://says-api-streamable-audio.s3.amazonaws.com/saysuseraudio1618515056253.mp3,1618515056377-k6ing1,Complete,Transcode job 1618515056377-k6ing1 was completed.,6.0,True
47bac8ea-0019-4a79-8e67-393cf749ec41,2021-04-14 02:42:12.004824,2021-04-14 02:47:12.110341,https://says-api-uploaded-audio.s3.amazonaws.com/saysuseraudio1618368131684.m4a,https://says-api-streamable-audio.s3.amazonaws.com/saysuseraudio1618368131684.mp3,1618368131902-2zy0j5,Complete,Transcode job 1618368131902-2zy0j5 was completed.,11.0,True
0b641cda-ac8e-4b1f-bf01-94d8ec5009cd,2021-04-21 00:39:34.365059,2021-04-21 00:44:34.459139,https://says-api-uploaded-audio.s3.amazonaws.com/saysuseraudio1618965574109.m4a,https://says-api-streamable-audio.s3.amazonaws.com/saysuseraudio1618965574109.mp3,1618965574268-ez8027,Complete,Transcode job 1618965574268-ez8027 was completed.,4.0,False
66708cfa-b436-4c19-9aaa-874d73a2f70d,2021-04-20 18:19:58.587042,2021-04-20 18:24:58.702261,https://says-api-uploaded-audio.s3.amazonaws.com/saysuseraudio1618942798419.m4a,https://says-api-streamable-audio.s3.amazonaws.com/saysuseraudio1618942798419.mp3,1618942798500-4awj1v,Complete,Transcode job 1618942798500-4awj1v was completed.,5.0,False
f89fec61-59ac-46c9-a50c-04cc4a3a7892,2021-04-21 00:39:55.639656,2021-04-21 00:44:55.706939,https://says-api-uploaded-audio.s3.amazonaws.com/saysuseraudio1618965595467.m4a,https://says-api-streamable-audio.s3.amazonaws.com/saysuseraudio1618965595467.mp3,1618965595538-gc6va4,Complete,Transcode job 1618965595538-gc6va4 was completed.,4.0,False
23195349-89ec-4aa6-adbf-a38775209c77,2021-04-21 00:57:22.843843,2021-04-21 01:02:22.982061,https://says-api-uploaded-audio.s3.amazonaws.com/saysuseraudio1618966642623.m4a,https://says-api-streamable-audio.s3.amazonaws.com/saysuseraudio1618966642623.mp3,1618966642752-juqsce,Complete,Transcode job 1618966642752-juqsce was completed.,3.0,True
7c397f7c-1aaf-4f36-a567-d13c2cd366fc,2021-04-21 00:40:54.604541,2021-04-21 00:45:54.703226,https://says-api-uploaded-audio.s3.amazonaws.com/saysuseraudio1618965654374.m4a,https://says-api-streamable-audio.s3.amazonaws.com/saysuseraudio1618965654374.mp3,1618965654520-xb7saf,Complete,Transcode job 1618965654520-xb7saf was completed.,7.0,False
afec44c3-9e35-415d-b868-d554f420b731,2021-04-21 00:58:00.803651,2021-04-21 01:03:00.875582,https://says-api-uploaded-audio.s3.amazonaws.com/saysuseraudio1618966680623.m4a,https://says-api-streamable-audio.s3.amazonaws.com/saysuseraudio1618966680623.mp3,1618966680722-tpt477,Complete,Transcode job 1618966680722-tpt477 was completed.,4.0,False
2d6849a9-3f10-424d-a652-a6f7f6a111af,2021-04-21 00:58:16.952509,2021-04-21 01:03:17.049235,https://says-api-uploaded-audio.s3.amazonaws.com/saysuseraudio1618966696719.m4a,https://says-api-streamable-audio.s3.amazonaws.com/saysuseraudio1618966696719.mp3,1618966696854-b2vch2,Complete,Transcode job 1618966696854-b2vch2 was completed.,5.0,False
21d5931b-b996-4ef7-9546-7df8ac7af36e,2021-04-21 00:57:48.845160,2021-04-21 01:02:48.928356,https://says-api-uploaded-audio.s3.amazonaws.com/saysuseraudio1618966668640.m4a,https://says-api-streamable-audio.s3.amazonaws.com/saysuseraudio1618966668640.mp3,1618966668720-64drhz,Complete,Transcode job 1618966668720-64drhz was completed.,6.0,False
784a48b2-d020-4c86-8e14-0289d09c31f9,2021-04-21 01:02:54.275090,2021-04-21 01:07:54.382523,https://says-api-uploaded-audio.s3.amazonaws.com/saysuseraudio1618966974123.m4a,https://says-api-streamable-audio.s3.amazonaws.com/saysuseraudio1618966974123.mp3,1618966974199-8djzsw,Complete,Transcode job 1618966974199-8djzsw was completed.,4.0,True
40933365-0929-4020-92b7-127cca462c06,2021-04-21 16:03:15.455494,2021-04-21 16:08:15.568550,https://says-api-uploaded-audio.s3.amazonaws.com/saysuseraudio1619020995256.m4a,https://says-api-streamable-audio.s3.amazonaws.com/saysuseraudio1619020995256.mp3,1619020995383-p2a0fa,Complete,Transcode job 1619020995383-p2a0fa was completed.,5.0,False
0bc7d2ef-d9d7-47f6-9459-e477f6933186,2021-04-21 16:03:45.062624,2021-04-21 16:08:45.162327,https://says-api-uploaded-audio.s3.amazonaws.com/saysuseraudio1619021024895.m4a,https://says-api-streamable-audio.s3.amazonaws.com/saysuseraudio1619021024895.mp3,1619021024989-r31lar,Complete,Transcode job 1619021024989-r31lar was completed.,5.0,False
727a4fe9-8e0d-4a71-88ef-39414fe2c933,2021-04-21 16:03:57.080245,2021-04-21 16:08:57.157725,https://says-api-uploaded-audio.s3.amazonaws.com/saysuseraudio1619021036911.m4a,https://says-api-streamable-audio.s3.amazonaws.com/saysuseraudio1619021036911.mp3,1619021036996-7xw45k,Complete,Transcode job 1619021036996-7xw45k was completed.,4.0,False
e1d440d4-6b72-427d-a681-1308ff193023,2021-04-21 00:58:45.697838,2021-04-21 01:03:45.839769,https://says-api-uploaded-audio.s3.amazonaws.com/saysuseraudio1618966725534.m4a,https://says-api-streamable-audio.s3.amazonaws.com/saysuseraudio1618966725534.mp3,1618966725609-s2w066,Complete,Transcode job 1618966725609-s2w066 was completed.,11.0,True
0762c8c5-d52c-48e1-8caf-510028e48e0d,2021-04-21 16:54:59.152427,2021-04-21 16:59:59.241746,https://says-api-uploaded-audio.s3.amazonaws.com/saysuseraudio1619024098923.m4a,https://says-api-streamable-audio.s3.amazonaws.com/saysuseraudio1619024098923.mp3,1619024099040-c6ml1l,Complete,Transcode job 1619024099040-c6ml1l was completed.,3.0,False
0ccccd0f-f5f4-4957-9311-ec738fb1a339,2021-04-21 16:56:42.846940,2021-04-21 17:01:42.937052,https://says-api-uploaded-audio.s3.amazonaws.com/saysuseraudio1619024202679.m4a,https://says-api-streamable-audio.s3.amazonaws.com/saysuseraudio1619024202679.mp3,1619024202762-ddjyhv,Complete,Transcode job 1619024202762-ddjyhv was completed.,3.0,False
d28886ec-b940-4e2f-9439-57616872fd69,2021-04-21 16:57:41.701967,2021-04-21 17:02:41.812930,https://says-api-uploaded-audio.s3.amazonaws.com/saysuseraudio1619024261527.m4a,https://says-api-streamable-audio.s3.amazonaws.com/saysuseraudio1619024261527.mp3,1619024261607-aer6es,Complete,Transcode job 1619024261607-aer6es was completed.,4.0,False
3712c974-d1b2-4c8d-baca-9a932d3a98c8,2021-04-21 16:58:10.722423,2021-04-21 17:03:10.802603,https://says-api-uploaded-audio.s3.amazonaws.com/saysuseraudio1619024290555.m4a,https://says-api-streamable-audio.s3.amazonaws.com/saysuseraudio1619024290555.mp3,1619024290635-y0gti9,Complete,Transcode job 1619024290635-y0gti9 was completed.,2.0,False
bb3a8518-4ab5-4e81-afd0-bd866bf31594,2021-04-21 16:57:55.900243,2021-04-21 17:02:55.985419,https://says-api-uploaded-audio.s3.amazonaws.com/saysuseraudio1619024275747.m4a,https://says-api-streamable-audio.s3.amazonaws.com/saysuseraudio1619024275747.mp3,1619024275818-krdawo,Complete,Transcode job 1619024275818-krdawo was completed.,4.0,False
989ab65f-336d-44a7-9e4b-bbfa38ad8f20,2021-04-21 17:00:47.437385,2021-04-21 17:05:47.570364,https://says-api-uploaded-audio.s3.amazonaws.com/saysuseraudio1619024447250.m4a,https://says-api-streamable-audio.s3.amazonaws.com/saysuseraudio1619024447250.mp3,1619024447345-f9qimm,Complete,Transcode job 1619024447345-f9qimm was completed.,4.0,False
dc5e7c3d-7c6a-49a7-8918-56d2042341be,2021-04-21 16:25:08.464626,2021-04-21 16:30:09.931586,https://says-api-uploaded-audio.s3.amazonaws.com/saysuseraudio1619022308061.m4a,https://says-api-streamable-audio.s3.amazonaws.com/saysuseraudio1619022308061.mp3,1619022308209-n7cj4a,Complete,Transcode job 1619022308209-n7cj4a was completed.,12.0,False
3a2277b0-3a05-451e-bf76-588e42d2e4a9,2021-04-21 17:36:46.449955,2021-04-21 17:41:46.567097,https://says-api-uploaded-audio.s3.amazonaws.com/saysuseraudio1619026606194.m4a,https://says-api-streamable-audio.s3.amazonaws.com/saysuseraudio1619026606194.mp3,1619026606305-u6i6dc,Complete,Transcode job 1619026606305-u6i6dc was completed.,8.0,False
9a7d44ba-ebf8-42fe-ba2b-6280704bf898,2021-04-21 16:24:03.654952,2021-04-21 16:29:03.746699,https://says-api-uploaded-audio.s3.amazonaws.com/saysuseraudio1619022243392.m4a,https://says-api-streamable-audio.s3.amazonaws.com/saysuseraudio1619022243392.mp3,1619022243554-usiah7,Complete,Transcode job 1619022243554-usiah7 was completed.,18.0,False
1b7ec8d6-774e-4734-af4f-6cfb95150584,2021-04-21 17:39:22.972918,2021-04-21 17:44:23.060502,https://says-api-uploaded-audio.s3.amazonaws.com/saysuseraudio1619026762739.m4a,https://says-api-streamable-audio.s3.amazonaws.com/saysuseraudio1619026762739.mp3,1619026762882-rgvjjk,Complete,Transcode job 1619026762882-rgvjjk was completed.,8.0,False
708d03bb-29fd-485c-81de-da54702ba599,2021-04-21 21:37:19.748633,2021-04-21 21:42:19.850909,https://says-api-uploaded-audio.s3.amazonaws.com/saysuseraudio1619041039462.m4a,https://says-api-streamable-audio.s3.amazonaws.com/saysuseraudio1619041039462.mp3,1619041039642-rt5ye9,Complete,Transcode job 1619041039642-rt5ye9 was completed.,5.0,False
e02bf449-0214-4f0f-b6f2-9ad974db919d,2021-04-22 15:28:13.228541,2021-04-22 15:33:13.358651,https://says-api-uploaded-audio.s3.amazonaws.com/saysuseraudio1619105293015.m4a,https://says-api-streamable-audio.s3.amazonaws.com/saysuseraudio1619105293015.mp3,1619105293148-vg13z4,Complete,Transcode job 1619105293148-vg13z4 was completed.,5.0,False
1f476f39-b112-404a-a0fd-dc229ac13761,2021-04-21 20:55:19.609189,2021-04-21 21:00:36.896760,https://says-api-uploaded-audio.s3.amazonaws.com/saysuseraudio1619038519310.m4a,https://says-api-streamable-audio.s3.amazonaws.com/saysuseraudio1619038519310.mp3,1619038519517-iknc6o,Complete,Transcode job 1619038519517-iknc6o was completed.,8.0,False
15e5670d-1018-4d23-935b-0695f38ffa7d,2021-04-22 15:58:44.735645,2021-04-22 16:03:44.847029,https://says-api-uploaded-audio.s3.amazonaws.com/saysuseraudio1619107124503.m4a,https://says-api-streamable-audio.s3.amazonaws.com/saysuseraudio1619107124503.mp3,1619107124608-gunwzm,Complete,Transcode job 1619107124608-gunwzm was completed.,4.0,True
ea39e580-d6fb-4052-af48-4439fee24ff6,2021-04-21 18:42:48.697394,2021-04-21 18:47:48.831901,https://says-api-uploaded-audio.s3.amazonaws.com/saysuseraudio1619030568332.m4a,https://says-api-streamable-audio.s3.amazonaws.com/saysuseraudio1619030568332.mp3,1619030568481-hz33dy,Complete,Transcode job 1619030568481-hz33dy was completed.,14.0,True
cce59760-efbb-4ca9-93a0-b2faccfb2feb,2021-04-24 14:06:27.608523,2021-04-24 14:11:27.741063,https://says-api-uploaded-audio.s3.amazonaws.com/saysuseraudio1619273187329.m4a,https://says-api-streamable-audio.s3.amazonaws.com/saysuseraudio1619273187329.mp3,1619273187497-rrfiix,Complete,Transcode job 1619273187497-rrfiix was completed.,3.0,True
129c1dc3-d9af-45e3-bba1-c9d0f57640d3,2021-04-24 21:56:22.677359,2021-04-24 22:01:22.815019,https://says-api-uploaded-audio.s3.amazonaws.com/saysuseraudio1619301382507.m4a,https://says-api-streamable-audio.s3.amazonaws.com/saysuseraudio1619301382507.mp3,1619301382587-nsemuu,Complete,Transcode job 1619301382587-nsemuu was completed.,4.0,True
ee73a0bb-ac1c-46f7-89e3-9832d21203a7,2021-04-24 19:44:46.489552,2021-04-24 19:49:46.602397,https://says-api-uploaded-audio.s3.amazonaws.com/saysuseraudio1619293486236.m4a,https://says-api-streamable-audio.s3.amazonaws.com/saysuseraudio1619293486236.mp3,1619293486389-tolitq,Complete,Transcode job 1619293486389-tolitq was completed.,7.0,False
7abc8b0e-27da-487b-a57d-17bb2c1f60a6,2021-04-25 01:27:21.682728,2021-04-25 01:32:21.799368,https://says-api-uploaded-audio.s3.amazonaws.com/saysuseraudio1619314041473.m4a,https://says-api-streamable-audio.s3.amazonaws.com/saysuseraudio1619314041473.mp3,1619314041601-xcc138,Complete,Transcode job 1619314041601-xcc138 was completed.,7.0,False
d752fdbb-e9d5-41af-ac31-05eddfa18e3f,2021-04-24 21:06:58.475464,2021-04-24 21:11:58.596340,https://says-api-uploaded-audio.s3.amazonaws.com/saysuseraudio1619298418178.m4a,https://says-api-streamable-audio.s3.amazonaws.com/saysuseraudio1619298418178.mp3,1619298418391-yi3sm1,Complete,Transcode job 1619298418391-yi3sm1 was completed.,11.0,True
77920485-ff3a-48d1-bcc9-8574426cdb16,2021-11-14 02:04:10.990265,2021-11-14 02:04:41.069240,https://says-api-uploaded-audio.s3.amazonaws.com/saysuseraudio1636855450729.m4a,https://says-api-streamable-audio.s3.amazonaws.com/saysuseraudio1636855450729.mp3,1636855450893-cs20cv,Complete,Transcode job 1636855450893-cs20cv was completed.,90.0,True
40a67bd5-c092-45c7-b966-e02a7100e496,2021-03-19 14:17:29.816580,2021-03-19 14:22:29.936733,https://says-api-uploaded-audio.s3.amazonaws.com/saysuseraudio1616163449457.m4a,https://says-api-streamable-audio.s3.amazonaws.com/saysuseraudio1616163449457.mp3,1616163449720-rfjjon,Complete,Transcode job 1616163449720-rfjjon was completed.,99.0,False
a2d71567-2c92-45c0-9e68-a7ba5d37200e,2021-04-27 15:17:07.732898,2021-04-27 15:22:07.853621,https://says-api-uploaded-audio.s3.amazonaws.com/saysuseraudio1619536627359.m4a,https://says-api-streamable-audio.s3.amazonaws.com/saysuseraudio1619536627359.mp3,1619536627577-232n91,Complete,Transcode job 1619536627577-232n91 was completed.,8.0,False
df2fecfb-259b-41fa-b2ea-e6bb84f15b72,2021-11-01 13:56:02.740391,2021-11-01 13:56:32.814914,https://says-api-uploaded-audio.s3.amazonaws.com/saysuseraudio1635774962492.m4a,https://says-api-streamable-audio.s3.amazonaws.com/saysuseraudio1635774962492.mp3,1635774962661-ezd2kw,Complete,Transcode job 1635774962661-ezd2kw was completed.,6.0,False
671b7cd4-ec16-44bf-bb01-a7fba134e37c,2021-04-25 22:55:41.271820,2021-04-25 23:00:54.429718,https://says-api-uploaded-audio.s3.amazonaws.com/saysuseraudio1619391341020.m4a,https://says-api-streamable-audio.s3.amazonaws.com/saysuseraudio1619391341020.mp3,1619391341175-qj30oc,Complete,Transcode job 1619391341175-qj30oc was completed.,16.0,False
a9849e74-9e5e-4a37-8be5-ff45808c7720,2021-04-27 15:17:55.049567,2021-04-27 15:22:55.126057,https://says-api-uploaded-audio.s3.amazonaws.com/saysuseraudio1619536674781.m4a,https://says-api-streamable-audio.s3.amazonaws.com/saysuseraudio1619536674781.mp3,1619536674962-zzowh2,Complete,Transcode job 1619536674962-zzowh2 was completed.,11.0,False
8c64790c-a97b-4e57-974f-b9f36478bb87,2021-04-27 17:03:28.726024,2021-04-27 17:08:28.834436,https://says-api-uploaded-audio.s3.amazonaws.com/saysuseraudio1619543008501.m4a,https://says-api-streamable-audio.s3.amazonaws.com/saysuseraudio1619543008501.mp3,1619543008647-iwjxw6,Complete,Transcode job 1619543008647-iwjxw6 was completed.,7.0,False
51d9300a-dc7d-4758-af24-ebdf846d8d19,2021-04-25 23:46:49.056699,2021-04-25 23:51:49.157713,https://says-api-uploaded-audio.s3.amazonaws.com/saysuseraudio1619394408758.m4a,https://says-api-streamable-audio.s3.amazonaws.com/saysuseraudio1619394408758.mp3,1619394408891-bxg0jy,Complete,Transcode job 1619394408891-bxg0jy was completed.,18.0,True
e6510e16-7d9a-4018-b15b-88cbc76f2c6d,2021-04-27 18:06:01.848474,2021-04-27 18:11:02.043496,https://says-api-uploaded-audio.s3.amazonaws.com/saysuseraudio1619546761454.m4a,https://says-api-streamable-audio.s3.amazonaws.com/saysuseraudio1619546761454.mp3,1619546761724-jtcija,Complete,Transcode job 1619546761724-jtcija was completed.,9.0,False
a06ea007-86db-488f-a178-072b77dd8843,2021-04-27 19:07:46.416346,2021-04-27 19:12:46.533964,https://says-api-uploaded-audio.s3.amazonaws.com/saysuseraudio1619550466247.m4a,https://says-api-streamable-audio.s3.amazonaws.com/saysuseraudio1619550466247.mp3,1619550466342-pvfxpr,Complete,Transcode job 1619550466342-pvfxpr was completed.,6.0,True
2567a9a7-f8c3-4093-923d-feb3bb2909c9,2021-04-27 21:24:35.437551,2021-04-27 21:29:35.516776,https://says-api-uploaded-audio.s3.amazonaws.com/saysuseraudio1619558675168.m4a,https://says-api-streamable-audio.s3.amazonaws.com/saysuseraudio1619558675168.mp3,1619558675332-1zlcny,Complete,Transcode job 1619558675332-1zlcny was completed.,7.0,True
86f7c9ee-0eb0-4937-a476-a0fd36affc61,2021-04-30 15:03:04.413745,2021-04-30 15:08:04.516343,https://says-api-uploaded-audio.s3.amazonaws.com/saysuseraudio1619794984113.m4a,https://says-api-streamable-audio.s3.amazonaws.com/saysuseraudio1619794984113.mp3,1619794984230-g75ssd,Complete,Transcode job 1619794984230-g75ssd was completed.,4.0,True
15b0b948-690e-4b03-9dcb-631caccc2f5d,2021-04-29 16:09:52.172574,2021-04-29 16:14:52.271165,https://says-api-uploaded-audio.s3.amazonaws.com/saysuseraudio1619712591934.m4a,https://says-api-streamable-audio.s3.amazonaws.com/saysuseraudio1619712591934.mp3,1619712592077-gx7feo,Complete,Transcode job 1619712592077-gx7feo was completed.,6.0,True
bff25035-81b0-4aa2-b828-07a8de84b393,2021-04-28 17:36:50.265210,2021-04-28 17:41:50.393876,https://says-api-uploaded-audio.s3.amazonaws.com/saysuseraudio1619631409998.m4a,https://says-api-streamable-audio.s3.amazonaws.com/saysuseraudio1619631409998.mp3,1619631410152-tzi99o,Complete,Transcode job 1619631410152-tzi99o was completed.,10.0,False
637f50bc-e5aa-4037-87e1-cdb284ec5559,2021-04-30 05:06:54.778097,2021-04-30 05:11:54.892324,https://says-api-uploaded-audio.s3.amazonaws.com/saysuseraudio1619759214542.m4a,https://says-api-streamable-audio.s3.amazonaws.com/saysuseraudio1619759214542.mp3,1619759214685-z2m8nc,Complete,Transcode job 1619759214685-z2m8nc was completed.,8.0,True
6352aabe-739c-4d1b-b822-3cbd78a5923c,2021-04-30 16:25:00.016342,2021-04-30 16:30:00.154016,https://says-api-uploaded-audio.s3.amazonaws.com/saysuseraudio1619799899603.m4a,https://says-api-streamable-audio.s3.amazonaws.com/saysuseraudio1619799899603.mp3,1619799899896-643iy4,Complete,Transcode job 1619799899896-643iy4 was completed.,7.0,True
3ddb2c52-c5b6-4925-a878-f6243cd59c81,2021-04-30 15:04:59.275974,2021-04-30 15:09:59.376547,https://says-api-uploaded-audio.s3.amazonaws.com/saysuseraudio1619795099058.m4a,https://says-api-streamable-audio.s3.amazonaws.com/saysuseraudio1619795099058.mp3,1619795099200-3kdyiz,Complete,Transcode job 1619795099200-3kdyiz was completed.,11.0,True
46d4e5a0-102e-4b3f-9e75-96e1c2b17fec,2021-05-01 22:33:22.858552,2021-05-01 22:38:23.011846,https://says-api-uploaded-audio.s3.amazonaws.com/saysuseraudio1619908402633.m4a,https://says-api-streamable-audio.s3.amazonaws.com/saysuseraudio1619908402633.mp3,1619908402769-m9934o,Complete,Transcode job 1619908402769-m9934o was completed.,8.0,True
737ee65b-c8fb-4dc6-8dbe-69a893d9868b,2021-05-03 03:37:22.916109,2021-05-03 03:42:23.037481,https://says-api-uploaded-audio.s3.amazonaws.com/saysuseraudio1620013042657.m4a,https://says-api-streamable-audio.s3.amazonaws.com/saysuseraudio1620013042657.mp3,1620013042802-fmxr40,Complete,Transcode job 1620013042802-fmxr40 was completed.,7.0,False
6c7650a8-fce7-4895-8607-a26e8dd6901c,2021-05-05 01:43:37.388270,2021-05-05 01:48:37.726705,https://says-api-uploaded-audio.s3.amazonaws.com/saysuseraudio1620179017187.m4a,https://says-api-streamable-audio.s3.amazonaws.com/saysuseraudio1620179017187.mp3,1620179017302-xy2rxk,Complete,Transcode job 1620179017302-xy2rxk was completed.,3.0,False
2299e466-2c6c-4227-bf2e-5543489ac896,2021-04-27 18:10:25.181766,2021-04-27 18:15:58.830389,https://says-api-uploaded-audio.s3.amazonaws.com/saysuseraudio1619547024858.m4a,https://says-api-streamable-audio.s3.amazonaws.com/saysuseraudio1619547024858.mp3,1619547025101-twfjjv,Complete,Transcode job 1619547025101-twfjjv was completed.,24.0,False
38b44438-40e0-4009-8084-e3ec2c03859c,2021-05-05 20:21:17.978413,2021-05-05 20:26:18.123078,https://says-api-uploaded-audio.s3.amazonaws.com/saysuseraudio1620246077711.m4a,https://says-api-streamable-audio.s3.amazonaws.com/saysuseraudio1620246077711.mp3,1620246077832-18aa0k,Complete,Transcode job 1620246077832-18aa0k was completed.,5.0,False
64de7541-dfaf-41f3-b85b-509de7628722,2021-05-07 20:49:55.351486,2021-05-07 20:54:55.497495,https://says-api-uploaded-audio.s3.amazonaws.com/saysuseraudio1620420595122.m4a,https://says-api-streamable-audio.s3.amazonaws.com/saysuseraudio1620420595122.mp3,1620420595250-1nwrvt,Complete,Transcode job 1620420595250-1nwrvt was completed.,3.0,False
3c331eaf-514c-4b20-b394-6037ab946921,2021-05-05 20:11:03.293005,2021-05-05 20:16:03.429697,https://says-api-uploaded-audio.s3.amazonaws.com/saysuseraudio1620245462976.m4a,https://says-api-streamable-audio.s3.amazonaws.com/saysuseraudio1620245462976.mp3,1620245463195-z8gsln,Complete,Transcode job 1620245463195-z8gsln was completed.,10.0,False
b82e2bfc-9de1-4137-8e9b-7a94d18385f5,2021-05-05 14:59:27.398192,2021-05-05 15:04:27.530592,https://says-api-uploaded-audio.s3.amazonaws.com/saysuseraudio1620226765733.m4a,https://says-api-streamable-audio.s3.amazonaws.com/saysuseraudio1620226765733.mp3,1620226765886-xlmg8h,Complete,Transcode job 1620226765886-xlmg8h was completed.,11.0,True
31e7e1a4-7da1-44eb-8940-4f1f467ea47f,2021-05-07 21:10:22.028421,2021-05-07 21:20:22.164725,https://says-api-uploaded-audio.s3.amazonaws.com/saysuseraudio1620421821811.m4a,https://says-api-streamable-audio.s3.amazonaws.com/saysuseraudio1620421821811.mp3,1620421821925-mhoite,Complete,Transcode job 1620421821925-mhoite was completed.,6.0,False
0492878a-ed36-437f-bf8c-126573eeb0d9,2021-05-07 21:11:11.487982,2021-05-07 21:16:11.713839,https://says-api-uploaded-audio.s3.amazonaws.com/saysuseraudio1620421871288.m4a,https://says-api-streamable-audio.s3.amazonaws.com/saysuseraudio1620421871288.mp3,1620421871413-cdvg8n,Complete,Transcode job 1620421871413-cdvg8n was completed.,7.0,False
f44c7793-4c52-419c-a5dc-65c0d991b764,2021-05-07 23:46:55.732889,2021-05-07 23:51:55.839418,https://says-api-uploaded-audio.s3.amazonaws.com/saysuseraudio1620431215464.m4a,https://says-api-streamable-audio.s3.amazonaws.com/saysuseraudio1620431215464.mp3,1620431215617-y2i6fj,Complete,Transcode job 1620431215617-y2i6fj was completed.,11.0,False
06f68473-c18c-4001-8a4a-c505a81102f4,2021-05-07 23:47:27.663172,2021-05-07 23:52:27.754963,https://says-api-uploaded-audio.s3.amazonaws.com/saysuseraudio1620431247460.m4a,https://says-api-streamable-audio.s3.amazonaws.com/saysuseraudio1620431247460.mp3,1620431247579-0xs83d,Complete,Transcode job 1620431247579-0xs83d was completed.,9.0,False
f40ee37b-eddb-4c63-bdd9-d99c74f0568c,2021-05-08 19:09:20.039218,2021-05-08 19:14:20.196497,https://says-api-uploaded-audio.s3.amazonaws.com/saysuseraudio1620500959807.m4a,https://says-api-streamable-audio.s3.amazonaws.com/saysuseraudio1620500959807.mp3,1620500959943-atlqv5,Complete,Transcode job 1620500959943-atlqv5 was completed.,6.0,True
4325ec54-c092-40d6-acfe-bcd29f271fa9,2021-05-05 02:09:17.440416,2021-05-05 02:14:17.588605,https://says-api-uploaded-audio.s3.amazonaws.com/saysuseraudio1620180557187.m4a,https://says-api-streamable-audio.s3.amazonaws.com/saysuseraudio1620180557187.mp3,1620180557356-nclf83,Complete,Transcode job 1620180557356-nclf83 was completed.,30.0,True
a2be19ed-9931-4146-8e01-93ff60575f65,2021-05-11 18:20:48.545698,2021-05-11 18:25:48.776217,https://says-api-uploaded-audio.s3.amazonaws.com/saysuseraudio1620757248325.m4a,https://says-api-streamable-audio.s3.amazonaws.com/saysuseraudio1620757248325.mp3,1620757248464-s696iu,Complete,Transcode job 1620757248464-s696iu was completed.,7.0,False
beea320e-4f29-4aa9-b2f2-58bec3486666,2021-05-14 04:19:00.378952,2021-05-14 04:24:00.492579,https://says-api-uploaded-audio.s3.amazonaws.com/saysuseraudio1620965940138.m4a,https://says-api-streamable-audio.s3.amazonaws.com/saysuseraudio1620965940138.mp3,1620965940289-zbov3a,Complete,Transcode job 1620965940289-zbov3a was completed.,6.0,False
0012d176-c941-4c93-96cb-a710b0790c55,2021-05-14 04:19:13.448755,2021-05-14 04:24:13.549453,https://says-api-uploaded-audio.s3.amazonaws.com/saysuseraudio1620965953269.m4a,https://says-api-streamable-audio.s3.amazonaws.com/saysuseraudio1620965953269.mp3,1620965953376-khyr7j,Complete,Transcode job 1620965953376-khyr7j was completed.,6.0,False
188e67a3-5cb1-4337-886c-b9052556867e,2021-05-14 04:21:40.037348,2021-05-14 04:26:40.172291,https://says-api-uploaded-audio.s3.amazonaws.com/saysuseraudio1620966099874.m4a,https://says-api-streamable-audio.s3.amazonaws.com/saysuseraudio1620966099874.mp3,1620966099966-zqtq4w,Complete,Transcode job 1620966099966-zqtq4w was completed.,6.0,False
8d0a86a2-4fbb-4c36-95b3-ea0c94bb785e,2021-05-14 05:29:46.891382,2021-05-14 05:34:46.990281,https://says-api-uploaded-audio.s3.amazonaws.com/saysuseraudio1620970186674.m4a,https://says-api-streamable-audio.s3.amazonaws.com/saysuseraudio1620970186674.mp3,1620970186810-d17c4v,Complete,Transcode job 1620970186810-d17c4v was completed.,4.0,False
af180310-400b-4ccc-bb2f-f25caff7d65d,2021-05-14 05:29:35.922779,2021-05-14 05:34:36.017388,https://says-api-uploaded-audio.s3.amazonaws.com/saysuseraudio1620970175618.m4a,https://says-api-streamable-audio.s3.amazonaws.com/saysuseraudio1620970175618.mp3,1620970175775-76vb6u,Complete,Transcode job 1620970175775-76vb6u was completed.,6.0,False
578b159f-0d0a-4026-8748-3aaec6b4f628,2021-05-14 04:42:25.311326,2021-05-14 04:47:25.433152,https://says-api-uploaded-audio.s3.amazonaws.com/saysuseraudio1620967345056.m4a,https://says-api-streamable-audio.s3.amazonaws.com/saysuseraudio1620967345056.mp3,1620967345213-cya3tz,Complete,Transcode job 1620967345213-cya3tz was completed.,7.0,False
6ef133aa-a8a8-48cf-a4c5-7b05e8b7f417,2021-05-14 05:30:29.102282,2021-05-14 05:35:29.213693,https://says-api-uploaded-audio.s3.amazonaws.com/saysuseraudio1620970228737.m4a,https://says-api-streamable-audio.s3.amazonaws.com/saysuseraudio1620970228737.mp3,1620970229027-1h4y2b,Complete,Transcode job 1620970229027-1h4y2b was completed.,4.0,False
fa059a86-423c-40fe-8438-57924ad3789e,2021-05-14 05:30:54.870509,2021-05-14 05:35:54.973505,https://says-api-uploaded-audio.s3.amazonaws.com/saysuseraudio1620970254698.m4a,https://says-api-streamable-audio.s3.amazonaws.com/saysuseraudio1620970254698.mp3,1620970254793-ijt750,Complete,Transcode job 1620970254793-ijt750 was completed.,4.0,False
17cd6366-8d99-4903-8c05-c22df28e93e2,2021-05-14 05:35:34.583438,2021-05-14 05:40:34.731022,https://says-api-uploaded-audio.s3.amazonaws.com/saysuseraudio1620970534433.m4a,https://says-api-streamable-audio.s3.amazonaws.com/saysuseraudio1620970534433.mp3,1620970534511-u8edcu,Complete,Transcode job 1620970534511-u8edcu was completed.,4.0,False
a5955f32-7a93-4445-8ad0-e75e42b5afc8,2021-05-14 05:36:19.376131,2021-05-14 05:41:19.482256,https://says-api-uploaded-audio.s3.amazonaws.com/saysuseraudio1620970579194.m4a,https://says-api-streamable-audio.s3.amazonaws.com/saysuseraudio1620970579194.mp3,1620970579290-rvs7j0,Complete,Transcode job 1620970579290-rvs7j0 was completed.,5.0,False
c2bd4488-4d6e-47f9-903b-be79c7808ded,2021-05-16 01:26:52.920428,2021-05-16 01:31:53.079091,https://says-api-uploaded-audio.s3.amazonaws.com/saysuseraudio1621128412702.m4a,https://says-api-streamable-audio.s3.amazonaws.com/saysuseraudio1621128412702.mp3,1621128412819-ocrmef,Complete,Transcode job 1621128412819-ocrmef was completed.,5.0,False
a0138d66-90cf-4e16-81cc-df1f26207b1e,2021-05-16 01:29:11.798311,2021-05-16 01:34:11.901592,https://says-api-uploaded-audio.s3.amazonaws.com/saysuseraudio1621128551375.m4a,https://says-api-streamable-audio.s3.amazonaws.com/saysuseraudio1621128551375.mp3,1621128551626-sn4dsl,Complete,Transcode job 1621128551626-sn4dsl was completed.,9.0,False
fc927468-3d34-4483-ab1b-0e4a1f6ea0ee,2021-05-16 01:50:59.516189,2021-05-16 01:55:59.646923,https://says-api-uploaded-audio.s3.amazonaws.com/saysuseraudio1621129859340.m4a,https://says-api-streamable-audio.s3.amazonaws.com/saysuseraudio1621129859340.mp3,1621129859422-dh5uyh,Complete,Transcode job 1621129859422-dh5uyh was completed.,8.0,False
846aa572-5f33-48a4-a067-f1295ee6f172,2021-05-06 20:22:23.848497,2021-05-06 20:27:23.975424,https://says-api-uploaded-audio.s3.amazonaws.com/saysuseraudio1620332543475.m4a,https://says-api-streamable-audio.s3.amazonaws.com/saysuseraudio1620332543475.mp3,1620332543753-02941u,Complete,Transcode job 1620332543753-02941u was completed.,54.0,True
8496d1e1-9c4e-442e-9139-97ac11afb765,2021-05-16 01:35:52.959457,2021-05-16 01:40:53.104327,https://says-api-uploaded-audio.s3.amazonaws.com/saysuseraudio1621128952690.m4a,https://says-api-streamable-audio.s3.amazonaws.com/saysuseraudio1621128952690.mp3,1621128952872-24ji3e,Complete,Transcode job 1621128952872-24ji3e was completed.,11.0,False
2fef0048-8c80-4d54-9d29-fd69417a0398,2021-05-16 01:55:07.027968,2021-05-16 02:00:11.803933,https://says-api-uploaded-audio.s3.amazonaws.com/saysuseraudio1621130106791.m4a,https://says-api-streamable-audio.s3.amazonaws.com/saysuseraudio1621130106791.mp3,1621130106909-0a00nb,Complete,Transcode job 1621130106909-0a00nb was completed.,5.0,False
54a71a41-5c75-4a69-8581-7ead5cc6c4fa,2021-05-16 01:54:29.133439,2021-05-16 01:59:29.210380,https://says-api-uploaded-audio.s3.amazonaws.com/saysuseraudio1621130068962.m4a,https://says-api-streamable-audio.s3.amazonaws.com/saysuseraudio1621130068962.mp3,1621130069041-u7olzd,Complete,Transcode job 1621130069041-u7olzd was completed.,6.0,False
9136d3bb-c25a-473d-aaa5-6b304bda2b89,2021-05-16 01:52:45.948797,2021-05-16 01:57:46.074800,https://says-api-uploaded-audio.s3.amazonaws.com/saysuseraudio1621129965739.m4a,https://says-api-streamable-audio.s3.amazonaws.com/saysuseraudio1621129965739.mp3,1621129965869-togpps,Complete,Transcode job 1621129965869-togpps was completed.,12.0,False
879d1f73-6133-4e73-a4e1-86abe306bf9a,2021-05-17 16:06:19.965812,2021-05-17 16:11:20.119481,https://says-api-uploaded-audio.s3.amazonaws.com/saysuseraudio1621267579652.m4a,https://says-api-streamable-audio.s3.amazonaws.com/saysuseraudio1621267579652.mp3,1621267579869-c1btkl,Complete,Transcode job 1621267579869-c1btkl was completed.,8.0,False
f88d7de5-d8ff-4e2b-a726-dae097a037f4,2021-05-17 16:07:19.399864,2021-05-17 16:12:19.495740,https://says-api-uploaded-audio.s3.amazonaws.com/saysuseraudio1621267639204.m4a,https://says-api-streamable-audio.s3.amazonaws.com/saysuseraudio1621267639204.mp3,1621267639316-d9nwic,Complete,Transcode job 1621267639316-d9nwic was completed.,8.0,False
9cfa502b-69b1-4a56-bc77-222e70e46a35,2021-05-17 16:33:37.770688,2021-05-17 16:38:37.913821,https://says-api-uploaded-audio.s3.amazonaws.com/saysuseraudio1621269217549.m4a,https://says-api-streamable-audio.s3.amazonaws.com/saysuseraudio1621269217549.mp3,1621269217699-bpcnsr,Complete,Transcode job 1621269217699-bpcnsr was completed.,6.0,False
102e1aed-c52b-4cc1-aca4-89d2b7bd7e7f,2021-05-17 16:20:40.490995,2021-05-17 16:25:40.625116,https://says-api-uploaded-audio.s3.amazonaws.com/saysuseraudio1621268440236.m4a,https://says-api-streamable-audio.s3.amazonaws.com/saysuseraudio1621268440236.mp3,1621268440408-lk25dy,Complete,Transcode job 1621268440408-lk25dy was completed.,10.0,False
4cbf703e-eea0-45c4-834f-dab7ba113142,2021-05-17 16:51:12.028899,2021-05-17 16:56:12.170056,https://says-api-uploaded-audio.s3.amazonaws.com/saysuseraudio1621270271877.m4a,https://says-api-streamable-audio.s3.amazonaws.com/saysuseraudio1621270271877.mp3,1621270271959-vyw0ea,Complete,Transcode job 1621270271959-vyw0ea was completed.,6.0,False
6ac24838-c9d5-473f-a84e-5d888dc07815,2021-05-17 17:22:19.936134,2021-05-17 17:27:20.092259,https://says-api-uploaded-audio.s3.amazonaws.com/saysuseraudio1621272139745.m4a,https://says-api-streamable-audio.s3.amazonaws.com/saysuseraudio1621272139745.mp3,1621272139852-treb4j,Complete,Transcode job 1621272139852-treb4j was completed.,4.0,False
7edcd001-c73c-4fc8-9cda-ec0715182e1a,2021-05-17 16:48:26.978961,2021-05-17 16:53:27.069232,https://says-api-uploaded-audio.s3.amazonaws.com/saysuseraudio1621270106695.m4a,https://says-api-streamable-audio.s3.amazonaws.com/saysuseraudio1621270106695.mp3,1621270106878-zl5zd4,Complete,Transcode job 1621270106878-zl5zd4 was completed.,11.0,False
ed50d2be-5a75-43e6-91ed-0919049aa5d3,2021-05-17 17:30:48.833203,2021-05-17 17:35:48.988804,https://says-api-uploaded-audio.s3.amazonaws.com/saysuseraudio1621272648577.m4a,https://says-api-streamable-audio.s3.amazonaws.com/saysuseraudio1621272648577.mp3,1621272648692-475vp4,Complete,Transcode job 1621272648692-475vp4 was completed.,7.0,False
50414907-f61c-42dc-b3e4-6044794a9985,2021-05-17 22:47:29.307656,2021-05-17 22:52:29.448943,https://says-api-uploaded-audio.s3.amazonaws.com/saysuseraudio1621291649026.m4a,https://says-api-streamable-audio.s3.amazonaws.com/saysuseraudio1621291649026.mp3,1621291649213-op8ta4,Complete,Transcode job 1621291649213-op8ta4 was completed.,4.0,True
b2b94096-a1a4-4f56-acfd-c25ecfa2980e,2021-05-17 17:46:49.199046,2021-05-17 17:51:49.338680,https://says-api-uploaded-audio.s3.amazonaws.com/saysuseraudio1621273608968.m4a,https://says-api-streamable-audio.s3.amazonaws.com/saysuseraudio1621273608968.mp3,1621273609104-knz217,Complete,Transcode job 1621273609104-knz217 was completed.,6.0,False
c2ffc36d-0bc8-4fa5-8d61-2b125f410262,2021-05-01 01:47:30.788252,2021-05-01 01:52:30.923514,https://says-api-uploaded-audio.s3.amazonaws.com/saysuseraudio1619833650430.m4a,https://says-api-streamable-audio.s3.amazonaws.com/saysuseraudio1619833650430.mp3,1619833650687-ml0cfy,Complete,Transcode job 1619833650687-ml0cfy was completed.,91.0,False
a2a44120-84ba-435b-b0e5-83d99e342500,2021-05-18 04:50:25.495591,2021-05-18 04:55:25.593696,https://says-api-uploaded-audio.s3.amazonaws.com/saysuseraudio1621313425322.m4a,https://says-api-streamable-audio.s3.amazonaws.com/saysuseraudio1621313425322.mp3,1621313425397-d0pkub,Complete,Transcode job 1621313425397-d0pkub was completed.,6.0,False
a0dd6fbc-e38e-44d4-b732-bb7d5776fb42,2021-05-18 04:50:40.400897,2021-05-18 04:55:40.536775,https://says-api-uploaded-audio.s3.amazonaws.com/saysuseraudio1621313440256.m4a,https://says-api-streamable-audio.s3.amazonaws.com/saysuseraudio1621313440256.mp3,1621313440330-12lb8n,Complete,Transcode job 1621313440330-12lb8n was completed.,8.0,False
43a07889-33fb-4118-b7dd-1af60b242c37,2021-05-18 04:50:57.874044,2021-05-18 04:55:57.959151,https://says-api-uploaded-audio.s3.amazonaws.com/saysuseraudio1621313457651.m4a,https://says-api-streamable-audio.s3.amazonaws.com/saysuseraudio1621313457651.mp3,1621313457780-aux9d3,Complete,Transcode job 1621313457780-aux9d3 was completed.,7.0,False
4d77b8d6-65fa-42da-a63f-a4868cbabd80,2021-05-18 04:58:40.195153,2021-05-18 05:03:40.350340,https://says-api-uploaded-audio.s3.amazonaws.com/saysuseraudio1621313919980.m4a,https://says-api-streamable-audio.s3.amazonaws.com/saysuseraudio1621313919980.mp3,1621313920108-jws161,Complete,Transcode job 1621313920108-jws161 was completed.,13.0,False
6b585123-85ec-4198-aede-7de13bb29de8,2021-05-18 04:51:26.869935,2021-05-18 04:56:26.972332,https://says-api-uploaded-audio.s3.amazonaws.com/saysuseraudio1621313486630.m4a,https://says-api-streamable-audio.s3.amazonaws.com/saysuseraudio1621313486630.mp3,1621313486793-bgneci,Complete,Transcode job 1621313486793-bgneci was completed.,8.0,False
8be4c01c-4f86-41e5-94ad-bdedbe9af647,2021-05-18 04:53:18.057588,2021-05-18 04:58:18.141964,https://says-api-uploaded-audio.s3.amazonaws.com/saysuseraudio1621313597807.m4a,https://says-api-streamable-audio.s3.amazonaws.com/saysuseraudio1621313597807.mp3,1621313597928-stxi8c,Complete,Transcode job 1621313597928-stxi8c was completed.,9.0,False
ae904463-f16a-4f1d-b855-1038d4b85836,2021-05-18 04:50:07.879868,2021-05-18 05:00:12.300715,https://says-api-uploaded-audio.s3.amazonaws.com/saysuseraudio1621313407667.m4a,https://says-api-streamable-audio.s3.amazonaws.com/saysuseraudio1621313407667.mp3,1621313407789-vucch2,Complete,Transcode job 1621313407789-vucch2 was completed.,6.0,False
9b164cbb-c816-4d56-8cda-318a05426f35,2021-05-18 04:53:38.585788,2021-05-18 04:58:38.662705,https://says-api-uploaded-audio.s3.amazonaws.com/saysuseraudio1621313618383.m4a,https://says-api-streamable-audio.s3.amazonaws.com/saysuseraudio1621313618383.mp3,1621313618497-uxsvjv,Complete,Transcode job 1621313618497-uxsvjv was completed.,10.0,False
d55aedb6-bf53-45c0-8540-34d149ce4c04,2021-05-18 04:53:01.871765,2021-05-18 04:58:01.981330,https://says-api-uploaded-audio.s3.amazonaws.com/saysuseraudio1621313581613.m4a,https://says-api-streamable-audio.s3.amazonaws.com/saysuseraudio1621313581613.mp3,1621313581769-4r7rbk,Complete,Transcode job 1621313581769-4r7rbk was completed.,15.0,False
a3a77e76-6b70-48b4-92ab-8458858c29a4,2021-05-18 17:49:38.793193,2021-05-18 17:54:38.955272,https://says-api-uploaded-audio.s3.amazonaws.com/saysuseraudio1621360178514.m4a,https://says-api-streamable-audio.s3.amazonaws.com/saysuseraudio1621360178514.mp3,1621360178693-cb7psp,Complete,Transcode job 1621360178693-cb7psp was completed.,6.0,True
96069d7d-c459-4bd7-a404-4b2904764aac,2021-05-18 17:55:34.713359,2021-05-18 18:00:34.860341,https://says-api-uploaded-audio.s3.amazonaws.com/saysuseraudio1621360534537.m4a,https://says-api-streamable-audio.s3.amazonaws.com/saysuseraudio1621360534537.mp3,1621360534643-jeg3lv,Complete,Transcode job 1621360534643-jeg3lv was completed.,8.0,False
54276b62-83c8-4114-8437-bce1b8e74eb7,2021-05-18 18:07:23.188724,2021-05-18 18:12:23.330197,https://says-api-uploaded-audio.s3.amazonaws.com/saysuseraudio1621361242998.m4a,https://says-api-streamable-audio.s3.amazonaws.com/saysuseraudio1621361242998.mp3,1621361243074-o87fek,Complete,Transcode job 1621361243074-o87fek was completed.,6.0,False
37071301-4944-42b1-ab3c-c619337130e9,2021-05-18 04:52:21.156489,2021-05-18 04:57:21.229377,https://says-api-uploaded-audio.s3.amazonaws.com/saysuseraudio1621313540955.m4a,https://says-api-streamable-audio.s3.amazonaws.com/saysuseraudio1621313540955.mp3,1621313541071-z7pjbq,Complete,Transcode job 1621313541071-z7pjbq was completed.,21.0,False
891957f9-4a53-4ae1-ae42-83a577e50f94,2021-05-18 18:26:53.004591,2021-05-18 18:31:53.130933,https://says-api-uploaded-audio.s3.amazonaws.com/saysuseraudio1621362412826.m4a,https://says-api-streamable-audio.s3.amazonaws.com/saysuseraudio1621362412826.mp3,1621362412909-3l1u1w,Complete,Transcode job 1621362412909-3l1u1w was completed.,4.0,False
25b5319b-49c0-4446-aa8e-97894301dcb3,2021-05-18 18:13:48.111133,2021-05-18 18:18:48.238024,https://says-api-uploaded-audio.s3.amazonaws.com/saysuseraudio1621361627809.m4a,https://says-api-streamable-audio.s3.amazonaws.com/saysuseraudio1621361627809.mp3,1621361628011-nr7ilq,Complete,Transcode job 1621361628011-nr7ilq was completed.,8.0,False
61a6f0ab-c2c2-412b-b6eb-1e3afa0b0636,2021-05-18 18:25:00.465882,2021-05-18 18:30:06.517677,https://says-api-uploaded-audio.s3.amazonaws.com/saysuseraudio1621362300265.m4a,https://says-api-streamable-audio.s3.amazonaws.com/saysuseraudio1621362300265.mp3,1621362300369-5i6c9o,Complete,Transcode job 1621362300369-5i6c9o was completed.,8.0,True
517e482d-b62c-4477-8ef2-e54d80c63d99,2021-05-18 18:49:46.566016,2021-05-18 18:54:46.647029,https://says-api-uploaded-audio.s3.amazonaws.com/saysuseraudio1621363786392.m4a,https://says-api-streamable-audio.s3.amazonaws.com/saysuseraudio1621363786392.mp3,1621363786477-4axcjn,Complete,Transcode job 1621363786477-4axcjn was completed.,6.0,False
e5c5dad2-7707-4806-ada5-dc02f975ffad,2021-05-18 18:50:23.198446,2021-05-18 18:55:23.304631,https://says-api-uploaded-audio.s3.amazonaws.com/saysuseraudio1621363822993.m4a,https://says-api-streamable-audio.s3.amazonaws.com/saysuseraudio1621363822993.mp3,1621363823111-bvo5rh,Complete,Transcode job 1621363823111-bvo5rh was completed.,4.0,False
6741b9e2-dc09-4a8f-8b8a-26c788d75971,2021-05-18 18:25:35.770535,2021-05-18 18:30:35.887984,https://says-api-uploaded-audio.s3.amazonaws.com/saysuseraudio1621362335557.m4a,https://says-api-streamable-audio.s3.amazonaws.com/saysuseraudio1621362335557.mp3,1621362335678-as0i4o,Complete,Transcode job 1621362335678-as0i4o was completed.,10.0,True
2e9c64d1-35b3-448a-b840-82f54ef5f6a7,2021-05-18 19:10:39.127604,2021-05-18 19:15:39.225231,https://says-api-uploaded-audio.s3.amazonaws.com/saysuseraudio1621365038961.m4a,https://says-api-streamable-audio.s3.amazonaws.com/saysuseraudio1621365038961.mp3,1621365039034-ecogf0,Complete,Transcode job 1621365039034-ecogf0 was completed.,5.0,False
36854b6b-1337-4550-9ccf-e0c0d75b598e,2021-05-18 18:51:46.827377,2021-05-18 18:56:46.950582,https://says-api-uploaded-audio.s3.amazonaws.com/saysuseraudio1621363906655.m4a,https://says-api-streamable-audio.s3.amazonaws.com/saysuseraudio1621363906655.mp3,1621363906736-uaveou,Complete,Transcode job 1621363906736-uaveou was completed.,6.0,False
5b9c6cdf-711b-4490-8130-a8f402be5772,2021-05-18 19:11:07.762713,2021-05-18 19:16:07.853910,https://says-api-uploaded-audio.s3.amazonaws.com/saysuseraudio1621365067577.m4a,https://says-api-streamable-audio.s3.amazonaws.com/saysuseraudio1621365067577.mp3,1621365067673-5pd9z6,Complete,Transcode job 1621365067673-5pd9z6 was completed.,5.0,False
c4b11aa1-1e7c-48c4-8902-40eeec288a11,2021-05-18 18:48:58.583376,2021-05-18 18:53:58.678001,https://says-api-uploaded-audio.s3.amazonaws.com/saysuseraudio1621363738347.m4a,https://says-api-streamable-audio.s3.amazonaws.com/saysuseraudio1621363738347.mp3,1621363738479-hu9t8p,Complete,Transcode job 1621363738479-hu9t8p was completed.,11.0,False
00bd12dd-3ecc-47dc-bd8a-2fbe3fb845a8,2021-05-18 19:10:06.797420,2021-05-18 19:20:09.970328,https://says-api-uploaded-audio.s3.amazonaws.com/saysuseraudio1621365006587.m4a,https://says-api-streamable-audio.s3.amazonaws.com/saysuseraudio1621365006587.mp3,1621365006692-sb27fg,Complete,Transcode job 1621365006692-sb27fg was completed.,4.0,False
58a144c5-a3d4-4755-bac1-894ebc1954a2,2021-05-18 19:16:08.206773,2021-05-18 19:21:08.353893,https://says-api-uploaded-audio.s3.amazonaws.com/saysuseraudio1621365368025.m4a,https://says-api-streamable-audio.s3.amazonaws.com/saysuseraudio1621365368025.mp3,1621365368110-sin6n8,Complete,Transcode job 1621365368110-sin6n8 was completed.,4.0,False
35a1bf09-23da-4ccd-80be-60fc8a5f85de,2021-05-18 19:11:42.496260,2021-05-18 19:16:42.579914,https://says-api-uploaded-audio.s3.amazonaws.com/saysuseraudio1621365102195.m4a,https://says-api-streamable-audio.s3.amazonaws.com/saysuseraudio1621365102195.mp3,1621365102403-vlf2c0,Complete,Transcode job 1621365102403-vlf2c0 was completed.,7.0,False
1ddba0a7-7f20-4c02-8162-8cd94662a288,2021-05-18 20:03:46.495618,2021-05-18 20:08:46.584681,https://says-api-uploaded-audio.s3.amazonaws.com/saysuseraudio1621368225833.m4a,https://says-api-streamable-audio.s3.amazonaws.com/saysuseraudio1621368225833.mp3,1621368226408-12igss,Complete,Transcode job 1621368226408-12igss was completed.,5.0,False
ad7daad8-6cdd-4d8b-af7e-900f4441fbc2,2021-05-18 20:08:26.826333,2021-05-18 20:13:26.968444,https://says-api-uploaded-audio.s3.amazonaws.com/saysuseraudio1621368506614.m4a,https://says-api-streamable-audio.s3.amazonaws.com/saysuseraudio1621368506614.mp3,1621368506739-xuwkq9,Complete,Transcode job 1621368506739-xuwkq9 was completed.,4.0,False
bc396d75-5d4a-40be-a0df-af9aabf00b52,2021-05-18 19:27:25.917798,2021-05-18 19:32:26.049872,https://says-api-uploaded-audio.s3.amazonaws.com/saysuseraudio1621366045727.m4a,https://says-api-streamable-audio.s3.amazonaws.com/saysuseraudio1621366045727.mp3,1621366045826-iy9urt,Complete,Transcode job 1621366045826-iy9urt was completed.,6.0,False
ee12f1c0-ad6b-4047-9ba6-cc29bac3e08b,2021-05-18 19:26:24.386883,2021-05-18 19:31:24.532050,https://says-api-uploaded-audio.s3.amazonaws.com/saysuseraudio1621365984138.m4a,https://says-api-streamable-audio.s3.amazonaws.com/saysuseraudio1621365984138.mp3,1621365984302-o46536,Complete,Transcode job 1621365984302-o46536 was completed.,9.0,False
f84c10c4-56c9-4a04-9c7b-684205dfa302,2021-05-18 22:33:03.994956,2021-05-18 22:38:04.156571,https://says-api-uploaded-audio.s3.amazonaws.com/saysuseraudio1621377183769.m4a,https://says-api-streamable-audio.s3.amazonaws.com/saysuseraudio1621377183769.mp3,1621377183902-ktnyyo,Complete,Transcode job 1621377183902-ktnyyo was completed.,5.0,False
8564cac4-1aa1-4678-a8ca-f0c16e2e368a,2021-05-18 22:14:43.998365,2021-05-18 22:19:44.146293,https://says-api-uploaded-audio.s3.amazonaws.com/saysuseraudio1621376083839.m4a,https://says-api-streamable-audio.s3.amazonaws.com/saysuseraudio1621376083839.mp3,1621376083918-wm47ev,Complete,Transcode job 1621376083918-wm47ev was completed.,6.0,False
0c129fbc-06e7-4bd5-afe4-4222b9404d55,2021-05-18 20:24:15.492926,2021-05-18 20:29:15.690343,https://says-api-uploaded-audio.s3.amazonaws.com/saysuseraudio1621369455276.m4a,https://says-api-streamable-audio.s3.amazonaws.com/saysuseraudio1621369455276.mp3,1621369455400-jhtyiq,Complete,Transcode job 1621369455400-jhtyiq was completed.,10.0,False
4122448d-1c01-4d67-96fe-a708dbe46621,2021-05-19 20:07:19.317526,2021-05-19 20:12:19.399062,https://says-api-uploaded-audio.s3.amazonaws.com/saysuseraudio1621454839122.m4a,https://says-api-streamable-audio.s3.amazonaws.com/saysuseraudio1621454839122.mp3,1621454839242-9x1tvd,Complete,Transcode job 1621454839242-9x1tvd was completed.,5.0,True
23df8f45-a50e-437f-a7c8-5ee06b2c0f16,2021-05-18 23:15:43.827228,2021-05-18 23:20:43.950319,https://says-api-uploaded-audio.s3.amazonaws.com/saysuseraudio1621379743571.m4a,https://says-api-streamable-audio.s3.amazonaws.com/saysuseraudio1621379743571.mp3,1621379743724-fpmnas,Complete,Transcode job 1621379743724-fpmnas was completed.,8.0,True
71ab4e5e-0754-44e3-8b6f-ddf7f468337c,2021-05-19 20:06:01.040338,2021-05-19 20:11:01.184402,https://says-api-uploaded-audio.s3.amazonaws.com/saysuseraudio1621454760742.m4a,https://says-api-streamable-audio.s3.amazonaws.com/saysuseraudio1621454760742.mp3,1621454760939-pxbj94,Complete,Transcode job 1621454760939-pxbj94 was completed.,10.0,False
0b26fb9e-b22a-48ae-99c7-d3403bfb5421,2021-05-19 20:38:08.528826,2021-05-19 20:43:08.630722,https://says-api-uploaded-audio.s3.amazonaws.com/saysuseraudio1621456688282.m4a,https://says-api-streamable-audio.s3.amazonaws.com/saysuseraudio1621456688282.mp3,1621456688428-bjmu3g,Complete,Transcode job 1621456688428-bjmu3g was completed.,5.0,True
21d7ab49-0ef3-42c9-bd35-9752ef14ec70,2021-05-19 20:57:26.014984,2021-05-19 21:02:26.153323,https://says-api-uploaded-audio.s3.amazonaws.com/saysuseraudio1621457845775.m4a,https://says-api-streamable-audio.s3.amazonaws.com/saysuseraudio1621457845775.mp3,1621457845903-led1am,Complete,Transcode job 1621457845903-led1am was completed.,4.0,True
170a0781-2348-4235-a017-c922f42a3114,2021-05-19 20:18:25.055837,2021-05-19 20:23:25.223819,https://says-api-uploaded-audio.s3.amazonaws.com/saysuseraudio1621455504750.m4a,https://says-api-streamable-audio.s3.amazonaws.com/saysuseraudio1621455504750.mp3,1621455504911-m18uir,Complete,Transcode job 1621455504911-m18uir was completed.,9.0,True
4b8dda46-e0f3-4812-a273-4fe59878e56e,2021-05-19 20:41:49.522421,2021-05-19 20:46:49.666327,https://says-api-uploaded-audio.s3.amazonaws.com/saysuseraudio1621456909316.m4a,https://says-api-streamable-audio.s3.amazonaws.com/saysuseraudio1621456909316.mp3,1621456909413-pp7l8j,Complete,Transcode job 1621456909413-pp7l8j was completed.,10.0,False
1d948e3c-2883-411a-ba04-68b1210382c4,2021-05-19 20:42:58.462768,2021-05-19 20:47:58.560575,https://says-api-uploaded-audio.s3.amazonaws.com/saysuseraudio1621456978256.m4a,https://says-api-streamable-audio.s3.amazonaws.com/saysuseraudio1621456978256.mp3,1621456978384-hrfful,Complete,Transcode job 1621456978384-hrfful was completed.,10.0,False
7d36da8e-eadb-4f21-9a9f-8c7c6dce07cf,2021-11-01 14:05:22.392156,2021-11-01 14:05:52.462996,https://says-api-uploaded-audio.s3.amazonaws.com/saysuseraudio1635775521980.m4a,https://says-api-streamable-audio.s3.amazonaws.com/saysuseraudio1635775521980.mp3,1635775522290-rgyqud,Complete,Transcode job 1635775522290-rgyqud was completed.,5.0,False
fadb2fed-418b-430f-a812-2a2ece8c846f,2021-05-19 20:59:29.118485,2021-05-19 21:04:29.242964,https://says-api-uploaded-audio.s3.amazonaws.com/saysuseraudio1621457968869.m4a,https://says-api-streamable-audio.s3.amazonaws.com/saysuseraudio1621457968869.mp3,1621457969042-qq8k01,Complete,Transcode job 1621457969042-qq8k01 was completed.,10.0,False
d8bb0770-601a-4ac2-a879-4da293548a25,2021-05-19 22:16:25.397399,2021-05-19 22:21:25.526088,https://says-api-uploaded-audio.s3.amazonaws.com/saysuseraudio1621462585226.m4a,https://says-api-streamable-audio.s3.amazonaws.com/saysuseraudio1621462585226.mp3,1621462585309-wcu2ew,Complete,Transcode job 1621462585309-wcu2ew was completed.,5.0,False
00a698aa-4af9-4fb8-ad47-bf8c71d59110,2021-05-19 21:08:10.073954,2021-05-19 21:13:10.227930,https://says-api-uploaded-audio.s3.amazonaws.com/saysuseraudio1621458489899.m4a,https://says-api-streamable-audio.s3.amazonaws.com/saysuseraudio1621458489899.mp3,1621458489995-kj0g4o,Complete,Transcode job 1621458489995-kj0g4o was completed.,9.0,False
b4dbb9bb-ba02-4513-8342-ccd92f397cd5,2021-05-19 22:07:43.857314,2021-05-19 22:12:44.010496,https://says-api-uploaded-audio.s3.amazonaws.com/saysuseraudio1621462063603.m4a,https://says-api-streamable-audio.s3.amazonaws.com/saysuseraudio1621462063603.mp3,1621462063725-gejbea,Complete,Transcode job 1621462063725-gejbea was completed.,7.0,False
05f96b85-3da5-42df-9110-e8a5ee563183,2021-05-19 21:48:20.567310,2021-05-19 21:53:20.710701,https://says-api-uploaded-audio.s3.amazonaws.com/saysuseraudio1621460900340.m4a,https://says-api-streamable-audio.s3.amazonaws.com/saysuseraudio1621460900340.mp3,1621460900479-2mmtog,Complete,Transcode job 1621460900479-2mmtog was completed.,8.0,False
c63de5ab-b6c5-45df-a48d-336d1b08010c,2021-05-20 16:31:49.545538,2021-05-20 16:36:49.683998,https://says-api-uploaded-audio.s3.amazonaws.com/saysuseraudio1621528309325.m4a,https://says-api-streamable-audio.s3.amazonaws.com/saysuseraudio1621528309325.mp3,1621528309446-1e8ltu,Complete,Transcode job 1621528309446-1e8ltu was completed.,5.0,False
734a1efc-a505-4527-bfcf-00ce8c82c1c8,2021-05-20 16:18:15.134128,2021-05-20 16:23:15.254473,https://says-api-uploaded-audio.s3.amazonaws.com/saysuseraudio1621527494788.m4a,https://says-api-streamable-audio.s3.amazonaws.com/saysuseraudio1621527494788.mp3,1621527494966-93o1e6,Complete,Transcode job 1621527494966-93o1e6 was completed.,7.0,True
acffa0fd-0a4d-4c42-a88b-d1c8a90805ec,2021-05-21 18:24:25.613949,2021-05-21 18:29:25.744679,https://says-api-uploaded-audio.s3.amazonaws.com/saysuseraudio1621621465411.m4a,https://says-api-streamable-audio.s3.amazonaws.com/saysuseraudio1621621465411.mp3,1621621465524-x3pf7y,Complete,Transcode job 1621621465524-x3pf7y was completed.,6.0,True
eac76972-dd00-4561-8646-c5192ab43983,2021-05-23 01:16:03.080257,2021-05-23 01:21:03.248883,https://says-api-uploaded-audio.s3.amazonaws.com/saysuseraudio1621732562638.m4a,https://says-api-streamable-audio.s3.amazonaws.com/saysuseraudio1621732562638.mp3,1621732562989-sokfa6,Complete,Transcode job 1621732562989-sokfa6 was completed.,5.0,True
5bd94a8e-f1a0-40ca-9185-1968327a8585,2021-12-05 04:04:14.912978,2021-12-05 04:04:44.977651,https://says-api-uploaded-audio.s3.amazonaws.com/saysuseraudio1638677054472.m4a,https://says-api-streamable-audio.s3.amazonaws.com/saysuseraudio1638677054472.mp3,1638677054770-icth57,Complete,Transcode job 1638677054770-icth57 was completed.,140.0,False
0ac02103-cb81-445c-9c01-700e3aafa802,2021-05-23 01:18:05.768620,2021-05-23 01:23:05.888763,https://says-api-uploaded-audio.s3.amazonaws.com/saysuseraudio1621732685493.m4a,https://says-api-streamable-audio.s3.amazonaws.com/saysuseraudio1621732685493.mp3,1621732685690-br9ij2,Complete,Transcode job 1621732685690-br9ij2 was completed.,5.0,True
bf78f066-2170-4cbb-bbf1-32a151fbf3f4,2021-05-20 17:25:50.992950,2021-05-20 17:30:51.131604,https://says-api-uploaded-audio.s3.amazonaws.com/saysuseraudio1621531550672.m4a,https://says-api-streamable-audio.s3.amazonaws.com/saysuseraudio1621531550672.mp3,1621531550866-qtrzoe,Complete,Transcode job 1621531550866-qtrzoe was completed.,11.0,False
8b332ebe-4c8d-4b52-9f7b-91f3d4a7db53,2021-05-23 15:13:59.788115,2021-05-23 15:18:59.886603,https://says-api-uploaded-audio.s3.amazonaws.com/saysuseraudio1621782839576.m4a,https://says-api-streamable-audio.s3.amazonaws.com/saysuseraudio1621782839576.mp3,1621782839694-6lyc9i,Complete,Transcode job 1621782839694-6lyc9i was completed.,7.0,False
3f2fcce2-5f80-4473-8ae7-adc8db292fe9,2021-05-23 15:17:12.751627,2021-05-23 15:22:12.869925,https://says-api-uploaded-audio.s3.amazonaws.com/saysuseraudio1621783032546.m4a,https://says-api-streamable-audio.s3.amazonaws.com/saysuseraudio1621783032546.mp3,1621783032661-7942i6,Complete,Transcode job 1621783032661-7942i6 was completed.,6.0,False
2c54f4a9-5bf0-4210-af7b-c149c749c9e4,2021-05-25 21:02:25.036058,2021-05-25 21:07:25.197898,https://says-api-uploaded-audio.s3.amazonaws.com/saysuseraudio1621976544765.m4a,https://says-api-streamable-audio.s3.amazonaws.com/saysuseraudio1621976544765.mp3,1621976544926-alytqt,Complete,Transcode job 1621976544926-alytqt was completed.,5.0,True
afdc26c9-762c-4b87-bd09-acee9adf4bbb,2021-05-25 14:47:01.061437,2021-05-25 14:52:01.175520,https://says-api-uploaded-audio.s3.amazonaws.com/saysuseraudio1621954020736.m4a,https://says-api-streamable-audio.s3.amazonaws.com/saysuseraudio1621954020736.mp3,1621954020908-f7e09r,Complete,Transcode job 1621954020908-f7e09r was completed.,6.0,True
ec0aa1e2-116c-4eab-9899-7384d7490263,2021-05-25 21:03:37.538333,2021-05-25 21:08:37.677380,https://says-api-uploaded-audio.s3.amazonaws.com/saysuseraudio1621976617345.m4a,https://says-api-streamable-audio.s3.amazonaws.com/saysuseraudio1621976617345.mp3,1621976617465-751s7v,Complete,Transcode job 1621976617465-751s7v was completed.,3.0,True
e01a5ed3-8a09-42ea-b726-1b17bbe31188,2021-05-25 20:49:29.085324,2021-05-25 20:54:29.203348,https://says-api-uploaded-audio.s3.amazonaws.com/saysuseraudio1621975768798.m4a,https://says-api-streamable-audio.s3.amazonaws.com/saysuseraudio1621975768798.mp3,1621975768964-olgjnf,Complete,Transcode job 1621975768964-olgjnf was completed.,8.0,True
e975e767-1442-414e-b234-e549411c4bbf,2021-05-25 21:03:54.546076,2021-05-25 21:08:54.627317,https://says-api-uploaded-audio.s3.amazonaws.com/saysuseraudio1621976634386.m4a,https://says-api-streamable-audio.s3.amazonaws.com/saysuseraudio1621976634386.mp3,1621976634474-vci4mm,Complete,Transcode job 1621976634474-vci4mm was completed.,4.0,True
769e52ed-42c7-405d-82ba-6e9e2014f223,2021-05-25 21:02:47.727580,2021-05-25 21:07:47.828954,https://says-api-uploaded-audio.s3.amazonaws.com/saysuseraudio1621976567501.m4a,https://says-api-streamable-audio.s3.amazonaws.com/saysuseraudio1621976567501.mp3,1621976567641-qqhkj4,Complete,Transcode job 1621976567641-qqhkj4 was completed.,7.0,True
d0de5c16-d034-4f2a-a6c4-903c63a4a55b,2021-05-26 14:22:04.607009,2021-05-26 14:27:04.744783,https://says-api-uploaded-audio.s3.amazonaws.com/saysuseraudio1622038924375.m4a,https://says-api-streamable-audio.s3.amazonaws.com/saysuseraudio1622038924375.mp3,1622038924518-i52fto,Complete,Transcode job 1622038924518-i52fto was completed.,5.0,False
e0a59939-d328-4083-9e55-6d7674430bdb,2021-05-25 21:03:05.370652,2021-05-25 21:08:05.457678,https://says-api-uploaded-audio.s3.amazonaws.com/saysuseraudio1621976585142.m4a,https://says-api-streamable-audio.s3.amazonaws.com/saysuseraudio1621976585142.mp3,1621976585250-l6vywk,Complete,Transcode job 1621976585250-l6vywk was completed.,6.0,True
179f92b8-7a00-4f75-8623-81d31888962d,2021-05-26 14:23:50.490318,2021-05-26 14:28:50.579257,https://says-api-uploaded-audio.s3.amazonaws.com/saysuseraudio1622039030302.m4a,https://says-api-streamable-audio.s3.amazonaws.com/saysuseraudio1622039030302.mp3,1622039030380-gkv9ny,Complete,Transcode job 1622039030380-gkv9ny was completed.,4.0,True
49a78dc0-82f8-4238-a27b-43638ee5fabc,2021-05-26 17:40:54.340365,2021-05-26 17:45:54.474786,https://says-api-uploaded-audio.s3.amazonaws.com/saysuseraudio1622050854124.m4a,https://says-api-streamable-audio.s3.amazonaws.com/saysuseraudio1622050854124.mp3,1622050854263-ge0v5y,Complete,Transcode job 1622050854263-ge0v5y was completed.,5.0,False
ddda19e5-88b1-4ef5-a9e6-8b73cc945dd9,2021-05-26 14:34:28.239115,2021-05-26 14:39:28.349836,https://says-api-uploaded-audio.s3.amazonaws.com/saysuseraudio1622039668001.m4a,https://says-api-streamable-audio.s3.amazonaws.com/saysuseraudio1622039668001.mp3,1622039668158-lntl1q,Complete,Transcode job 1622039668158-lntl1q was completed.,8.0,True
ecd5a6ed-4cdc-4684-8ed5-73bf41fa1542,2021-05-26 17:42:15.947492,2021-05-26 17:47:16.041053,https://says-api-uploaded-audio.s3.amazonaws.com/saysuseraudio1622050935686.m4a,https://says-api-streamable-audio.s3.amazonaws.com/saysuseraudio1622050935686.mp3,1622050935872-cdelfl,Complete,Transcode job 1622050935872-cdelfl was completed.,5.0,True
6e7fd4fd-d72a-4fcd-a29a-02f7c9267278,2021-02-09 20:48:05.998170,2021-02-09 20:48:05.998170,https://says-api-uploaded-audio-dev.s3.amazonaws.com/saysuseraudio1612903685153.m4a,https://says-api-streamable-audio-dev.s3.amazonaws.com/saysuseraudio1612903685153.mp3,1612903685942-qrt2ry,Submitted,,,False
eb7ebeb3-9289-4275-b951-6704f8d5da45,2021-05-26 17:42:01.612524,2021-05-26 17:47:01.745068,https://says-api-uploaded-audio.s3.amazonaws.com/saysuseraudio1622050921223.m4a,https://says-api-streamable-audio.s3.amazonaws.com/saysuseraudio1622050921223.mp3,1622050921508-0y19au,Complete,Transcode job 1622050921508-0y19au was completed.,9.0,True
3a7a8ebd-5b75-4c20-89cb-bd9906d8591b,2021-02-09 20:34:45.708071,2021-02-09 20:34:45.708071,https://says-api-uploaded-audio-dev.s3.amazonaws.com/saysuseraudio1612902885091.m4a,https://says-api-streamable-audio-dev.s3.amazonaws.com/saysuseraudio1612902885091.mp3,1612902885653-rhewgy,Submitted,,,False
2fd44fbe-3be1-4787-9699-053710da2bb4,2021-05-29 18:50:45.551932,2021-05-29 18:55:45.694806,https://says-api-uploaded-audio.s3.amazonaws.com/saysuseraudio1622314245223.m4a,https://says-api-streamable-audio.s3.amazonaws.com/saysuseraudio1622314245223.mp3,1622314245456-2lxw9z,Complete,Transcode job 1622314245456-2lxw9z was completed.,8.0,True
a4ed941c-144a-4444-ad47-a57a5eb54388,2021-05-29 18:52:11.170129,2021-05-29 18:57:11.272764,https://says-api-uploaded-audio.s3.amazonaws.com/saysuseraudio1622314330939.m4a,https://says-api-streamable-audio.s3.amazonaws.com/saysuseraudio1622314330939.mp3,1622314331045-du5lkp,Complete,Transcode job 1622314331045-du5lkp was completed.,7.0,True
2e392c9d-2d1f-453c-9bfa-8110ee303a3d,2021-05-26 14:37:11.318635,2021-05-26 14:42:11.473626,https://says-api-uploaded-audio.s3.amazonaws.com/saysuseraudio1622039831106.m4a,https://says-api-streamable-audio.s3.amazonaws.com/saysuseraudio1622039831106.mp3,1622039831240-ta58ai,Complete,Transcode job 1622039831240-ta58ai was completed.,15.0,False
901af6c5-8472-4148-aa48-f696a7551b7f,2021-05-29 23:53:40.460665,2021-05-29 23:58:40.618112,https://says-api-uploaded-audio.s3.amazonaws.com/saysuseraudio1622332420206.m4a,https://says-api-streamable-audio.s3.amazonaws.com/saysuseraudio1622332420206.mp3,1622332420349-jnofls,Complete,Transcode job 1622332420349-jnofls was completed.,9.0,True
511d3d58-6786-4644-a4a1-a2292cd1c1b2,2021-05-30 03:03:29.440702,2021-05-30 03:08:29.577044,https://says-api-uploaded-audio.s3.amazonaws.com/saysuseraudio1622343809205.m4a,https://says-api-streamable-audio.s3.amazonaws.com/saysuseraudio1622343809205.mp3,1622343809333-0zpj74,Complete,Transcode job 1622343809333-0zpj74 was completed.,8.0,True
795d0041-f448-4a9e-8d88-a8df63fa112d,2021-05-29 22:15:01.230036,2021-05-29 22:20:02.205933,https://says-api-uploaded-audio.s3.amazonaws.com/saysuseraudio1622326500862.m4a,https://says-api-streamable-audio.s3.amazonaws.com/saysuseraudio1622326500862.mp3,1622326501128-5sfjz3,Complete,Transcode job 1622326501128-5sfjz3 was completed.,29.0,True
0d44c05e-542b-44bf-81fc-2ad3c13ccafd,2021-05-30 03:22:09.442232,2021-05-30 03:27:09.598731,https://says-api-uploaded-audio.s3.amazonaws.com/saysuseraudio1622344929246.m4a,https://says-api-streamable-audio.s3.amazonaws.com/saysuseraudio1622344929246.mp3,1622344929361-2hcd7d,Complete,Transcode job 1622344929361-2hcd7d was completed.,31.0,False
8e12c8f5-418d-491b-8068-ebd6c51b65b8,2021-06-01 13:43:05.961636,2021-06-01 13:48:06.057415,https://says-api-uploaded-audio.s3.amazonaws.com/saysuseraudio1622554985694.m4a,https://says-api-streamable-audio.s3.amazonaws.com/saysuseraudio1622554985694.mp3,1622554985884-7c02x3,Complete,Transcode job 1622554985884-7c02x3 was completed.,8.0,False
2a8d5f41-f32e-452c-b942-b5db0fd54706,2021-05-31 23:35:28.552798,2021-05-31 23:40:28.672746,https://says-api-uploaded-audio.s3.amazonaws.com/saysuseraudio1622504128196.m4a,https://says-api-streamable-audio.s3.amazonaws.com/saysuseraudio1622504128196.mp3,1622504128349-x0y1fs,Complete,Transcode job 1622504128349-x0y1fs was completed.,28.0,True
0c57c40a-6047-47fb-9cf6-7426812457e9,2021-05-31 14:55:24.093612,2021-05-31 15:05:24.194140,https://says-api-uploaded-audio.s3.amazonaws.com/saysuseraudio1622472923805.m4a,https://says-api-streamable-audio.s3.amazonaws.com/saysuseraudio1622472923805.mp3,1622472923991-szayf8,Complete,Transcode job 1622472923991-szayf8 was completed.,29.0,True
67c3f235-c019-4253-8f39-aa1756476775,2021-05-30 03:11:49.175484,2021-05-30 03:16:49.322518,https://says-api-uploaded-audio.s3.amazonaws.com/saysuseraudio1622344308937.m4a,https://says-api-streamable-audio.s3.amazonaws.com/saysuseraudio1622344308937.mp3,1622344309078-2ago0o,Complete,Transcode job 1622344309078-2ago0o was completed.,34.0,False
09b22b2c-e292-495d-8831-b558afdc8685,2021-05-30 20:45:36.192070,2021-05-30 20:50:36.382841,https://says-api-uploaded-audio.s3.amazonaws.com/saysuseraudio1622407535927.m4a,https://says-api-streamable-audio.s3.amazonaws.com/saysuseraudio1622407535927.mp3,1622407536106-rrsdve,Complete,Transcode job 1622407536106-rrsdve was completed.,36.0,True
c678fea4-58ff-4a0a-a093-db5c1282cff2,2021-06-01 13:47:24.329174,2021-06-01 13:52:24.420519,https://says-api-uploaded-audio.s3.amazonaws.com/saysuseraudio1622555244138.m4a,https://says-api-streamable-audio.s3.amazonaws.com/saysuseraudio1622555244138.mp3,1622555244252-av73wp,Complete,Transcode job 1622555244252-av73wp was completed.,6.0,False
562dcbe8-bb43-403d-b423-c9c42674485a,2021-06-01 13:50:58.823333,2021-06-01 13:55:58.946413,https://says-api-uploaded-audio.s3.amazonaws.com/saysuseraudio1622555458588.m4a,https://says-api-streamable-audio.s3.amazonaws.com/saysuseraudio1622555458588.mp3,1622555458730-zv8leg,Complete,Transcode job 1622555458730-zv8leg was completed.,6.0,False
8599b47a-aea0-4e30-99b6-649dcbae0a9b,2021-06-03 02:52:58.890856,2021-06-03 02:57:59.042987,https://says-api-uploaded-audio.s3.amazonaws.com/saysuseraudio1622688778642.m4a,https://says-api-streamable-audio.s3.amazonaws.com/saysuseraudio1622688778642.mp3,1622688778793-k554he,Complete,Transcode job 1622688778793-k554he was completed.,7.0,False
4c276cb6-e5fc-4858-8bbf-e292724c04d6,2021-06-02 15:46:00.348837,2021-06-02 15:51:00.495418,https://says-api-uploaded-audio.s3.amazonaws.com/saysuseraudio1622648760116.m4a,https://says-api-streamable-audio.s3.amazonaws.com/saysuseraudio1622648760116.mp3,1622648760275-8qqiix,Complete,Transcode job 1622648760275-8qqiix was completed.,15.0,False
356f4a15-9be8-42ec-9ab2-51378c0aa5d4,2021-05-27 17:07:47.953001,2021-05-27 17:12:48.107867,https://says-api-uploaded-audio.s3.amazonaws.com/saysuseraudio1622135267637.m4a,https://says-api-streamable-audio.s3.amazonaws.com/saysuseraudio1622135267637.mp3,1622135267877-9kizfs,Complete,Transcode job 1622135267877-9kizfs was completed.,61.0,True
b8582820-814c-404b-b71d-1c0bc45b15b9,2021-06-02 16:46:24.201725,2021-06-02 16:51:24.343386,https://says-api-uploaded-audio.s3.amazonaws.com/saysuseraudio1622652383953.m4a,https://says-api-streamable-audio.s3.amazonaws.com/saysuseraudio1622652383953.mp3,1622652384111-s673zr,Complete,Transcode job 1622652384111-s673zr was completed.,17.0,True
623170c9-60cc-409a-af3e-17471dcf669f,2021-06-03 16:53:36.174246,2021-06-03 16:58:36.378926,https://says-api-uploaded-audio.s3.amazonaws.com/saysuseraudio1622739215864.m4a,https://says-api-streamable-audio.s3.amazonaws.com/saysuseraudio1622739215864.mp3,1622739216071-zaq3uj,Complete,Transcode job 1622739216071-zaq3uj was completed.,6.0,True
83800fb7-d5a0-4d6e-8313-ce6328df8939,2021-11-01 14:27:05.863222,2021-11-01 14:27:35.931615,https://says-api-uploaded-audio.s3.amazonaws.com/saysuseraudio1635776825641.m4a,https://says-api-streamable-audio.s3.amazonaws.com/saysuseraudio1635776825641.mp3,1635776825755-rrg0ee,Complete,Transcode job 1635776825755-rrg0ee was completed.,4.0,False
f9953737-6005-4327-a9d2-11b81d9b2b74,2021-06-05 03:08:37.850638,2021-06-05 03:13:37.995125,https://says-api-uploaded-audio.s3.amazonaws.com/saysuseraudio1622862517583.m4a,https://says-api-streamable-audio.s3.amazonaws.com/saysuseraudio1622862517583.mp3,1622862517759-hrho7h,Complete,Transcode job 1622862517759-hrho7h was completed.,9.0,True
c5e34e06-a9cf-4722-8f6f-8690b15d4f80,2021-06-03 16:59:18.693062,2021-06-03 17:04:18.995239,https://says-api-uploaded-audio.s3.amazonaws.com/saysuseraudio1622739558402.m4a,https://says-api-streamable-audio.s3.amazonaws.com/saysuseraudio1622739558402.mp3,1622739558602-lp141t,Complete,Transcode job 1622739558602-lp141t was completed.,12.0,True
56ed1abe-583b-40ff-9839-8044c73ce765,2021-06-05 19:32:23.959361,2021-06-05 19:37:24.101598,https://says-api-uploaded-audio.s3.amazonaws.com/saysuseraudio1622921543739.m4a,https://says-api-streamable-audio.s3.amazonaws.com/saysuseraudio1622921543739.mp3,1622921543865-2ezsyp,Complete,Transcode job 1622921543865-2ezsyp was completed.,6.0,True
0bed51c5-9a7d-4b32-9bea-b4daf9e05e6c,2021-06-05 05:42:35.852643,2021-06-05 05:47:36.000221,https://says-api-uploaded-audio.s3.amazonaws.com/saysuseraudio1622871755568.m4a,https://says-api-streamable-audio.s3.amazonaws.com/saysuseraudio1622871755568.mp3,1622871755758-i3z6u1,Complete,Transcode job 1622871755758-i3z6u1 was completed.,18.0,True
338a05aa-5aec-41af-8eac-46a252dd3dde,2021-06-02 22:29:47.837753,2021-06-02 22:34:47.997997,https://says-api-uploaded-audio.s3.amazonaws.com/saysuseraudio1622672987556.m4a,https://says-api-streamable-audio.s3.amazonaws.com/saysuseraudio1622672987556.mp3,1622672987725-0jq2ly,Complete,Transcode job 1622672987725-0jq2ly was completed.,40.0,True
0a50ebee-d6ab-4fbc-b85b-c29390d8620c,2021-06-05 21:54:18.603737,2021-06-05 21:59:18.765520,https://says-api-uploaded-audio.s3.amazonaws.com/saysuseraudio1622930058359.m4a,https://says-api-streamable-audio.s3.amazonaws.com/saysuseraudio1622930058359.mp3,1622930058517-9soik7,Complete,Transcode job 1622930058517-9soik7 was completed.,10.0,True
e27b5b1e-839d-4aa9-ba2e-d9126f395f3d,2021-06-01 17:25:47.243938,2021-06-01 17:30:47.358089,https://says-api-uploaded-audio.s3.amazonaws.com/saysuseraudio1622568346980.m4a,https://says-api-streamable-audio.s3.amazonaws.com/saysuseraudio1622568346980.mp3,1622568347149-9j95vf,Complete,Transcode job 1622568347149-9j95vf was completed.,52.0,True
0cdc8629-68c2-49b9-ac2e-3f9e1943e7eb,2021-06-06 20:41:06.593175,2021-06-06 20:46:06.734040,https://says-api-uploaded-audio.s3.amazonaws.com/saysuseraudio1623012066275.m4a,https://says-api-streamable-audio.s3.amazonaws.com/saysuseraudio1623012066275.mp3,1623012066497-hvedwk,Complete,Transcode job 1623012066497-hvedwk was completed.,8.0,False
0b2fcde0-3f9f-43da-8905-d47debf0aaf8,2021-06-05 14:59:07.097421,2021-06-05 15:04:07.231109,https://says-api-uploaded-audio.s3.amazonaws.com/saysuseraudio1622905146835.m4a,https://says-api-streamable-audio.s3.amazonaws.com/saysuseraudio1622905146835.mp3,1622905147000-echk80,Complete,Transcode job 1622905147000-echk80 was completed.,26.0,True
c66e7664-2ae2-46ae-b48c-a1aae068c828,2021-06-06 21:22:47.607962,2021-06-06 21:27:47.769498,https://says-api-uploaded-audio.s3.amazonaws.com/saysuseraudio1623014567390.m4a,https://says-api-streamable-audio.s3.amazonaws.com/saysuseraudio1623014567390.mp3,1623014567524-oij467,Complete,Transcode job 1623014567524-oij467 was completed.,7.0,False
91cd7a30-9ff9-4a76-9050-ac797b6d87c0,2021-06-06 21:26:28.805771,2021-06-06 21:31:28.961796,https://says-api-uploaded-audio.s3.amazonaws.com/saysuseraudio1623014788511.m4a,https://says-api-streamable-audio.s3.amazonaws.com/saysuseraudio1623014788511.mp3,1623014788731-q2w30c,Complete,Transcode job 1623014788731-q2w30c was completed.,6.0,True
fc07b22e-0ada-4e86-a9c4-eed76ce02150,2021-06-06 01:18:36.621397,2021-06-06 01:23:36.754626,https://says-api-uploaded-audio.s3.amazonaws.com/saysuseraudio1622942316348.m4a,https://says-api-streamable-audio.s3.amazonaws.com/saysuseraudio1622942316348.mp3,1622942316528-k620k6,Complete,Transcode job 1622942316528-k620k6 was completed.,21.0,True
93778e15-1807-4569-9f04-b9b6b3c83844,2021-06-06 20:52:50.561105,2021-06-06 20:57:50.713234,https://says-api-uploaded-audio.s3.amazonaws.com/saysuseraudio1623012770273.m4a,https://says-api-streamable-audio.s3.amazonaws.com/saysuseraudio1623012770273.mp3,1623012770471-0wmdb0,Complete,Transcode job 1623012770471-0wmdb0 was completed.,13.0,False
0aedae2d-4ef7-4f1b-96dc-6271c53e159c,2021-06-06 22:36:46.954878,2021-06-06 22:41:47.162960,https://says-api-uploaded-audio.s3.amazonaws.com/saysuseraudio1623019006742.m4a,https://says-api-streamable-audio.s3.amazonaws.com/saysuseraudio1623019006742.mp3,1623019006874-d7cb4c,Complete,Transcode job 1623019006874-d7cb4c was completed.,3.0,False
8ad6a023-f89c-403f-9138-a9330a57f648,2021-06-06 22:31:58.761921,2021-06-06 22:36:58.859300,https://says-api-uploaded-audio.s3.amazonaws.com/saysuseraudio1623018718503.m4a,https://says-api-streamable-audio.s3.amazonaws.com/saysuseraudio1623018718503.mp3,1623018718660-qy5x0k,Complete,Transcode job 1623018718660-qy5x0k was completed.,5.0,False
25708c86-8ed8-496b-8bff-8f6052fc84b6,2021-06-06 22:37:30.866428,2021-06-06 22:42:30.963890,https://says-api-uploaded-audio.s3.amazonaws.com/saysuseraudio1623019050691.m4a,https://says-api-streamable-audio.s3.amazonaws.com/saysuseraudio1623019050691.mp3,1623019050783-mlf32j,Complete,Transcode job 1623019050783-mlf32j was completed.,6.0,False
80d6d8e5-0d1a-4423-9732-ed6d6d1a9b10,2021-06-06 22:38:06.818631,2021-06-06 22:43:06.938508,https://says-api-uploaded-audio.s3.amazonaws.com/saysuseraudio1623019086638.m4a,https://says-api-streamable-audio.s3.amazonaws.com/saysuseraudio1623019086638.mp3,1623019086720-v55h4n,Complete,Transcode job 1623019086720-v55h4n was completed.,5.0,False
75e5274d-1ba6-4d99-a35d-86418de42ae6,2021-06-06 22:47:28.627127,2021-06-06 22:52:28.797350,https://says-api-uploaded-audio.s3.amazonaws.com/saysuseraudio1623019648450.m4a,https://says-api-streamable-audio.s3.amazonaws.com/saysuseraudio1623019648450.mp3,1623019648545-5ikspa,Complete,Transcode job 1623019648545-5ikspa was completed.,6.0,False
59f09de1-a701-4f8e-afd3-f764013fe468,2021-06-02 14:40:33.044318,2021-06-02 14:45:33.166674,https://says-api-uploaded-audio.s3.amazonaws.com/saysuseraudio1622644832789.m4a,https://says-api-streamable-audio.s3.amazonaws.com/saysuseraudio1622644832789.mp3,1622644832960-gwlo3d,Complete,Transcode job 1622644832960-gwlo3d was completed.,71.0,False
2d5572e1-cfac-4eb6-ab44-3c8a04e0b099,2021-06-06 22:48:03.876264,2021-06-06 22:53:03.961178,https://says-api-uploaded-audio.s3.amazonaws.com/saysuseraudio1623019683581.m4a,https://says-api-streamable-audio.s3.amazonaws.com/saysuseraudio1623019683581.mp3,1623019683779-t55dmv,Complete,Transcode job 1623019683779-t55dmv was completed.,7.0,False
dfede3e2-7789-4e91-9a45-f54f08e3c954,2021-06-07 02:47:37.959188,2021-06-07 02:52:38.093869,https://says-api-uploaded-audio.s3.amazonaws.com/saysuseraudio1623034057758.m4a,https://says-api-streamable-audio.s3.amazonaws.com/saysuseraudio1623034057758.mp3,1623034057865-lokgim,Complete,Transcode job 1623034057865-lokgim was completed.,5.0,True
5ca761ae-e21e-401c-ac40-47c5d10ab749,2021-11-14 02:09:14.477422,2021-11-14 02:09:44.522714,https://says-api-uploaded-audio.s3.amazonaws.com/saysuseraudio1636855754208.m4a,https://says-api-streamable-audio.s3.amazonaws.com/saysuseraudio1636855754208.mp3,1636855754356-a19sog,Complete,Transcode job 1636855754356-a19sog was completed.,122.0,True
5977ff03-4c4d-4436-a35b-cfa962a0e88e,2021-06-07 02:23:09.222112,2021-06-07 02:28:09.375533,https://says-api-uploaded-audio.s3.amazonaws.com/saysuseraudio1623032588964.m4a,https://says-api-streamable-audio.s3.amazonaws.com/saysuseraudio1623032588964.mp3,1623032589136-ila2bz,Complete,Transcode job 1623032589136-ila2bz was completed.,10.0,True
b52b7306-71ca-4fa5-98ff-727e5446cf28,2021-06-09 18:13:28.546279,2021-06-09 18:18:28.704567,https://says-api-uploaded-audio.s3.amazonaws.com/saysuseraudio1623262408186.m4a,https://says-api-streamable-audio.s3.amazonaws.com/saysuseraudio1623262408186.mp3,1623262408409-vx7rbs,Complete,Transcode job 1623262408409-vx7rbs was completed.,5.0,False
fa2344a5-46cd-4620-84dd-98b03ce3588b,2021-06-09 18:14:33.357038,2021-06-09 18:19:33.469472,https://says-api-uploaded-audio.s3.amazonaws.com/saysuseraudio1623262473142.m4a,https://says-api-streamable-audio.s3.amazonaws.com/saysuseraudio1623262473142.mp3,1623262473253-ovg4d8,Complete,Transcode job 1623262473253-ovg4d8 was completed.,4.0,False
0204e66b-5236-4474-9140-a12203bdc598,2021-06-07 18:49:02.475671,2021-06-07 18:54:02.636564,https://says-api-uploaded-audio.s3.amazonaws.com/saysuseraudio1623091741961.m4a,https://says-api-streamable-audio.s3.amazonaws.com/saysuseraudio1623091741961.mp3,1623091742370-udl1i4,Complete,Transcode job 1623091742370-udl1i4 was completed.,13.0,True
d89b3b96-5cf0-4927-ba9c-a564e0113137,2021-06-07 14:17:24.085227,2021-06-07 14:22:24.236848,https://says-api-uploaded-audio.s3.amazonaws.com/saysuseraudio1623075443754.m4a,https://says-api-streamable-audio.s3.amazonaws.com/saysuseraudio1623075443754.mp3,1623075443991-w7evsn,Complete,Transcode job 1623075443991-w7evsn was completed.,15.0,True
024bd02e-0482-44dc-882b-c2893dfc9446,2021-06-07 17:06:47.143947,2021-06-07 17:11:47.312519,https://says-api-uploaded-audio.s3.amazonaws.com/saysuseraudio1623085606923.m4a,https://says-api-streamable-audio.s3.amazonaws.com/saysuseraudio1623085606923.mp3,1623085607068-lp668b,Complete,Transcode job 1623085607068-lp668b was completed.,15.0,True
9d541cd7-692e-44bf-827c-e9f0065b3240,2021-06-09 18:27:34.736845,2021-06-09 18:32:34.883954,https://says-api-uploaded-audio.s3.amazonaws.com/saysuseraudio1623263254497.m4a,https://says-api-streamable-audio.s3.amazonaws.com/saysuseraudio1623263254497.mp3,1623263254642-0lo1oz,Complete,Transcode job 1623263254642-0lo1oz was completed.,8.0,False
6e618261-af3c-4962-b3d3-5562fd5ac9dc,2021-06-09 18:28:01.767496,2021-06-09 18:33:01.871565,https://says-api-uploaded-audio.s3.amazonaws.com/saysuseraudio1623263281545.m4a,https://says-api-streamable-audio.s3.amazonaws.com/saysuseraudio1623263281545.mp3,1623263281663-gonmel,Complete,Transcode job 1623263281663-gonmel was completed.,5.0,False
7024c8a3-abf7-40dd-881c-341da8caa412,2021-06-09 20:37:23.892023,2021-06-09 20:42:23.994027,https://says-api-uploaded-audio.s3.amazonaws.com/saysuseraudio1623271043502.m4a,https://says-api-streamable-audio.s3.amazonaws.com/saysuseraudio1623271043502.mp3,1623271043761-vnecug,Complete,Transcode job 1623271043761-vnecug was completed.,7.0,False
120f1cf0-bf34-49f7-b11a-596cbc21504f,2021-06-11 04:02:01.822939,2021-06-11 04:07:02.030773,https://says-api-uploaded-audio.s3.amazonaws.com/saysuseraudio1623384121530.m4a,https://says-api-streamable-audio.s3.amazonaws.com/saysuseraudio1623384121530.mp3,1623384121715-xdq62h,Complete,Transcode job 1623384121715-xdq62h was completed.,7.0,False
df083b52-9fe9-4c6f-aedc-c4f66d0d01b6,2021-06-11 02:31:03.923748,2021-06-11 02:36:04.081816,https://says-api-uploaded-audio.s3.amazonaws.com/saysuseraudio1623378663668.m4a,https://says-api-streamable-audio.s3.amazonaws.com/saysuseraudio1623378663668.mp3,1623378663833-vcu6c6,Complete,Transcode job 1623378663833-vcu6c6 was completed.,10.0,False
c50756be-5084-4cbc-91f0-96d4d526e097,2021-06-11 04:02:48.230729,2021-06-11 04:07:48.316684,https://says-api-uploaded-audio.s3.amazonaws.com/saysuseraudio1623384168064.m4a,https://says-api-streamable-audio.s3.amazonaws.com/saysuseraudio1623384168064.mp3,1623384168145-sg7vxg,Complete,Transcode job 1623384168145-sg7vxg was completed.,7.0,True
76ac42f7-f2bb-46c0-93fc-bd0a005f6a85,2021-06-11 04:57:41.600435,2021-06-11 05:02:41.883160,https://says-api-uploaded-audio.s3.amazonaws.com/saysuseraudio1623387461271.m4a,https://says-api-streamable-audio.s3.amazonaws.com/saysuseraudio1623387461271.mp3,1623387461506-8op0y9,Complete,Transcode job 1623387461506-8op0y9 was completed.,10.0,False
59aae577-0a40-414c-8543-4fc2ef103fc1,2021-06-12 02:04:39.523347,2021-06-12 02:09:39.668564,https://says-api-uploaded-audio.s3.amazonaws.com/saysuseraudio1623463479247.m4a,https://says-api-streamable-audio.s3.amazonaws.com/saysuseraudio1623463479247.mp3,1623463479429-p32p5u,Complete,Transcode job 1623463479429-p32p5u was completed.,9.0,False
61645802-b6f4-418b-bd23-73610e9ebeb3,2021-06-11 14:25:45.589460,2021-06-11 14:30:45.721997,https://says-api-uploaded-audio.s3.amazonaws.com/saysuseraudio1623421545324.m4a,https://says-api-streamable-audio.s3.amazonaws.com/saysuseraudio1623421545324.mp3,1623421545502-fkct6w,Complete,Transcode job 1623421545502-fkct6w was completed.,20.0,True
3b19c886-18c7-459f-a249-8d4cfc15b2a4,2021-06-03 16:13:22.892162,2021-06-03 16:18:23.012379,https://says-api-uploaded-audio.s3.amazonaws.com/saysuseraudio1622736802520.m4a,https://says-api-streamable-audio.s3.amazonaws.com/saysuseraudio1622736802520.mp3,1622736802776-4hy3lx,Complete,Transcode job 1622736802776-4hy3lx was completed.,107.0,True
698ddb22-8984-483d-930e-aaf1862d1a58,2021-06-11 01:55:22.878092,2021-06-11 02:05:22.962023,https://says-api-uploaded-audio.s3.amazonaws.com/saysuseraudio1623376522621.m4a,https://says-api-streamable-audio.s3.amazonaws.com/saysuseraudio1623376522621.mp3,1623376522772-lovp8e,Complete,Transcode job 1623376522772-lovp8e was completed.,43.0,True
9ba0c8be-2ddb-438f-bf5f-abfff015f344,2021-06-11 22:39:26.612062,2021-06-11 22:44:26.763977,https://says-api-uploaded-audio.s3.amazonaws.com/saysuseraudio1623451166350.m4a,https://says-api-streamable-audio.s3.amazonaws.com/saysuseraudio1623451166350.mp3,1623451166525-vfssjm,Complete,Transcode job 1623451166525-vfssjm was completed.,44.0,True
12ca527d-344d-4b12-82e7-549f391295e1,2021-06-14 02:03:27.842363,2021-06-14 02:08:27.987933,https://says-api-uploaded-audio.s3.amazonaws.com/saysuseraudio1623636207623.m4a,https://says-api-streamable-audio.s3.amazonaws.com/saysuseraudio1623636207623.mp3,1623636207742-hvssg7,Complete,Transcode job 1623636207742-hvssg7 was completed.,5.0,True
afff1136-c1d6-4a94-a84b-0eee302a6948,2021-06-06 02:02:43.510238,2021-06-06 02:07:43.643234,https://says-api-uploaded-audio.s3.amazonaws.com/saysuseraudio1622944963198.m4a,https://says-api-streamable-audio.s3.amazonaws.com/saysuseraudio1622944963198.mp3,1622944963432-wm8dem,Complete,Transcode job 1622944963432-wm8dem was completed.,103.0,False
d2307c91-4f79-4bcf-9e56-0aae8a6b3090,2021-06-15 02:51:40.958684,2021-06-15 02:56:41.120947,https://says-api-uploaded-audio.s3.amazonaws.com/saysuseraudio1623725500556.m4a,https://says-api-streamable-audio.s3.amazonaws.com/saysuseraudio1623725500556.mp3,1623725500838-vgnvbb,Complete,Transcode job 1623725500838-vgnvbb was completed.,7.0,False
d0eaa0e9-7f77-49ea-b1ef-adabdff9b1f1,2021-06-13 22:24:10.679240,2021-06-13 22:29:10.814811,https://says-api-uploaded-audio.s3.amazonaws.com/saysuseraudio1623623050372.m4a,https://says-api-streamable-audio.s3.amazonaws.com/saysuseraudio1623623050372.mp3,1623623050588-0imvlb,Complete,Transcode job 1623623050588-0imvlb was completed.,27.0,True
fd04ab10-a90b-4a01-97bd-00f3f3e75f59,2021-06-15 15:34:15.984940,2021-06-15 15:39:16.081719,https://says-api-uploaded-audio.s3.amazonaws.com/saysuseraudio1623771255818.m4a,https://says-api-streamable-audio.s3.amazonaws.com/saysuseraudio1623771255818.mp3,1623771255905-zive0w,Complete,Transcode job 1623771255905-zive0w was completed.,5.0,False
a5616369-521f-4d54-8eec-d334254d38a6,2021-06-15 15:33:00.232201,2021-06-15 15:38:00.407835,https://says-api-uploaded-audio.s3.amazonaws.com/saysuseraudio1623771179974.m4a,https://says-api-streamable-audio.s3.amazonaws.com/saysuseraudio1623771179974.mp3,1623771180156-f5qrvx,Complete,Transcode job 1623771180156-f5qrvx was completed.,7.0,True
91811d4a-5b0f-4575-877c-b5d5b150929b,2021-06-15 15:39:47.695954,2021-06-15 15:44:47.899760,https://says-api-uploaded-audio.s3.amazonaws.com/saysuseraudio1623771587502.m4a,https://says-api-streamable-audio.s3.amazonaws.com/saysuseraudio1623771587502.mp3,1623771587608-ix50ke,Complete,Transcode job 1623771587608-ix50ke was completed.,6.0,True
60f08b28-6917-4ff3-93bf-c14172a76d74,2021-06-15 15:47:41.719798,2021-06-15 15:52:41.877201,https://says-api-uploaded-audio.s3.amazonaws.com/saysuseraudio1623772061515.m4a,https://says-api-streamable-audio.s3.amazonaws.com/saysuseraudio1623772061515.mp3,1623772061641-i9b7oc,Complete,Transcode job 1623772061641-i9b7oc was completed.,7.0,True
6c474152-477f-4170-af41-97f924fea3ae,2021-06-08 01:57:41.666843,2021-06-08 02:02:41.886088,https://says-api-uploaded-audio.s3.amazonaws.com/saysuseraudio1623117461209.m4a,https://says-api-streamable-audio.s3.amazonaws.com/saysuseraudio1623117461209.mp3,1623117461572-vdl0tk,Complete,Transcode job 1623117461572-vdl0tk was completed.,100.0,True
632e5b6c-45db-4c9d-ac8c-d38357054e55,2021-06-12 23:49:57.620935,2021-06-12 23:54:57.723488,https://says-api-uploaded-audio.s3.amazonaws.com/saysuseraudio1623541797312.m4a,https://says-api-streamable-audio.s3.amazonaws.com/saysuseraudio1623541797312.mp3,1623541797535-6z77iq,Complete,Transcode job 1623541797535-6z77iq was completed.,71.0,True
d875149a-9f42-469d-a12c-9fd243084271,2021-06-16 22:55:06.239698,2021-06-16 23:00:11.065844,https://says-api-uploaded-audio.s3.amazonaws.com/saysuseraudio1623884105974.m4a,https://says-api-streamable-audio.s3.amazonaws.com/saysuseraudio1623884105974.mp3,1623884106148-ujc45w,Complete,Transcode job 1623884106148-ujc45w was completed.,17.0,True
67251f0d-e034-4dc4-be92-e0b6de3fb906,2021-06-18 03:15:32.825785,2021-06-18 03:20:32.945329,https://says-api-uploaded-audio.s3.amazonaws.com/saysuseraudio1623986132586.m4a,https://says-api-streamable-audio.s3.amazonaws.com/saysuseraudio1623986132586.mp3,1623986132703-hpusxu,Complete,Transcode job 1623986132703-hpusxu was completed.,4.0,True
4779f5d7-24af-4367-9ab1-31cf37d81a02,2021-06-19 02:51:57.778116,2021-06-19 02:56:57.896472,https://says-api-uploaded-audio.s3.amazonaws.com/saysuseraudio1624071117514.m4a,https://says-api-streamable-audio.s3.amazonaws.com/saysuseraudio1624071117514.mp3,1624071117685-ur6ya4,Complete,Transcode job 1624071117685-ur6ya4 was completed.,4.0,True
e01a8eae-88df-40b8-85aa-5b1cfe2125b3,2021-06-15 23:41:50.517609,2021-06-15 23:46:50.639828,https://says-api-uploaded-audio.s3.amazonaws.com/saysuseraudio1623800510212.m4a,https://says-api-streamable-audio.s3.amazonaws.com/saysuseraudio1623800510212.mp3,1623800510417-za6i0h,Complete,Transcode job 1623800510417-za6i0h was completed.,42.0,True
d41754b9-d995-45be-9104-b2c42ee1d9d6,2021-06-12 23:47:17.641061,2021-06-12 23:52:17.768556,https://says-api-uploaded-audio.s3.amazonaws.com/saysuseraudio1623541637303.m4a,https://says-api-streamable-audio.s3.amazonaws.com/saysuseraudio1623541637303.mp3,1623541637541-mcnbqj,Complete,Transcode job 1623541637541-mcnbqj was completed.,92.0,True
f76dc2e1-f1e4-4a96-a5e8-0004e6f8f541,2021-06-19 19:52:11.000156,2021-06-19 19:57:11.129913,https://says-api-uploaded-audio.s3.amazonaws.com/saysuseraudio1624132330721.m4a,https://says-api-streamable-audio.s3.amazonaws.com/saysuseraudio1624132330721.mp3,1624132330894-3ja84q,Complete,Transcode job 1624132330894-3ja84q was completed.,15.0,True
83d27181-2546-484b-a3d9-42c88a4421a0,2021-06-19 03:32:48.074183,2021-06-19 03:37:48.208849,https://says-api-uploaded-audio.s3.amazonaws.com/saysuseraudio1624073567881.m4a,https://says-api-streamable-audio.s3.amazonaws.com/saysuseraudio1624073567881.mp3,1624073567993-z8eqnc,Complete,Transcode job 1624073567993-z8eqnc was completed.,16.0,True
0f0ee61e-a9b6-4a0e-b8d3-3c046e8d1886,2021-06-19 20:07:53.819095,2021-06-19 20:12:53.943852,https://says-api-uploaded-audio.s3.amazonaws.com/saysuseraudio1624133273606.m4a,https://says-api-streamable-audio.s3.amazonaws.com/saysuseraudio1624133273606.mp3,1624133273708-f5uhjq,Complete,Transcode job 1624133273708-f5uhjq was completed.,5.0,False
8b6e4860-8278-4442-91f2-27893105f27f,2021-06-20 13:44:45.745775,2021-06-20 13:49:45.864531,https://says-api-uploaded-audio.s3.amazonaws.com/saysuseraudio1624196685450.m4a,https://says-api-streamable-audio.s3.amazonaws.com/saysuseraudio1624196685450.mp3,1624196685549-5c10o6,Complete,Transcode job 1624196685549-5c10o6 was completed.,6.0,False
bb48d3e3-7c91-4a6a-8ddd-ae7c62e484ab,2021-06-20 04:41:58.896568,2021-06-20 04:46:59.055883,https://says-api-uploaded-audio.s3.amazonaws.com/saysuseraudio1624164118692.m4a,https://says-api-streamable-audio.s3.amazonaws.com/saysuseraudio1624164118692.mp3,1624164118803-84nn10,Complete,Transcode job 1624164118803-84nn10 was completed.,7.0,False
3206b57e-32fc-445a-9b0f-62419da93438,2021-06-21 18:53:11.643186,2021-06-21 18:58:11.785301,https://says-api-uploaded-audio.s3.amazonaws.com/saysuseraudio1624301591336.m4a,https://says-api-streamable-audio.s3.amazonaws.com/saysuseraudio1624301591336.mp3,1624301591510-9np60c,Complete,Transcode job 1624301591510-9np60c was completed.,5.0,False
76fa6af3-b50e-400b-bf3b-a751a8f4e7d3,2021-12-05 04:08:58.255700,2021-12-05 04:09:28.322316,https://says-api-uploaded-audio.s3.amazonaws.com/saysuseraudio1638677337909.m4a,https://says-api-streamable-audio.s3.amazonaws.com/saysuseraudio1638677337909.mp3,1638677338164-9xwvun,Complete,Transcode job 1638677338164-9xwvun was completed.,140.0,False
d300fdac-e07a-4e68-8f64-7b148c318dd4,2021-06-21 18:53:50.288444,2021-06-21 18:58:50.412817,https://says-api-uploaded-audio.s3.amazonaws.com/saysuseraudio1624301630122.m4a,https://says-api-streamable-audio.s3.amazonaws.com/saysuseraudio1624301630122.mp3,1624301630209-12rx0x,Complete,Transcode job 1624301630209-12rx0x was completed.,6.0,False
78137fd9-83eb-45a1-8d96-68d0e2c59888,2021-06-19 23:14:11.737259,2021-06-19 23:19:11.864077,https://says-api-uploaded-audio.s3.amazonaws.com/saysuseraudio1624144451404.m4a,https://says-api-streamable-audio.s3.amazonaws.com/saysuseraudio1624144451404.mp3,1624144451575-71rb3q,Complete,Transcode job 1624144451575-71rb3q was completed.,19.0,False
efdae36a-20f0-492b-97e8-0db0744a6c14,2021-06-16 01:26:58.895692,2021-06-16 01:31:59.046375,https://says-api-uploaded-audio.s3.amazonaws.com/saysuseraudio1623806818615.m4a,https://says-api-streamable-audio.s3.amazonaws.com/saysuseraudio1623806818615.mp3,1623806818815-vi42x6,Complete,Transcode job 1623806818815-vi42x6 was completed.,80.0,False
521e5977-ef3c-4756-b3ef-72ef901f8bda,2021-06-21 20:11:23.951944,2021-06-21 20:16:24.082330,https://says-api-uploaded-audio.s3.amazonaws.com/saysuseraudio1624306283689.m4a,https://says-api-streamable-audio.s3.amazonaws.com/saysuseraudio1624306283689.mp3,1624306283846-g8pdny,Complete,Transcode job 1624306283846-g8pdny was completed.,33.0,True
4a450064-50e0-4403-a3f8-48e2c5232102,2021-06-12 22:58:12.600235,2021-06-12 23:03:12.733577,https://says-api-uploaded-audio.s3.amazonaws.com/saysuseraudio1623538692245.m4a,https://says-api-streamable-audio.s3.amazonaws.com/saysuseraudio1623538692245.mp3,1623538692509-4npgni,Complete,Transcode job 1623538692509-4npgni was completed.,141.0,True
1f56dbaf-cb11-4c2b-bab0-7d2d6ed1e59a,2021-06-22 23:58:11.122664,2021-06-23 00:03:11.249378,https://says-api-uploaded-audio.s3.amazonaws.com/saysuseraudio1624406290918.m4a,https://says-api-streamable-audio.s3.amazonaws.com/saysuseraudio1624406290918.mp3,1624406291029-hydzfr,Complete,Transcode job 1624406291029-hydzfr was completed.,5.0,True
2704c2f9-ffe9-4baa-b86d-c4959e20b555,2021-06-20 23:30:21.455875,2021-06-20 23:35:21.558014,https://says-api-uploaded-audio.s3.amazonaws.com/saysuseraudio1624231821244.m4a,https://says-api-streamable-audio.s3.amazonaws.com/saysuseraudio1624231821244.mp3,1624231821356-kcglu5,Complete,Transcode job 1624231821356-kcglu5 was completed.,47.0,True
5e6b76a3-a773-4aa9-a67f-e51f0fda2694,2021-06-23 04:46:00.742389,2021-06-23 04:51:00.873951,https://says-api-uploaded-audio.s3.amazonaws.com/saysuseraudio1624423560538.m4a,https://says-api-streamable-audio.s3.amazonaws.com/saysuseraudio1624423560538.mp3,1624423560639-2h9kir,Complete,Transcode job 1624423560639-2h9kir was completed.,7.0,False
c55d1c66-3e5b-4332-a4b4-68c85456340a,2021-06-23 00:46:21.757934,2021-06-23 00:51:21.882695,https://says-api-uploaded-audio.s3.amazonaws.com/saysuseraudio1624409181483.m4a,https://says-api-streamable-audio.s3.amazonaws.com/saysuseraudio1624409181483.mp3,1624409181668-jrt6ty,Complete,Transcode job 1624409181668-jrt6ty was completed.,13.0,True
3dee0cd8-025f-41a0-8f4e-c77ec8cc4e1c,2021-06-23 04:43:37.912425,2021-06-23 04:48:38.012391,https://says-api-uploaded-audio.s3.amazonaws.com/saysuseraudio1624423417615.m4a,https://says-api-streamable-audio.s3.amazonaws.com/saysuseraudio1624423417615.mp3,1624423417822-l4nai6,Complete,Transcode job 1624423417822-l4nai6 was completed.,9.0,False
9c5ab0d3-aeac-4343-b203-745846e0f23a,2021-06-23 04:49:42.658476,2021-06-23 04:54:42.744292,https://says-api-uploaded-audio.s3.amazonaws.com/saysuseraudio1624423782166.m4a,https://says-api-streamable-audio.s3.amazonaws.com/saysuseraudio1624423782166.mp3,1624423782555-bcotgd,Complete,Transcode job 1624423782555-bcotgd was completed.,7.0,False
732c6bda-f9fd-4207-8699-139d2baf13ac,2021-06-14 19:59:31.779271,2021-06-14 20:04:31.939717,https://says-api-uploaded-audio.s3.amazonaws.com/saysuseraudio1623700771444.m4a,https://says-api-streamable-audio.s3.amazonaws.com/saysuseraudio1623700771444.mp3,1623700771681-hxj385,Complete,Transcode job 1623700771681-hxj385 was completed.,125.0,True
889ab680-9f66-46be-afcf-0fdba34a947e,2021-06-23 04:51:03.651860,2021-06-23 04:56:03.784477,https://says-api-uploaded-audio.s3.amazonaws.com/saysuseraudio1624423863429.m4a,https://says-api-streamable-audio.s3.amazonaws.com/saysuseraudio1624423863429.mp3,1624423863541-ejw1k3,Complete,Transcode job 1624423863541-ejw1k3 was completed.,7.0,False
c343ef7e-bfd5-4173-b720-0b63c4439953,2021-11-02 02:37:44.049293,2021-11-02 02:38:14.127346,https://says-api-uploaded-audio.s3.amazonaws.com/saysuseraudio1635820663825.m4a,https://says-api-streamable-audio.s3.amazonaws.com/saysuseraudio1635820663825.mp3,1635820663953-la6302,Complete,Transcode job 1635820663953-la6302 was completed.,5.0,False
dcd0c968-4923-4cde-ba2f-817362235473,2021-06-23 16:02:52.685348,2021-06-23 16:07:52.864548,https://says-api-uploaded-audio.s3.amazonaws.com/saysuseraudio1624464172453.m4a,https://says-api-streamable-audio.s3.amazonaws.com/saysuseraudio1624464172453.mp3,1624464172576-xlb2b5,Complete,Transcode job 1624464172576-xlb2b5 was completed.,6.0,False
48cd3e6e-4bd5-4d71-898c-d02cbf2b20ef,2021-06-23 15:47:26.137286,2021-06-23 15:52:26.259480,https://says-api-uploaded-audio.s3.amazonaws.com/saysuseraudio1624463245897.m4a,https://says-api-streamable-audio.s3.amazonaws.com/saysuseraudio1624463245897.mp3,1624463246055-hmx3in,Complete,Transcode job 1624463246055-hmx3in was completed.,7.0,False
2ff14583-8b68-4763-99eb-a23c0d4a1645,2021-06-23 05:03:33.121436,2021-06-23 05:08:33.239809,https://says-api-uploaded-audio.s3.amazonaws.com/saysuseraudio1624424612809.m4a,https://says-api-streamable-audio.s3.amazonaws.com/saysuseraudio1624424612809.mp3,1624424613015-axaen8,Complete,Transcode job 1624424613015-axaen8 was completed.,14.0,False
0432147e-be4a-49f1-9f4f-b2fec78e7b72,2021-06-23 16:44:28.986423,2021-06-23 16:49:29.118087,https://says-api-uploaded-audio.s3.amazonaws.com/saysuseraudio1624466668789.m4a,https://says-api-streamable-audio.s3.amazonaws.com/saysuseraudio1624466668789.mp3,1624466668901-e6b392,Complete,Transcode job 1624466668901-e6b392 was completed.,7.0,False
0cd3b377-8f6b-4df6-92d9-4e57e5571bcd,2021-06-24 02:37:48.170813,2021-06-24 02:42:48.304533,https://says-api-uploaded-audio.s3.amazonaws.com/saysuseraudio1624502267903.m4a,https://says-api-streamable-audio.s3.amazonaws.com/saysuseraudio1624502267903.mp3,1624502268053-4zn92g,Complete,Transcode job 1624502268053-4zn92g was completed.,6.0,True
1717200d-2e50-4674-b10d-c230061f8b5e,2021-06-22 17:09:39.190490,2021-06-22 17:14:39.335464,https://says-api-uploaded-audio.s3.amazonaws.com/saysuseraudio1624381778902.m4a,https://says-api-streamable-audio.s3.amazonaws.com/saysuseraudio1624381778902.mp3,1624381779102-p8x9te,Complete,Transcode job 1624381779102-p8x9te was completed.,60.0,True
f035907e-0ecb-4bf1-ad8b-24dae9662166,2021-06-24 03:19:59.022615,2021-06-24 03:24:59.115658,https://says-api-uploaded-audio.s3.amazonaws.com/saysuseraudio1624504798814.m4a,https://says-api-streamable-audio.s3.amazonaws.com/saysuseraudio1624504798814.mp3,1624504798950-swc9r4,Complete,Transcode job 1624504798950-swc9r4 was completed.,5.0,True
970a37fa-ec89-4464-a826-a56acbce2f4f,2021-06-24 03:23:00.228350,2021-06-24 03:28:00.406008,https://says-api-uploaded-audio.s3.amazonaws.com/saysuseraudio1624504979986.m4a,https://says-api-streamable-audio.s3.amazonaws.com/saysuseraudio1624504979986.mp3,1624504980159-89uflg,Complete,Transcode job 1624504980159-89uflg was completed.,5.0,True
2b3ed371-f381-45ce-8590-964890926185,2021-06-24 03:13:34.751771,2021-06-24 03:18:34.882346,https://says-api-uploaded-audio.s3.amazonaws.com/saysuseraudio1624504414553.m4a,https://says-api-streamable-audio.s3.amazonaws.com/saysuseraudio1624504414553.mp3,1624504414680-k0l6oo,Complete,Transcode job 1624504414680-k0l6oo was completed.,11.0,False
1ed6cb0f-8cea-48f2-8453-4d1d33e2e5ba,2021-06-22 16:50:29.835529,2021-06-22 16:55:29.969225,https://says-api-uploaded-audio.s3.amazonaws.com/saysuseraudio1624380629501.m4a,https://says-api-streamable-audio.s3.amazonaws.com/saysuseraudio1624380629501.mp3,1624380629736-hy89a2,Complete,Transcode job 1624380629736-hy89a2 was completed.,83.0,True
943258c7-fb02-41e6-8985-def020d93c39,2021-06-24 15:44:34.619326,2021-06-24 15:49:34.771568,https://says-api-uploaded-audio.s3.amazonaws.com/saysuseraudio1624549474374.m4a,https://says-api-streamable-audio.s3.amazonaws.com/saysuseraudio1624549474374.mp3,1624549474519-0sseii,Complete,Transcode job 1624549474519-0sseii was completed.,13.0,False
70161e15-d434-443f-aa65-13fbeeefdd1c,2021-06-23 22:22:26.742154,2021-06-23 22:27:26.899930,https://says-api-uploaded-audio.s3.amazonaws.com/saysuseraudio1624486946454.m4a,https://says-api-streamable-audio.s3.amazonaws.com/saysuseraudio1624486946454.mp3,1624486946652-1pmr4f,Complete,Transcode job 1624486946652-1pmr4f was completed.,33.0,True
66021fd1-d702-40a1-8b18-d3dc8b9d8caa,2021-06-24 18:05:35.633053,2021-06-24 18:10:35.763647,https://says-api-uploaded-audio.s3.amazonaws.com/saysuseraudio1624557935426.m4a,https://says-api-streamable-audio.s3.amazonaws.com/saysuseraudio1624557935426.mp3,1624557935545-l66j2q,Complete,Transcode job 1624557935545-l66j2q was completed.,9.0,False
971d56df-a509-42a6-a009-9b2c5075b8a5,2021-06-22 17:03:51.641725,2021-06-22 17:08:51.773414,https://says-api-uploaded-audio.s3.amazonaws.com/saysuseraudio1624381431321.m4a,https://says-api-streamable-audio.s3.amazonaws.com/saysuseraudio1624381431321.mp3,1624381431560-ooipx3,Complete,Transcode job 1624381431560-ooipx3 was completed.,92.0,True
e6502ce4-bc88-4d9e-baf4-a2773fe67668,2021-06-24 19:57:23.602470,2021-06-24 20:02:23.672503,https://says-api-uploaded-audio.s3.amazonaws.com/saysuseraudio1624564643152.m4a,https://says-api-streamable-audio.s3.amazonaws.com/saysuseraudio1624564643152.mp3,1624564643467-ioq2wo,Complete,Transcode job 1624564643467-ioq2wo was completed.,9.0,False
42fd06ee-9c0e-4533-abb7-79fb76ef3f04,2021-06-24 21:43:37.497502,2021-06-24 21:48:37.647968,https://says-api-uploaded-audio.s3.amazonaws.com/saysuseraudio1624571017302.m4a,https://says-api-streamable-audio.s3.amazonaws.com/saysuseraudio1624571017302.mp3,1624571017401-wdptuj,Complete,Transcode job 1624571017401-wdptuj was completed.,5.0,False
7df5d4e8-534d-46d0-a9a2-f0c855f903d5,2021-06-24 21:43:55.902993,2021-06-24 21:48:55.996340,https://says-api-uploaded-audio.s3.amazonaws.com/saysuseraudio1624571035761.m4a,https://says-api-streamable-audio.s3.amazonaws.com/saysuseraudio1624571035761.mp3,1624571035823-lwnpob,Complete,Transcode job 1624571035823-lwnpob was completed.,9.0,False
76b78630-d62f-43fa-a0d3-4254a1e18a35,2021-06-24 22:25:37.988657,2021-06-24 22:30:38.105924,https://says-api-uploaded-audio.s3.amazonaws.com/saysuseraudio1624573537803.m4a,https://says-api-streamable-audio.s3.amazonaws.com/saysuseraudio1624573537803.mp3,1624573537879-p73ix6,Complete,Transcode job 1624573537879-p73ix6 was completed.,6.0,False
cf7f8aa5-2fe5-4a0c-b281-caa7468b5d72,2021-06-24 22:24:41.814240,2021-06-24 22:29:41.901966,https://says-api-uploaded-audio.s3.amazonaws.com/saysuseraudio1624573481582.m4a,https://says-api-streamable-audio.s3.amazonaws.com/saysuseraudio1624573481582.mp3,1624573481724-xv8cxk,Complete,Transcode job 1624573481724-xv8cxk was completed.,8.0,False
222367b2-b619-49e6-8def-755aafc43a7a,2021-06-22 19:20:50.843145,2021-06-22 19:25:50.977275,https://says-api-uploaded-audio.s3.amazonaws.com/saysuseraudio1624389650459.m4a,https://says-api-streamable-audio.s3.amazonaws.com/saysuseraudio1624389650459.mp3,1624389650752-remrqc,Complete,Transcode job 1624389650752-remrqc was completed.,77.0,True
5669f0c0-a1c5-4b24-8a53-325444e37c62,2021-06-24 22:34:36.885377,2021-06-24 22:39:36.989259,https://says-api-uploaded-audio.s3.amazonaws.com/saysuseraudio1624574076712.m4a,https://says-api-streamable-audio.s3.amazonaws.com/saysuseraudio1624574076712.mp3,1624574076800-s0r9ge,Complete,Transcode job 1624574076800-s0r9ge was completed.,5.0,True
e9f06081-f7ec-4ffd-a9ca-3a1df62500ab,2021-06-24 22:35:36.361970,2021-06-24 22:40:36.503229,https://says-api-uploaded-audio.s3.amazonaws.com/saysuseraudio1624574136151.m4a,https://says-api-streamable-audio.s3.amazonaws.com/saysuseraudio1624574136151.mp3,1624574136262-00lkdu,Complete,Transcode job 1624574136262-00lkdu was completed.,6.0,True
4f44ccf1-8682-4c16-af36-6a29787c7d3d,2021-06-24 22:26:06.758521,2021-06-24 22:31:06.871620,https://says-api-uploaded-audio.s3.amazonaws.com/saysuseraudio1624573566574.m4a,https://says-api-streamable-audio.s3.amazonaws.com/saysuseraudio1624573566574.mp3,1624573566672-76yywo,Complete,Transcode job 1624573566672-76yywo was completed.,7.0,False
5cc0b528-8b0b-40e1-ae6a-11b807e6d7b5,2021-06-24 22:34:59.074337,2021-06-24 22:39:59.151424,https://says-api-uploaded-audio.s3.amazonaws.com/saysuseraudio1624574098902.m4a,https://says-api-streamable-audio.s3.amazonaws.com/saysuseraudio1624574098902.mp3,1624574098982-h0l950,Complete,Transcode job 1624574098982-h0l950 was completed.,7.0,True
6e14b2bc-16c2-4a04-8ae7-48d6193e0f94,2021-06-24 22:36:29.606685,2021-06-24 22:41:29.686008,https://says-api-uploaded-audio.s3.amazonaws.com/saysuseraudio1624574189436.m4a,https://says-api-streamable-audio.s3.amazonaws.com/saysuseraudio1624574189436.mp3,1624574189535-6fntgh,Complete,Transcode job 1624574189535-6fntgh was completed.,6.0,True
876f5055-29c4-4d6f-b451-6109accc3137,2021-06-25 01:08:59.840643,2021-06-25 01:13:59.992507,https://says-api-uploaded-audio.s3.amazonaws.com/saysuseraudio1624583339602.m4a,https://says-api-streamable-audio.s3.amazonaws.com/saysuseraudio1624583339602.mp3,1624583339752-5kav0t,Complete,Transcode job 1624583339752-5kav0t was completed.,5.0,False
1870d7e3-25b1-478d-a0fd-c4b298d9ff89,2021-06-24 23:00:48.834142,2021-06-24 23:05:48.969045,https://says-api-uploaded-audio.s3.amazonaws.com/saysuseraudio1624575648618.m4a,https://says-api-streamable-audio.s3.amazonaws.com/saysuseraudio1624575648618.mp3,1624575648752-eo8w0g,Complete,Transcode job 1624575648752-eo8w0g was completed.,5.0,True
71b92203-81af-4be9-a9fe-b5de07e2c4fc,2021-06-24 22:48:45.740842,2021-06-24 22:53:45.895864,https://says-api-uploaded-audio.s3.amazonaws.com/saysuseraudio1624574925500.m4a,https://says-api-streamable-audio.s3.amazonaws.com/saysuseraudio1624574925500.mp3,1624574925650-yo9rnm,Complete,Transcode job 1624574925650-yo9rnm was completed.,5.0,True
3ce179ca-af49-4b0d-be65-7affc0e60fc4,2021-06-24 14:46:32.732869,2021-06-24 14:51:32.937432,https://says-api-uploaded-audio.s3.amazonaws.com/saysuseraudio1624545992476.m4a,https://says-api-streamable-audio.s3.amazonaws.com/saysuseraudio1624545992476.mp3,1624545992639-ob9ney,Complete,Transcode job 1624545992639-ob9ney was completed.,42.0,True
3ccbad75-6e40-4ba4-b315-08796fa89a00,2021-06-25 15:52:03.695187,2021-06-25 15:57:03.823810,https://says-api-uploaded-audio.s3.amazonaws.com/saysuseraudio1624636323491.m4a,https://says-api-streamable-audio.s3.amazonaws.com/saysuseraudio1624636323491.mp3,1624636323599-lg2o1d,Complete,Transcode job 1624636323599-lg2o1d was completed.,5.0,True
2e7f0489-5dac-469a-aa40-79c45f35537d,2021-06-25 17:22:22.274029,2021-06-25 17:27:22.401188,https://says-api-uploaded-audio.s3.amazonaws.com/saysuseraudio1624641742051.m4a,https://says-api-streamable-audio.s3.amazonaws.com/saysuseraudio1624641742051.mp3,1624641742170-otlyc3,Complete,Transcode job 1624641742170-otlyc3 was completed.,4.0,False
a113544c-9094-47bb-a3f7-a6927a7b2226,2021-06-25 16:09:55.127921,2021-06-25 16:14:55.273752,https://says-api-uploaded-audio.s3.amazonaws.com/saysuseraudio1624637394838.m4a,https://says-api-streamable-audio.s3.amazonaws.com/saysuseraudio1624637394838.mp3,1624637395010-xb38w7,Complete,Transcode job 1624637395010-xb38w7 was completed.,5.0,True
9fa15026-a59a-4619-8b34-fd0ec98a47b8,2021-06-25 16:20:23.702621,2021-06-25 16:25:23.807778,https://says-api-uploaded-audio.s3.amazonaws.com/saysuseraudio1624638023534.m4a,https://says-api-streamable-audio.s3.amazonaws.com/saysuseraudio1624638023534.mp3,1624638023624-x4dx5q,Complete,Transcode job 1624638023624-x4dx5q was completed.,6.0,True
e0ec3ec2-a4bf-4c44-ad38-ec96ac2a4619,2021-06-25 15:03:58.084885,2021-06-25 15:08:58.223757,https://says-api-uploaded-audio.s3.amazonaws.com/saysuseraudio1624633437892.m4a,https://says-api-streamable-audio.s3.amazonaws.com/saysuseraudio1624633437892.mp3,1624633438000-nk13d0,Complete,Transcode job 1624633438000-nk13d0 was completed.,7.0,True
460d41bb-7b6d-4fdc-a6fd-2a15dfb4edbe,2021-06-25 17:23:00.339997,2021-06-25 17:28:00.416408,https://says-api-uploaded-audio.s3.amazonaws.com/saysuseraudio1624641780138.m4a,https://says-api-streamable-audio.s3.amazonaws.com/saysuseraudio1624641780138.mp3,1624641780215-q39nrc,Complete,Transcode job 1624641780215-q39nrc was completed.,4.0,False
f948efd6-7523-4c67-b1dc-3b5b21f1de04,2021-06-25 17:22:34.945864,2021-06-25 17:27:35.048947,https://says-api-uploaded-audio.s3.amazonaws.com/saysuseraudio1624641754774.m4a,https://says-api-streamable-audio.s3.amazonaws.com/saysuseraudio1624641754774.mp3,1624641754866-2od36z,Complete,Transcode job 1624641754866-2od36z was completed.,4.0,False
560382b6-d168-4b80-93d5-3ecf99b44bb2,2021-06-25 17:23:11.784357,2021-06-25 17:28:11.851679,https://says-api-uploaded-audio.s3.amazonaws.com/saysuseraudio1624641791555.m4a,https://says-api-streamable-audio.s3.amazonaws.com/saysuseraudio1624641791555.mp3,1624641791668-jspui5,Complete,Transcode job 1624641791668-jspui5 was completed.,4.0,False
1a37f196-79b5-48a8-aa85-9e72b67b51cd,2021-06-25 17:24:47.597521,2021-06-25 17:29:47.690742,https://says-api-uploaded-audio.s3.amazonaws.com/saysuseraudio1624641887399.m4a,https://says-api-streamable-audio.s3.amazonaws.com/saysuseraudio1624641887399.mp3,1624641887497-jvuou0,Complete,Transcode job 1624641887497-jvuou0 was completed.,6.0,True
de91feac-6c1d-4d1c-a632-07911cc068f2,2021-06-25 20:28:20.054980,2021-06-25 20:33:20.126222,https://says-api-uploaded-audio.s3.amazonaws.com/saysuseraudio1624652899822.m4a,https://says-api-streamable-audio.s3.amazonaws.com/saysuseraudio1624652899822.mp3,1624652899956-2bj83h,Complete,Transcode job 1624652899956-2bj83h was completed.,5.0,True
f8157a2f-1a48-4704-8dcb-1c1b6d409782,2021-06-25 20:22:20.442451,2021-06-25 20:27:20.558666,https://says-api-uploaded-audio.s3.amazonaws.com/saysuseraudio1624652540237.m4a,https://says-api-streamable-audio.s3.amazonaws.com/saysuseraudio1624652540237.mp3,1624652540345-tvwcta,Complete,Transcode job 1624652540345-tvwcta was completed.,6.0,True
0ac4aa48-41f5-41e4-b700-c7e22e499929,2021-06-25 20:29:28.308374,2021-06-25 20:34:28.410115,https://says-api-uploaded-audio.s3.amazonaws.com/saysuseraudio1624652968154.m4a,https://says-api-streamable-audio.s3.amazonaws.com/saysuseraudio1624652968154.mp3,1624652968229-aixs9w,Complete,Transcode job 1624652968229-aixs9w was completed.,6.0,True
0a88dfaa-542c-4f25-b22f-7ca1a801f8bb,2021-06-25 20:30:41.506000,2021-06-25 20:35:41.649753,https://says-api-uploaded-audio.s3.amazonaws.com/saysuseraudio1624653041330.m4a,https://says-api-streamable-audio.s3.amazonaws.com/saysuseraudio1624653041330.mp3,1624653041415-woop4d,Complete,Transcode job 1624653041415-woop4d was completed.,6.0,True
bff0ff8c-f738-4474-98f5-78d2fead85b2,2021-06-25 20:31:32.462963,2021-06-25 20:36:32.521739,https://says-api-uploaded-audio.s3.amazonaws.com/saysuseraudio1624653092218.m4a,https://says-api-streamable-audio.s3.amazonaws.com/saysuseraudio1624653092218.mp3,1624653092363-u35ayg,Complete,Transcode job 1624653092363-u35ayg was completed.,6.0,True
75c8f7cd-e36a-4b9c-b19d-4df1a1470543,2021-06-26 02:40:36.034573,2021-06-26 02:45:36.156254,https://says-api-uploaded-audio.s3.amazonaws.com/saysuseraudio1624675235817.m4a,https://says-api-streamable-audio.s3.amazonaws.com/saysuseraudio1624675235817.mp3,1624675235936-skdyea,Complete,Transcode job 1624675235936-skdyea was completed.,9.0,False
f9b9f948-5f52-4fe6-b23b-844d5ed21653,2021-06-25 17:49:20.989417,2021-06-25 17:54:21.183520,https://says-api-uploaded-audio.s3.amazonaws.com/saysuseraudio1624643360722.m4a,https://says-api-streamable-audio.s3.amazonaws.com/saysuseraudio1624643360722.mp3,1624643360897-k7jt57,Complete,Transcode job 1624643360897-k7jt57 was completed.,19.0,True
43fab597-7126-429b-a047-f155f1ffa54f,2021-06-26 18:27:19.451185,2021-06-26 18:32:19.585963,https://says-api-uploaded-audio.s3.amazonaws.com/saysuseraudio1624732039278.m4a,https://says-api-streamable-audio.s3.amazonaws.com/saysuseraudio1624732039278.mp3,1624732039374-1wuf1f,Complete,Transcode job 1624732039374-1wuf1f was completed.,6.0,False
67e39df6-549b-495a-a910-93f9cae42d22,2021-06-26 14:15:38.733696,2021-06-26 14:20:38.848319,https://says-api-uploaded-audio.s3.amazonaws.com/saysuseraudio1624716938447.m4a,https://says-api-streamable-audio.s3.amazonaws.com/saysuseraudio1624716938447.mp3,1624716938634-qn3fr0,Complete,Transcode job 1624716938634-qn3fr0 was completed.,13.0,False
6a6b2d71-5875-4d29-ad19-8a554987e039,2021-06-26 18:29:18.198436,2021-06-26 18:34:18.280155,https://says-api-uploaded-audio.s3.amazonaws.com/saysuseraudio1624732158037.m4a,https://says-api-streamable-audio.s3.amazonaws.com/saysuseraudio1624732158037.mp3,1624732158122-s9qboh,Complete,Transcode job 1624732158122-s9qboh was completed.,7.0,False
0c5b666f-7072-4856-8a83-b3ea9f43b8b4,2021-06-25 18:54:57.753069,2021-06-25 18:59:57.886263,https://says-api-uploaded-audio.s3.amazonaws.com/saysuseraudio1624647297445.m4a,https://says-api-streamable-audio.s3.amazonaws.com/saysuseraudio1624647297445.mp3,1624647297651-9gwqjs,Complete,Transcode job 1624647297651-9gwqjs was completed.,25.0,True
2abe76ee-c581-461a-a161-7e3b90865718,2021-06-26 18:48:46.680495,2021-06-26 18:53:46.762752,https://says-api-uploaded-audio.s3.amazonaws.com/saysuseraudio1624733326450.m4a,https://says-api-streamable-audio.s3.amazonaws.com/saysuseraudio1624733326450.mp3,1624733326600-8pui2c,Complete,Transcode job 1624733326600-8pui2c was completed.,9.0,False
f2996f4e-888a-4c71-bb36-ef37c3f0facb,2021-06-26 18:46:35.758572,2021-06-26 18:51:35.876946,https://says-api-uploaded-audio.s3.amazonaws.com/saysuseraudio1624733195487.m4a,https://says-api-streamable-audio.s3.amazonaws.com/saysuseraudio1624733195487.mp3,1624733195618-tuyrik,Complete,Transcode job 1624733195618-tuyrik was completed.,11.0,False
d0a0e4ac-b15f-4a21-955b-4fd3aa3ac471,2021-06-26 18:54:52.699027,2021-06-26 18:59:52.748567,https://says-api-uploaded-audio.s3.amazonaws.com/saysuseraudio1624733692454.m4a,https://says-api-streamable-audio.s3.amazonaws.com/saysuseraudio1624733692454.mp3,1624733692547-h347y8,Complete,Transcode job 1624733692547-h347y8 was completed.,7.0,False
9cdd8e36-c173-4b95-9dd8-4d1fbbfa7a65,2021-06-26 19:08:26.970242,2021-06-26 19:13:27.090846,https://says-api-uploaded-audio.s3.amazonaws.com/saysuseraudio1624734506690.m4a,https://says-api-streamable-audio.s3.amazonaws.com/saysuseraudio1624734506690.mp3,1624734506863-ar5cot,Complete,Transcode job 1624734506863-ar5cot was completed.,11.0,False
98083186-207a-46ee-a0bd-9e89234151bb,2021-06-27 00:39:13.998460,2021-06-27 00:44:14.082246,https://says-api-uploaded-audio.s3.amazonaws.com/saysuseraudio1624754353766.m4a,https://says-api-streamable-audio.s3.amazonaws.com/saysuseraudio1624754353766.mp3,1624754353904-m0rk7d,Complete,Transcode job 1624754353904-m0rk7d was completed.,9.0,True
a869166a-cc92-48f2-b29c-5304449ff319,2021-06-24 17:54:30.403662,2021-06-24 17:59:30.524108,https://says-api-uploaded-audio.s3.amazonaws.com/saysuseraudio1624557270070.m4a,https://says-api-streamable-audio.s3.amazonaws.com/saysuseraudio1624557270070.mp3,1624557270305-1e3raf,Complete,Transcode job 1624557270305-1e3raf was completed.,96.0,True
850dda47-2c04-44ea-b922-a77f1216d6d4,2021-06-27 00:29:41.624372,2021-06-27 00:34:41.754444,https://says-api-uploaded-audio.s3.amazonaws.com/saysuseraudio1624753781310.m4a,https://says-api-streamable-audio.s3.amazonaws.com/saysuseraudio1624753781310.mp3,1624753781538-z560l7,Complete,Transcode job 1624753781538-z560l7 was completed.,23.0,False
39562ef4-a5fd-465a-9be9-5f1e8349c8f3,2021-06-26 18:57:41.730557,2021-06-26 19:02:41.867188,https://says-api-uploaded-audio.s3.amazonaws.com/saysuseraudio1624733861504.m4a,https://says-api-streamable-audio.s3.amazonaws.com/saysuseraudio1624733861504.mp3,1624733861643-tt3l52,Complete,Transcode job 1624733861643-tt3l52 was completed.,30.0,False
94b995d7-0fc2-4ef5-aa80-083b5cc0acc0,2021-06-27 00:42:40.861749,2021-06-27 00:47:41.001772,https://says-api-uploaded-audio.s3.amazonaws.com/saysuseraudio1624754560581.m4a,https://says-api-streamable-audio.s3.amazonaws.com/saysuseraudio1624754560581.mp3,1624754560763-nl1301,Complete,Transcode job 1624754560763-nl1301 was completed.,32.0,True
2342e840-6c4b-43d5-9ff8-7ec24ad16f82,2021-06-28 14:22:15.018829,2021-06-28 14:27:15.156489,https://says-api-uploaded-audio.s3.amazonaws.com/saysuseraudio1624890134744.m4a,https://says-api-streamable-audio.s3.amazonaws.com/saysuseraudio1624890134744.mp3,1624890134918-fp2tvq,Complete,Transcode job 1624890134918-fp2tvq was completed.,10.0,False
8b2a248b-059b-4a73-940d-8c2688fcbf62,2021-06-24 22:14:47.108775,2021-06-24 22:19:47.238566,https://says-api-uploaded-audio.s3.amazonaws.com/saysuseraudio1624572886738.m4a,https://says-api-streamable-audio.s3.amazonaws.com/saysuseraudio1624572886738.mp3,1624572887023-7sfqfi,Complete,Transcode job 1624572887023-7sfqfi was completed.,95.0,True
67e2cd61-c843-4c2d-8183-dbf4fc8d6250,2021-06-28 15:41:58.444649,2021-06-28 15:46:58.568529,https://says-api-uploaded-audio.s3.amazonaws.com/saysuseraudio1624894918209.m4a,https://says-api-streamable-audio.s3.amazonaws.com/saysuseraudio1624894918209.mp3,1624894918355-o97on8,Complete,Transcode job 1624894918355-o97on8 was completed.,9.0,False
314f1a45-e07f-4e33-a3fd-80a04c098d38,2021-06-27 00:49:07.690698,2021-06-27 00:54:07.754684,https://says-api-uploaded-audio.s3.amazonaws.com/saysuseraudio1624754947285.m4a,https://says-api-streamable-audio.s3.amazonaws.com/saysuseraudio1624754947285.mp3,1624754947585-ce9dwd,Complete,Transcode job 1624754947585-ce9dwd was completed.,38.0,True
5d5332b4-6ed2-4e58-a0d7-b882672a79d3,2021-06-27 00:49:04.703147,2021-06-27 00:54:04.828111,https://says-api-uploaded-audio.s3.amazonaws.com/saysuseraudio1624754944411.m4a,https://says-api-streamable-audio.s3.amazonaws.com/saysuseraudio1624754944411.mp3,1624754944612-1bvgd1,Complete,Transcode job 1624754944612-1bvgd1 was completed.,42.0,True
808fbfcb-db0f-418a-9e1a-b1581a7f39b0,2021-06-24 00:26:44.691837,2021-06-24 00:31:44.819566,https://says-api-uploaded-audio.s3.amazonaws.com/saysuseraudio1624494404242.m4a,https://says-api-streamable-audio.s3.amazonaws.com/saysuseraudio1624494404242.mp3,1624494404568-jkdgie,Complete,Transcode job 1624494404568-jkdgie was completed.,141.0,True
a6b77634-88d6-48c2-a4d7-d9c2ab60aa14,2021-06-29 16:43:30.723832,2021-06-29 16:48:30.804259,https://says-api-uploaded-audio.s3.amazonaws.com/saysuseraudio1624985010459.m4a,https://says-api-streamable-audio.s3.amazonaws.com/saysuseraudio1624985010459.mp3,1624985010626-btz46a,Complete,Transcode job 1624985010626-btz46a was completed.,7.0,True
e94e313f-0536-4e20-a9a3-bf9e058604d6,2021-06-29 16:47:31.261379,2021-06-29 16:52:31.383203,https://says-api-uploaded-audio.s3.amazonaws.com/saysuseraudio1624985251066.m4a,https://says-api-streamable-audio.s3.amazonaws.com/saysuseraudio1624985251066.mp3,1624985251182-nlsa4y,Complete,Transcode job 1624985251182-nlsa4y was completed.,5.0,True
6af657e9-c52c-4bf3-8dc0-d3951f0e2a2c,2021-06-29 17:49:37.578138,2021-06-29 17:54:37.705864,https://says-api-uploaded-audio.s3.amazonaws.com/saysuseraudio1624988977306.m4a,https://says-api-streamable-audio.s3.amazonaws.com/saysuseraudio1624988977306.mp3,1624988977481-kkzqh7,Complete,Transcode job 1624988977481-kkzqh7 was completed.,4.0,True
c5ca63ee-d0cd-44e6-a0df-4a0363e583dd,2021-06-29 19:57:37.312316,2021-06-29 20:02:37.441932,https://says-api-uploaded-audio.s3.amazonaws.com/saysuseraudio1624996656742.m4a,https://says-api-streamable-audio.s3.amazonaws.com/saysuseraudio1624996656742.mp3,1624996657211-wh5qz7,Complete,Transcode job 1624996657211-wh5qz7 was completed.,6.0,True
9919858c-4748-494e-9aa5-2b4ffc99ed99,2021-06-28 18:19:33.578353,2021-06-28 18:24:33.721059,https://says-api-uploaded-audio.s3.amazonaws.com/saysuseraudio1624904373255.m4a,https://says-api-streamable-audio.s3.amazonaws.com/saysuseraudio1624904373255.mp3,1624904373471-1tm4q4,Complete,Transcode job 1624904373471-1tm4q4 was completed.,23.0,True
182fb0b5-27ea-4c83-85ed-dea1571f6cff,2021-06-29 21:44:30.673376,2021-06-29 21:49:30.818092,https://says-api-uploaded-audio.s3.amazonaws.com/saysuseraudio1625003070448.m4a,https://says-api-streamable-audio.s3.amazonaws.com/saysuseraudio1625003070448.mp3,1625003070576-xysx13,Complete,Transcode job 1625003070576-xysx13 was completed.,4.0,True
861f03ad-68e8-47f7-af0c-db2765a7e7c7,2021-06-28 18:12:15.408259,2021-06-28 18:17:15.549545,https://says-api-uploaded-audio.s3.amazonaws.com/saysuseraudio1624903935156.m4a,https://says-api-streamable-audio.s3.amazonaws.com/saysuseraudio1624903935156.mp3,1624903935322-i3gxyw,Complete,Transcode job 1624903935322-i3gxyw was completed.,29.0,True
1659f866-5579-43dd-8472-973f9d6a078b,2021-06-30 00:57:38.211463,2021-06-30 01:02:38.347933,https://says-api-uploaded-audio.s3.amazonaws.com/saysuseraudio1625014657962.m4a,https://says-api-streamable-audio.s3.amazonaws.com/saysuseraudio1625014657962.mp3,1625014658117-cflmd8,Complete,Transcode job 1625014658117-cflmd8 was completed.,3.0,True
15e9513c-ab94-4df2-972c-0c3b23b6a468,2021-06-29 23:24:54.939732,2021-06-29 23:29:55.100595,https://says-api-uploaded-audio.s3.amazonaws.com/saysuseraudio1625009094709.m4a,https://says-api-streamable-audio.s3.amazonaws.com/saysuseraudio1625009094709.mp3,1625009094850-qvpkyr,Complete,Transcode job 1625009094850-qvpkyr was completed.,4.0,True
775f94df-c1d1-4779-a978-7cf50e64eb80,2021-06-30 03:45:06.424791,2021-06-30 03:50:09.947762,https://says-api-uploaded-audio.s3.amazonaws.com/saysuseraudio1625024706166.m4a,https://says-api-streamable-audio.s3.amazonaws.com/saysuseraudio1625024706166.mp3,1625024706294-p71cgr,Complete,Transcode job 1625024706294-p71cgr was completed.,6.0,True
6c90fe1c-7f04-4bb9-b9d3-d41d261ff101,2021-06-30 14:20:38.054040,2021-06-30 14:25:38.166410,https://says-api-uploaded-audio.s3.amazonaws.com/saysuseraudio1625062837822.m4a,https://says-api-streamable-audio.s3.amazonaws.com/saysuseraudio1625062837822.mp3,1625062837957-qq6fea,Complete,Transcode job 1625062837957-qq6fea was completed.,4.0,False
8b747e98-d623-4278-ac2d-83608dfc477e,2021-06-30 14:18:02.613671,2021-06-30 14:23:02.738973,https://says-api-uploaded-audio.s3.amazonaws.com/saysuseraudio1625062682414.m4a,https://says-api-streamable-audio.s3.amazonaws.com/saysuseraudio1625062682414.mp3,1625062682523-s1gk4d,Complete,Transcode job 1625062682523-s1gk4d was completed.,6.0,False
8f3de3f1-5dad-4546-8652-d49950f675ca,2021-06-27 11:53:31.434942,2021-06-27 11:58:31.601780,https://says-api-uploaded-audio.s3.amazonaws.com/saysuseraudio1624794811204.m4a,https://says-api-streamable-audio.s3.amazonaws.com/saysuseraudio1624794811204.mp3,1624794811354-jvf6lo,Complete,Transcode job 1624794811354-jvf6lo was completed.,51.0,False
25a62132-82bd-4d71-9eb4-681b9bf520b9,2021-06-29 02:02:06.828575,2021-06-29 02:07:06.959220,https://says-api-uploaded-audio.s3.amazonaws.com/saysuseraudio1624932126554.m4a,https://says-api-streamable-audio.s3.amazonaws.com/saysuseraudio1624932126554.mp3,1624932126740-m3b1vs,Complete,Transcode job 1624932126740-m3b1vs was completed.,30.0,False
88781450-29a0-4a12-9520-20f4b9014bb5,2021-06-28 23:49:53.261348,2021-06-28 23:54:53.383882,https://says-api-uploaded-audio.s3.amazonaws.com/saysuseraudio1624924192979.m4a,https://says-api-streamable-audio.s3.amazonaws.com/saysuseraudio1624924192979.mp3,1624924193136-ei14uv,Complete,Transcode job 1624924193136-ei14uv was completed.,34.0,False
50f041a1-1ab8-4737-a4ce-8c7b6b930952,2021-06-30 14:58:17.842294,2021-06-30 15:03:17.981581,https://says-api-uploaded-audio.s3.amazonaws.com/saysuseraudio1625065097558.m4a,https://says-api-streamable-audio.s3.amazonaws.com/saysuseraudio1625065097558.mp3,1625065097682-ziulwn,Complete,Transcode job 1625065097682-ziulwn was completed.,6.0,False
25a562d4-956c-4eb2-8df0-7a8849c0499b,2021-06-30 03:32:06.300907,2021-06-30 03:37:06.438438,https://says-api-uploaded-audio.s3.amazonaws.com/saysuseraudio1625023926064.m4a,https://says-api-streamable-audio.s3.amazonaws.com/saysuseraudio1625023926064.mp3,1625023926215-j6h16v,Complete,Transcode job 1625023926215-j6h16v was completed.,14.0,True
46b02aa4-5622-4b95-b772-825a55e42054,2021-06-30 14:59:49.972598,2021-06-30 15:04:50.065223,https://says-api-uploaded-audio.s3.amazonaws.com/saysuseraudio1625065189778.m4a,https://says-api-streamable-audio.s3.amazonaws.com/saysuseraudio1625065189778.mp3,1625065189881-px3cfp,Complete,Transcode job 1625065189881-px3cfp was completed.,6.0,False
41dfb0d7-1324-4787-a3d3-06b9e7da9c06,2021-06-30 14:36:49.394616,2021-06-30 14:41:49.516761,https://says-api-uploaded-audio.s3.amazonaws.com/saysuseraudio1625063809198.m4a,https://says-api-streamable-audio.s3.amazonaws.com/saysuseraudio1625063809198.mp3,1625063809291-45i5yi,Complete,Transcode job 1625063809291-45i5yi was completed.,12.0,False
597ced60-8e3b-477c-ad16-5069b1bd6e25,2021-06-30 15:46:42.184292,2021-06-30 15:51:42.301194,https://says-api-uploaded-audio.s3.amazonaws.com/saysuseraudio1625068001974.m4a,https://says-api-streamable-audio.s3.amazonaws.com/saysuseraudio1625068001974.mp3,1625068002088-mxc5d0,Complete,Transcode job 1625068002088-mxc5d0 was completed.,4.0,True
79e65ed5-2965-4883-8064-7c09aff8c6b0,2021-06-30 16:09:37.035475,2021-06-30 16:14:37.165567,https://says-api-uploaded-audio.s3.amazonaws.com/saysuseraudio1625069376742.m4a,https://says-api-streamable-audio.s3.amazonaws.com/saysuseraudio1625069376742.mp3,1625069376942-qe39qc,Complete,Transcode job 1625069376942-qe39qc was completed.,4.0,True
1194b39e-5418-4313-908d-5fb2333ba35b,2021-06-30 14:42:59.063817,2021-06-30 14:47:59.190634,https://says-api-uploaded-audio.s3.amazonaws.com/saysuseraudio1625064178838.m4a,https://says-api-streamable-audio.s3.amazonaws.com/saysuseraudio1625064178838.mp3,1625064178970-r9cv4v,Complete,Transcode job 1625064178970-r9cv4v was completed.,13.0,False
3061b27b-4b21-43bd-9907-61ca1b0d8c4b,2021-11-14 02:10:20.911357,2021-11-14 02:10:50.980402,https://says-api-uploaded-audio.s3.amazonaws.com/saysuseraudio1636855820729.m4a,https://says-api-streamable-audio.s3.amazonaws.com/saysuseraudio1636855820729.mp3,1636855820836-qcwllx,Complete,Transcode job 1636855820836-qcwllx was completed.,16.0,False
c5924a6c-421b-4dab-89df-289cd1ed2732,2021-06-30 15:05:37.452072,2021-06-30 15:10:37.633339,https://says-api-uploaded-audio.s3.amazonaws.com/saysuseraudio1625065537210.m4a,https://says-api-streamable-audio.s3.amazonaws.com/saysuseraudio1625065537210.mp3,1625065537366-c8tlyc,Complete,Transcode job 1625065537366-c8tlyc was completed.,11.0,False
6a322228-644c-4023-8f1b-59bdda4fb46b,2021-06-30 17:57:39.359111,2021-06-30 18:02:39.496274,https://says-api-uploaded-audio.s3.amazonaws.com/saysuseraudio1625075858846.m4a,https://says-api-streamable-audio.s3.amazonaws.com/saysuseraudio1625075858846.mp3,1625075859235-iq3h1g,Complete,Transcode job 1625075859235-iq3h1g was completed.,4.0,True
f3fcd140-13bd-4080-b460-7228a2be129d,2021-06-30 18:03:37.073532,2021-06-30 18:08:37.190929,https://says-api-uploaded-audio.s3.amazonaws.com/saysuseraudio1625076216858.m4a,https://says-api-streamable-audio.s3.amazonaws.com/saysuseraudio1625076216858.mp3,1625076216973-xuv3tu,Complete,Transcode job 1625076216973-xuv3tu was completed.,5.0,True
ac028dd2-f798-4450-ab6d-138141e9f4a3,2021-06-30 18:04:17.749636,2021-06-30 18:09:17.923423,https://says-api-uploaded-audio.s3.amazonaws.com/saysuseraudio1625076257486.m4a,https://says-api-streamable-audio.s3.amazonaws.com/saysuseraudio1625076257486.mp3,1625076257628-d4gwta,Complete,Transcode job 1625076257628-d4gwta was completed.,6.0,True
26441754-7676-479c-8094-227b1fb12d26,2021-06-30 15:07:21.341900,2021-06-30 15:12:21.427213,https://says-api-uploaded-audio.s3.amazonaws.com/saysuseraudio1625065641083.m4a,https://says-api-streamable-audio.s3.amazonaws.com/saysuseraudio1625065641083.mp3,1625065641229-q33jpj,Complete,Transcode job 1625065641229-q33jpj was completed.,13.0,False
85f754e3-24c6-442c-b5d6-57d1b9ae206c,2021-06-30 15:08:15.706621,2021-06-30 15:13:15.767897,https://says-api-uploaded-audio.s3.amazonaws.com/saysuseraudio1625065695473.m4a,https://says-api-streamable-audio.s3.amazonaws.com/saysuseraudio1625065695473.mp3,1625065695603-y5vtl9,Complete,Transcode job 1625065695603-y5vtl9 was completed.,14.0,False
c1bd67c8-9171-41fe-923d-5cd34052f7dd,2021-06-30 18:10:22.950099,2021-06-30 18:15:23.069075,https://says-api-uploaded-audio.s3.amazonaws.com/saysuseraudio1625076622727.m4a,https://says-api-streamable-audio.s3.amazonaws.com/saysuseraudio1625076622727.mp3,1625076622859-555vn9,Complete,Transcode job 1625076622859-555vn9 was completed.,5.0,True
a83fcef5-8c1b-4a0e-a3cf-8d18e6ffaf33,2021-06-30 18:04:49.321589,2021-06-30 18:09:49.422692,https://says-api-uploaded-audio.s3.amazonaws.com/saysuseraudio1625076289123.m4a,https://says-api-streamable-audio.s3.amazonaws.com/saysuseraudio1625076289123.mp3,1625076289253-navgdp,Complete,Transcode job 1625076289253-navgdp was completed.,6.0,True
008dd3d7-56f6-482b-ba32-119872ce49fa,2021-06-30 18:26:13.388465,2021-06-30 18:31:13.542555,https://says-api-uploaded-audio.s3.amazonaws.com/saysuseraudio1625077573022.m4a,https://says-api-streamable-audio.s3.amazonaws.com/saysuseraudio1625077573022.mp3,1625077573252-oyl3dj,Complete,Transcode job 1625077573252-oyl3dj was completed.,4.0,True
27e84074-d5bb-4991-bc28-11312161a56f,2021-06-30 18:37:16.930534,2021-06-30 18:42:17.058690,https://says-api-uploaded-audio.s3.amazonaws.com/saysuseraudio1625078236758.m4a,https://says-api-streamable-audio.s3.amazonaws.com/saysuseraudio1625078236758.mp3,1625078236838-yktsd9,Complete,Transcode job 1625078236838-yktsd9 was completed.,5.0,True
d65d099a-729d-42c1-9b00-e62cc4b2accb,2021-06-30 18:21:28.084169,2021-06-30 18:26:28.179872,https://says-api-uploaded-audio.s3.amazonaws.com/saysuseraudio1625077287899.m4a,https://says-api-streamable-audio.s3.amazonaws.com/saysuseraudio1625077287899.mp3,1625077287994-aoabef,Complete,Transcode job 1625077287994-aoabef was completed.,7.0,True
b3470fde-f25d-4e25-ba2e-24fbe772a391,2021-06-30 18:49:10.427517,2021-06-30 18:54:10.519795,https://says-api-uploaded-audio.s3.amazonaws.com/saysuseraudio1625078950222.m4a,https://says-api-streamable-audio.s3.amazonaws.com/saysuseraudio1625078950222.mp3,1625078950341-qycd8q,Complete,Transcode job 1625078950341-qycd8q was completed.,4.0,True
0d3329a2-4d52-4db7-8717-00c6520ac22d,2021-06-30 18:37:47.347401,2021-06-30 18:42:47.429315,https://says-api-uploaded-audio.s3.amazonaws.com/saysuseraudio1625078267030.m4a,https://says-api-streamable-audio.s3.amazonaws.com/saysuseraudio1625078267030.mp3,1625078267258-vyjzw6,Complete,Transcode job 1625078267258-vyjzw6 was completed.,6.0,True
c7f20eef-5a1b-4a0d-8b37-62c9ee843327,2021-07-01 02:59:23.555422,2021-07-01 03:04:23.626414,https://says-api-uploaded-audio.s3.amazonaws.com/saysuseraudio1625108363382.m4a,https://says-api-streamable-audio.s3.amazonaws.com/saysuseraudio1625108363382.mp3,1625108363470-2pei4s,Complete,Transcode job 1625108363470-2pei4s was completed.,5.0,True
1e50a934-88a5-4d7b-a7f9-248d46ee31ec,2021-07-01 02:55:03.618350,2021-07-01 03:00:04.247108,https://says-api-uploaded-audio.s3.amazonaws.com/saysuseraudio1625108103365.m4a,https://says-api-streamable-audio.s3.amazonaws.com/saysuseraudio1625108103365.mp3,1625108103514-8gdty8,Complete,Transcode job 1625108103514-8gdty8 was completed.,7.0,False
6d91af77-37c7-4ff1-b2c8-1c80f238e983,2021-07-01 02:58:42.759616,2021-07-01 03:03:42.844709,https://says-api-uploaded-audio.s3.amazonaws.com/saysuseraudio1625108322533.m4a,https://says-api-streamable-audio.s3.amazonaws.com/saysuseraudio1625108322533.mp3,1625108322679-iujris,Complete,Transcode job 1625108322679-iujris was completed.,7.0,True
9075b605-4173-4c18-ad92-f7ff8053acbc,2021-07-01 02:01:26.167412,2021-07-01 02:06:26.297218,https://says-api-uploaded-audio.s3.amazonaws.com/saysuseraudio1625104885900.m4a,https://says-api-streamable-audio.s3.amazonaws.com/saysuseraudio1625104885900.mp3,1625104886058-ky6off,Complete,Transcode job 1625104886058-ky6off was completed.,9.0,False
97a11325-0ed6-457a-a584-3217cc60a8f8,2021-07-01 02:57:30.910573,2021-07-01 03:02:31.036652,https://says-api-uploaded-audio.s3.amazonaws.com/saysuseraudio1625108250710.m4a,https://says-api-streamable-audio.s3.amazonaws.com/saysuseraudio1625108250710.mp3,1625108250835-vs74t7,Complete,Transcode job 1625108250835-vs74t7 was completed.,9.0,False
f98012c3-188a-4806-89e2-b887343ecf0c,2021-07-01 20:33:08.640745,2021-07-01 20:38:08.756376,https://says-api-uploaded-audio.s3.amazonaws.com/saysuseraudio1625171588310.m4a,https://says-api-streamable-audio.s3.amazonaws.com/saysuseraudio1625171588310.mp3,1625171588458-wmen7z,Complete,Transcode job 1625171588458-wmen7z was completed.,5.0,True
8746d75d-3103-48a6-9f47-7f8b8271f723,2021-07-01 20:33:23.486994,2021-07-01 20:38:23.567889,https://says-api-uploaded-audio.s3.amazonaws.com/saysuseraudio1625171603162.m4a,https://says-api-streamable-audio.s3.amazonaws.com/saysuseraudio1625171603162.mp3,1625171603414-vwk7t3,Complete,Transcode job 1625171603414-vwk7t3 was completed.,5.0,True
0987894b-08fb-4784-b456-63f7f0fab95e,2021-07-01 20:33:40.450050,2021-07-01 20:38:40.515780,https://says-api-uploaded-audio.s3.amazonaws.com/saysuseraudio1625171620289.m4a,https://says-api-streamable-audio.s3.amazonaws.com/saysuseraudio1625171620289.mp3,1625171620359-1wfakp,Complete,Transcode job 1625171620359-1wfakp was completed.,4.0,True
325db788-8466-45a5-9577-f11d4781ce2f,2021-07-01 20:34:05.023147,2021-07-01 20:39:05.099830,https://says-api-uploaded-audio.s3.amazonaws.com/saysuseraudio1625171644834.m4a,https://says-api-streamable-audio.s3.amazonaws.com/saysuseraudio1625171644834.mp3,1625171644921-ps7qzj,Complete,Transcode job 1625171644921-ps7qzj was completed.,4.0,True
7ec22583-64fc-42ae-a517-5ac112c4fa96,2021-07-01 02:58:13.178506,2021-07-01 03:03:13.284183,https://says-api-uploaded-audio.s3.amazonaws.com/saysuseraudio1625108292994.m4a,https://says-api-streamable-audio.s3.amazonaws.com/saysuseraudio1625108292994.mp3,1625108293086-x7592m,Complete,Transcode job 1625108293086-x7592m was completed.,6.0,False
f2ad47bf-3ac8-48b6-b6c1-e974b485dcea,2021-07-01 23:32:35.456897,2021-07-01 23:37:35.579591,https://says-api-uploaded-audio.s3.amazonaws.com/saysuseraudio1625182355118.m4a,https://says-api-streamable-audio.s3.amazonaws.com/saysuseraudio1625182355118.mp3,1625182355352-kr6mlw,Complete,Transcode job 1625182355352-kr6mlw was completed.,4.0,False
87d87e1f-c666-453d-9082-97b7116fa4e9,2021-07-01 23:45:54.306679,2021-07-01 23:50:54.442323,https://says-api-uploaded-audio.s3.amazonaws.com/saysuseraudio1625183154102.m4a,https://says-api-streamable-audio.s3.amazonaws.com/saysuseraudio1625183154102.mp3,1625183154204-s089u5,Complete,Transcode job 1625183154204-s089u5 was completed.,4.0,True
89a936a7-e804-4f34-a438-4ebdaf2d9704,2021-07-01 23:32:46.097219,2021-07-01 23:37:46.175211,https://says-api-uploaded-audio.s3.amazonaws.com/saysuseraudio1625182365942.m4a,https://says-api-streamable-audio.s3.amazonaws.com/saysuseraudio1625182365942.mp3,1625182366018-y8to4n,Complete,Transcode job 1625182366018-y8to4n was completed.,5.0,False
71b28d50-241d-4f6a-9284-cd77148f9213,2021-07-01 23:33:00.814199,2021-07-01 23:38:00.893494,https://says-api-uploaded-audio.s3.amazonaws.com/saysuseraudio1625182380674.m4a,https://says-api-streamable-audio.s3.amazonaws.com/saysuseraudio1625182380674.mp3,1625182380744-wkvati,Complete,Transcode job 1625182380744-wkvati was completed.,5.0,False
0f85984c-5f50-4319-9f9b-1c4a4f892832,2021-06-30 18:45:58.440824,2021-06-30 18:50:58.560293,https://says-api-uploaded-audio.s3.amazonaws.com/saysuseraudio1625078758238.m4a,https://says-api-streamable-audio.s3.amazonaws.com/saysuseraudio1625078758238.mp3,1625078758358-1dpxdl,Complete,Transcode job 1625078758358-1dpxdl was completed.,21.0,False
1baa1697-cb4c-473b-9591-f86eea76cb8d,2021-07-02 16:16:13.823763,2021-07-02 16:21:13.988725,https://says-api-uploaded-audio.s3.amazonaws.com/saysuseraudio1625242573646.m4a,https://says-api-streamable-audio.s3.amazonaws.com/saysuseraudio1625242573646.mp3,1625242573733-yoyakw,Complete,Transcode job 1625242573733-yoyakw was completed.,4.0,True
1b8c87b7-7acf-4c15-b777-be356ea26e97,2021-07-02 16:49:29.342633,2021-07-02 16:54:29.440557,https://says-api-uploaded-audio.s3.amazonaws.com/saysuseraudio1625244569108.m4a,https://says-api-streamable-audio.s3.amazonaws.com/saysuseraudio1625244569108.mp3,1625244569241-axu60x,Complete,Transcode job 1625244569241-axu60x was completed.,4.0,True
2e5bdb6e-42ac-426c-9d3c-7b5a2298a7fd,2021-07-02 16:13:52.851254,2021-07-02 16:18:52.939518,https://says-api-uploaded-audio.s3.amazonaws.com/saysuseraudio1625242432657.m4a,https://says-api-streamable-audio.s3.amazonaws.com/saysuseraudio1625242432657.mp3,1625242432751-5bvyno,Complete,Transcode job 1625242432751-5bvyno was completed.,8.0,True
2ab2dad3-76ba-4684-8b32-204be71a3d56,2021-07-02 16:16:32.531027,2021-07-02 16:21:32.608064,https://says-api-uploaded-audio.s3.amazonaws.com/saysuseraudio1625242592357.m4a,https://says-api-streamable-audio.s3.amazonaws.com/saysuseraudio1625242592357.mp3,1625242592439-0t7u68,Complete,Transcode job 1625242592439-0t7u68 was completed.,5.0,True
0d094c9d-997e-4fec-826f-6a5bcd9f7e80,2021-07-02 16:49:53.263406,2021-07-02 16:54:53.374647,https://says-api-uploaded-audio.s3.amazonaws.com/saysuseraudio1625244593082.m4a,https://says-api-streamable-audio.s3.amazonaws.com/saysuseraudio1625244593082.mp3,1625244593171-buswca,Complete,Transcode job 1625244593171-buswca was completed.,4.0,True
d7c63af5-9620-4989-9d46-9fcfa5f0d867,2021-07-02 16:49:42.392035,2021-07-02 16:54:42.506555,https://says-api-uploaded-audio.s3.amazonaws.com/saysuseraudio1625244582202.m4a,https://says-api-streamable-audio.s3.amazonaws.com/saysuseraudio1625244582202.mp3,1625244582273-lp2xf2,Complete,Transcode job 1625244582273-lp2xf2 was completed.,4.0,True
36521338-4fed-4a3f-88ba-f94b02281402,2021-07-02 17:22:10.106577,2021-07-02 17:27:10.165175,https://says-api-uploaded-audio.s3.amazonaws.com/saysuseraudio1625246529886.m4a,https://says-api-streamable-audio.s3.amazonaws.com/saysuseraudio1625246529886.mp3,1625246529975-pca7kg,Complete,Transcode job 1625246529975-pca7kg was completed.,4.0,True
63eb610a-3f41-4e78-8b4a-43f5dd723e4c,2021-07-02 16:50:23.028139,2021-07-02 16:55:23.151419,https://says-api-uploaded-audio.s3.amazonaws.com/saysuseraudio1625244622763.m4a,https://says-api-streamable-audio.s3.amazonaws.com/saysuseraudio1625244622763.mp3,1625244622915-m542jm,Complete,Transcode job 1625244622915-m542jm was completed.,5.0,True
983381b8-546f-4a5a-ace5-9abd55f0a8f7,2021-06-30 18:46:33.743975,2021-06-30 18:51:33.823860,https://says-api-uploaded-audio.s3.amazonaws.com/saysuseraudio1625078793537.m4a,https://says-api-streamable-audio.s3.amazonaws.com/saysuseraudio1625078793537.mp3,1625078793666-v4vlas,Complete,Transcode job 1625078793666-v4vlas was completed.,28.0,False
ce43a5d1-e98a-4d9b-8bd1-fa65ff1fec96,2021-07-02 17:21:25.991972,2021-07-02 17:26:26.131769,https://says-api-uploaded-audio.s3.amazonaws.com/saysuseraudio1625246485718.m4a,https://says-api-streamable-audio.s3.amazonaws.com/saysuseraudio1625246485718.mp3,1625246485892-vf6dt2,Complete,Transcode job 1625246485892-vf6dt2 was completed.,6.0,True
1e160fde-bc79-4351-bbe4-e1732a111189,2021-07-02 21:47:25.196642,2021-07-02 21:52:25.322589,https://says-api-uploaded-audio.s3.amazonaws.com/saysuseraudio1625262444929.m4a,https://says-api-streamable-audio.s3.amazonaws.com/saysuseraudio1625262444929.mp3,1625262445067-newznt,Complete,Transcode job 1625262445067-newznt was completed.,6.0,False
cffd01c8-3b36-4803-8fb4-44d4542d6697,2021-11-02 02:43:57.532891,2021-11-02 02:44:27.584110,https://says-api-uploaded-audio.s3.amazonaws.com/saysuseraudio1635821037322.m4a,https://says-api-streamable-audio.s3.amazonaws.com/saysuseraudio1635821037322.mp3,1635821037434-vqyhm7,Complete,Transcode job 1635821037434-vqyhm7 was completed.,5.0,True
2bbca445-4c10-486b-8c47-2fd188cbc8fa,2021-07-02 21:48:15.946272,2021-07-02 21:53:16.035697,https://says-api-uploaded-audio.s3.amazonaws.com/saysuseraudio1625262495783.m4a,https://says-api-streamable-audio.s3.amazonaws.com/saysuseraudio1625262495783.mp3,1625262495868-qp6mx0,Complete,Transcode job 1625262495868-qp6mx0 was completed.,11.0,False
f029e1cd-5fc6-486b-9d37-0cce67ca7b3f,2021-07-02 21:47:43.345920,2021-07-02 21:52:43.444659,https://says-api-uploaded-audio.s3.amazonaws.com/saysuseraudio1625262463123.m4a,https://says-api-streamable-audio.s3.amazonaws.com/saysuseraudio1625262463123.mp3,1625262463274-1nd5nq,Complete,Transcode job 1625262463274-1nd5nq was completed.,12.0,False
5675d4cb-2f6d-4f8a-8f40-85ecb64c4604,2021-07-03 13:27:17.530660,2021-07-03 13:32:17.643857,https://says-api-uploaded-audio.s3.amazonaws.com/saysuseraudio1625318837290.m4a,https://says-api-streamable-audio.s3.amazonaws.com/saysuseraudio1625318837290.mp3,1625318837449-f98bsv,Complete,Transcode job 1625318837449-f98bsv was completed.,15.0,False
c6636526-7bbe-4365-9289-8f4666234b92,2021-07-05 01:43:09.735378,2021-07-05 01:48:09.872674,https://says-api-uploaded-audio.s3.amazonaws.com/saysuseraudio1625449389438.m4a,https://says-api-streamable-audio.s3.amazonaws.com/saysuseraudio1625449389438.mp3,1625449389608-xtlmmi,Complete,Transcode job 1625449389608-xtlmmi was completed.,11.0,False
c5b78bd9-9e36-4f47-8395-249d2679f4f0,2021-07-05 16:54:09.694629,2021-07-05 16:59:09.828537,https://says-api-uploaded-audio.s3.amazonaws.com/saysuseraudio1625504049482.m4a,https://says-api-streamable-audio.s3.amazonaws.com/saysuseraudio1625504049482.mp3,1625504049590-25h2h9,Complete,Transcode job 1625504049590-25h2h9 was completed.,6.0,False
ae6af29c-5d51-4b5c-82a3-be02a057f7ba,2021-07-04 00:48:05.628403,2021-07-04 00:53:05.782199,https://says-api-uploaded-audio.s3.amazonaws.com/saysuseraudio1625359685340.m4a,https://says-api-streamable-audio.s3.amazonaws.com/saysuseraudio1625359685340.mp3,1625359685510-8zcofq,Complete,Transcode job 1625359685510-8zcofq was completed.,22.0,True
03670f49-1c71-40cd-8412-0fc3d2b7042e,2021-07-05 17:32:20.537934,2021-07-05 17:37:20.622347,https://says-api-uploaded-audio.s3.amazonaws.com/saysuseraudio1625506340322.m4a,https://says-api-streamable-audio.s3.amazonaws.com/saysuseraudio1625506340322.mp3,1625506340457-n892h5,Complete,Transcode job 1625506340457-n892h5 was completed.,6.0,True
c3948b86-e301-4dbe-8ab0-e806e8bdc741,2021-07-04 13:48:08.407190,2021-07-04 13:53:08.547147,https://says-api-uploaded-audio.s3.amazonaws.com/saysuseraudio1625406488150.m4a,https://says-api-streamable-audio.s3.amazonaws.com/saysuseraudio1625406488150.mp3,1625406488319-yi2dmc,Complete,Transcode job 1625406488319-yi2dmc was completed.,23.0,True
075665ad-7ba0-4adf-b546-e46b1b110d87,2021-07-05 17:33:12.285865,2021-07-05 17:38:12.357138,https://says-api-uploaded-audio.s3.amazonaws.com/saysuseraudio1625506392080.m4a,https://says-api-streamable-audio.s3.amazonaws.com/saysuseraudio1625506392080.mp3,1625506392191-4v6y5e,Complete,Transcode job 1625506392191-4v6y5e was completed.,5.0,True
005d7ffe-a781-4320-9f4b-a39163d9727e,2021-07-05 17:35:31.181937,2021-07-05 17:40:31.280013,https://says-api-uploaded-audio.s3.amazonaws.com/saysuseraudio1625506530918.m4a,https://says-api-streamable-audio.s3.amazonaws.com/saysuseraudio1625506530918.mp3,1625506531082-1uonw4,Complete,Transcode job 1625506531082-1uonw4 was completed.,5.0,True
b2babce0-5fc7-436b-8e4a-2935d786eee6,2021-07-05 20:42:44.620265,2021-07-05 20:47:44.753539,https://says-api-uploaded-audio.s3.amazonaws.com/saysuseraudio1625517764442.m4a,https://says-api-streamable-audio.s3.amazonaws.com/saysuseraudio1625517764442.mp3,1625517764535-n69lko,Complete,Transcode job 1625517764535-n69lko was completed.,5.0,False
138c3d2b-0d60-4068-889b-4fc13249d6d3,2021-07-05 21:23:33.234658,2021-07-05 21:28:33.371585,https://says-api-uploaded-audio.s3.amazonaws.com/saysuseraudio1625520213042.m4a,https://says-api-streamable-audio.s3.amazonaws.com/saysuseraudio1625520213042.mp3,1625520213138-4vy7b1,Complete,Transcode job 1625520213138-4vy7b1 was completed.,5.0,False
e6cd9ce2-2435-44d6-8ee2-156d2d24fe51,2021-07-05 21:24:09.126213,2021-07-05 21:29:09.202797,https://says-api-uploaded-audio.s3.amazonaws.com/saysuseraudio1625520248889.m4a,https://says-api-streamable-audio.s3.amazonaws.com/saysuseraudio1625520248889.mp3,1625520248984-jg90zk,Complete,Transcode job 1625520248984-jg90zk was completed.,4.0,False
565df775-cf98-41bd-a400-df55ad892c40,2021-07-06 15:30:51.117118,2021-07-06 15:35:51.222464,https://says-api-uploaded-audio.s3.amazonaws.com/saysuseraudio1625585450919.m4a,https://says-api-streamable-audio.s3.amazonaws.com/saysuseraudio1625585450919.mp3,1625585451029-b9ibjj,Complete,Transcode job 1625585451029-b9ibjj was completed.,4.0,True
cbee7eb7-ac3c-4165-aeea-ceb03e019537,2021-06-27 04:14:45.601203,2021-06-27 04:19:45.722442,https://says-api-uploaded-audio.s3.amazonaws.com/saysuseraudio1624767285206.m4a,https://says-api-streamable-audio.s3.amazonaws.com/saysuseraudio1624767285206.mp3,1624767285471-a67l0a,Complete,Transcode job 1624767285471-a67l0a was completed.,132.0,True
d0f966ec-2ce1-4442-9c10-c44a8fee1760,2021-07-05 22:21:42.269845,2021-07-05 22:26:42.392846,https://says-api-uploaded-audio.s3.amazonaws.com/saysuseraudio1625523702032.m4a,https://says-api-streamable-audio.s3.amazonaws.com/saysuseraudio1625523702032.mp3,1625523702192-gf7pdj,Complete,Transcode job 1625523702192-gf7pdj was completed.,7.0,True
3e80d74e-1d64-44c2-99da-c09f1523170e,2021-07-06 15:31:30.788623,2021-07-06 15:36:30.863486,https://says-api-uploaded-audio.s3.amazonaws.com/saysuseraudio1625585490602.m4a,https://says-api-streamable-audio.s3.amazonaws.com/saysuseraudio1625585490602.mp3,1625585490699-do7986,Complete,Transcode job 1625585490699-do7986 was completed.,4.0,True
8cc334da-60cb-4fdb-b48b-86e1d5a8ab2f,2021-07-06 15:33:14.092448,2021-07-06 15:38:14.291482,https://says-api-uploaded-audio.s3.amazonaws.com/saysuseraudio1625585593926.m4a,https://says-api-streamable-audio.s3.amazonaws.com/saysuseraudio1625585593926.mp3,1625585594011-5ww6eq,Complete,Transcode job 1625585594011-5ww6eq was completed.,3.0,True
8b0e3987-2a97-4dbf-a82b-e0ec58f03d58,2021-07-06 15:33:54.967684,2021-07-06 15:38:55.060525,https://says-api-uploaded-audio.s3.amazonaws.com/saysuseraudio1625585634710.m4a,https://says-api-streamable-audio.s3.amazonaws.com/saysuseraudio1625585634710.mp3,1625585634881-w5nkxe,Complete,Transcode job 1625585634881-w5nkxe was completed.,3.0,True
ee6c2bba-525f-4384-b5cd-16877caff8b3,2021-07-06 15:34:29.987594,2021-07-06 15:39:30.060775,https://says-api-uploaded-audio.s3.amazonaws.com/saysuseraudio1625585669822.m4a,https://says-api-streamable-audio.s3.amazonaws.com/saysuseraudio1625585669822.mp3,1625585669908-g1bne7,Complete,Transcode job 1625585669908-g1bne7 was completed.,4.0,True
aadd0e15-d5f7-460d-a44c-469056bcbc4f,2021-07-05 22:02:22.976515,2021-07-05 22:07:23.053300,https://says-api-uploaded-audio.s3.amazonaws.com/saysuseraudio1625522542771.m4a,https://says-api-streamable-audio.s3.amazonaws.com/saysuseraudio1625522542771.mp3,1625522542906-8fmj2e,Complete,Transcode job 1625522542906-8fmj2e was completed.,14.0,False
861b2859-cef0-495a-935c-da1faa91bb4a,2021-07-06 15:46:38.388282,2021-07-06 15:51:38.524265,https://says-api-uploaded-audio.s3.amazonaws.com/saysuseraudio1625586398166.m4a,https://says-api-streamable-audio.s3.amazonaws.com/saysuseraudio1625586398166.mp3,1625586398306-6w91fh,Complete,Transcode job 1625586398306-6w91fh was completed.,4.0,True
fc717670-c5d8-44ab-857c-386687b45bb3,2021-07-06 15:47:42.424051,2021-07-06 15:52:42.521914,https://says-api-uploaded-audio.s3.amazonaws.com/saysuseraudio1625586462242.m4a,https://says-api-streamable-audio.s3.amazonaws.com/saysuseraudio1625586462242.mp3,1625586462344-dequwz,Complete,Transcode job 1625586462344-dequwz was completed.,4.0,False
d8cbc556-fc34-4d9c-95ce-597da8ddc0ad,2021-07-06 15:56:17.973002,2021-07-06 16:01:18.088600,https://says-api-uploaded-audio.s3.amazonaws.com/saysuseraudio1625586977790.m4a,https://says-api-streamable-audio.s3.amazonaws.com/saysuseraudio1625586977790.mp3,1625586977876-x6vm1r,Complete,Transcode job 1625586977876-x6vm1r was completed.,4.0,False
9e6c32a0-b3d9-4282-bf93-aa29f10edf47,2021-07-06 15:58:27.921098,2021-07-06 16:03:28.018156,https://says-api-uploaded-audio.s3.amazonaws.com/saysuseraudio1625587107698.m4a,https://says-api-streamable-audio.s3.amazonaws.com/saysuseraudio1625587107698.mp3,1625587107821-l01d6f,Complete,Transcode job 1625587107821-l01d6f was completed.,5.0,False
7e4e31c3-34b2-4400-88a6-0d52c4043513,2021-07-06 15:59:00.504985,2021-07-06 16:04:00.578605,https://says-api-uploaded-audio.s3.amazonaws.com/saysuseraudio1625587140286.m4a,https://says-api-streamable-audio.s3.amazonaws.com/saysuseraudio1625587140286.mp3,1625587140390-u2aopv,Complete,Transcode job 1625587140390-u2aopv was completed.,5.0,False
5b1920c1-23dd-4953-93db-5279fa280aba,2021-07-06 17:01:40.651415,2021-07-06 17:06:40.795749,https://says-api-uploaded-audio.s3.amazonaws.com/saysuseraudio1625590900451.m4a,https://says-api-streamable-audio.s3.amazonaws.com/saysuseraudio1625590900451.mp3,1625590900528-eh618u,Complete,Transcode job 1625590900528-eh618u was completed.,7.0,False
4b02454c-24e3-4aff-b68b-92e3d97d093e,2021-07-06 17:03:04.272154,2021-07-06 17:08:04.374097,https://says-api-uploaded-audio.s3.amazonaws.com/saysuseraudio1625590984017.m4a,https://says-api-streamable-audio.s3.amazonaws.com/saysuseraudio1625590984017.mp3,1625590984192-xvtmet,Complete,Transcode job 1625590984192-xvtmet was completed.,9.0,False
19518174-477d-424e-b4ab-cf5a4fbc0aa5,2021-07-06 17:22:08.602999,2021-07-06 17:27:08.736672,https://says-api-uploaded-audio.s3.amazonaws.com/saysuseraudio1625592128380.m4a,https://says-api-streamable-audio.s3.amazonaws.com/saysuseraudio1625592128380.mp3,1625592128491-adcn3b,Complete,Transcode job 1625592128491-adcn3b was completed.,5.0,False
194e83a8-34f4-49b4-b29b-62d853e7155e,2021-07-06 17:12:46.002931,2021-07-06 17:17:46.128407,https://says-api-uploaded-audio.s3.amazonaws.com/saysuseraudio1625591565840.m4a,https://says-api-streamable-audio.s3.amazonaws.com/saysuseraudio1625591565840.mp3,1625591565924-9enpuq,Complete,Transcode job 1625591565924-9enpuq was completed.,7.0,False
2f9d5378-0d5f-4603-a78c-24123fa4e026,2021-07-06 17:23:27.553203,2021-07-06 17:28:27.682490,https://says-api-uploaded-audio.s3.amazonaws.com/saysuseraudio1625592207350.m4a,https://says-api-streamable-audio.s3.amazonaws.com/saysuseraudio1625592207350.mp3,1625592207480-9wxe5p,Complete,Transcode job 1625592207480-9wxe5p was completed.,6.0,False
3ce6323f-ae88-4689-aa8f-d0e47c0ffb3d,2021-07-05 22:02:03.234089,2021-07-05 22:07:03.371788,https://says-api-uploaded-audio.s3.amazonaws.com/saysuseraudio1625522522981.m4a,https://says-api-streamable-audio.s3.amazonaws.com/saysuseraudio1625522522981.mp3,1625522523113-003lx2,Complete,Transcode job 1625522523113-003lx2 was completed.,33.0,False
8ea3e0ef-afd6-4318-af09-272cc1bf181c,2021-07-05 02:45:21.759101,2021-07-05 02:50:21.858186,https://says-api-uploaded-audio.s3.amazonaws.com/saysuseraudio1625453121419.m4a,https://says-api-streamable-audio.s3.amazonaws.com/saysuseraudio1625453121419.mp3,1625453121674-0rtne4,Complete,Transcode job 1625453121674-0rtne4 was completed.,52.0,True
8ebf87e7-4805-46c9-a112-c2ba8cdd6a13,2022-01-25 23:24:29.296947,2022-01-25 23:24:59.364088,https://says-api-uploaded-audio.s3.amazonaws.com/saysuseraudio1643153069086.m4a,https://says-api-streamable-audio.s3.amazonaws.com/saysuseraudio1643153069086.mp3,1643153069210-ar8yoq,Complete,Transcode job 1643153069210-ar8yoq was completed.,31.0,True
a43eb5ce-f8c3-4bd4-bd05-223d628557a1,2021-07-06 18:59:20.876827,2021-07-06 19:04:20.969766,https://says-api-uploaded-audio.s3.amazonaws.com/saysuseraudio1625597960549.m4a,https://says-api-streamable-audio.s3.amazonaws.com/saysuseraudio1625597960549.mp3,1625597960781-v2aa39,Complete,Transcode job 1625597960781-v2aa39 was completed.,19.0,False
1b1ab7c7-8cf3-45de-b05f-f194f25387ea,2021-07-04 18:09:05.975382,2021-07-04 18:14:06.111262,https://says-api-uploaded-audio.s3.amazonaws.com/saysuseraudio1625422145658.m4a,https://says-api-streamable-audio.s3.amazonaws.com/saysuseraudio1625422145658.mp3,1625422145867-1g08f1,Complete,Transcode job 1625422145867-1g08f1 was completed.,79.0,False
ac15310a-a501-4599-8f3e-115fdf5c9ca5,2021-07-06 18:58:55.808031,2021-07-06 19:03:55.886835,https://says-api-uploaded-audio.s3.amazonaws.com/saysuseraudio1625597935539.m4a,https://says-api-streamable-audio.s3.amazonaws.com/saysuseraudio1625597935539.mp3,1625597935725-hn5ez5,Complete,Transcode job 1625597935725-hn5ez5 was completed.,23.0,False
a9b1d56a-ce79-423c-a915-5eaef525103d,2021-07-06 18:58:07.404989,2021-07-06 19:03:07.542062,https://says-api-uploaded-audio.s3.amazonaws.com/saysuseraudio1625597887037.m4a,https://says-api-streamable-audio.s3.amazonaws.com/saysuseraudio1625597887037.mp3,1625597887258-ehnszp,Complete,Transcode job 1625597887258-ehnszp was completed.,26.0,False
5a37a898-53fd-4728-996e-5ef03e1a717e,2021-07-06 17:36:36.656344,2021-07-06 17:41:36.770428,https://says-api-uploaded-audio.s3.amazonaws.com/saysuseraudio1625592996401.m4a,https://says-api-streamable-audio.s3.amazonaws.com/saysuseraudio1625592996401.mp3,1625592996565-80o746,Complete,Transcode job 1625592996565-80o746 was completed.,31.0,True
b55050d0-9d28-49e6-8408-8acfc1f1e428,2021-07-06 21:30:48.058003,2021-07-06 21:35:48.172905,https://says-api-uploaded-audio.s3.amazonaws.com/saysuseraudio1625607047838.m4a,https://says-api-streamable-audio.s3.amazonaws.com/saysuseraudio1625607047838.mp3,1625607047933-xcfhdh,Complete,Transcode job 1625607047933-xcfhdh was completed.,3.0,True
3082091b-f3dd-4707-8a71-e7380a872428,2021-07-05 02:47:13.718153,2021-07-05 02:52:13.793095,https://says-api-uploaded-audio.s3.amazonaws.com/saysuseraudio1625453233378.m4a,https://says-api-streamable-audio.s3.amazonaws.com/saysuseraudio1625453233378.mp3,1625453233613-okatkn,Complete,Transcode job 1625453233613-okatkn was completed.,76.0,True
69713642-dfe4-4c79-b776-37d0a2265853,2021-07-06 21:51:06.791614,2021-07-06 21:56:06.915087,https://says-api-uploaded-audio.s3.amazonaws.com/saysuseraudio1625608266593.m4a,https://says-api-streamable-audio.s3.amazonaws.com/saysuseraudio1625608266593.mp3,1625608266697-88vft8,Complete,Transcode job 1625608266697-88vft8 was completed.,5.0,False
bc271329-2e3f-4351-b16a-bcb7f87de2cc,2021-07-06 21:57:31.300955,2021-07-06 22:02:31.397178,https://says-api-uploaded-audio.s3.amazonaws.com/saysuseraudio1625608651088.m4a,https://says-api-streamable-audio.s3.amazonaws.com/saysuseraudio1625608651088.mp3,1625608651183-9y9lp0,Complete,Transcode job 1625608651183-9y9lp0 was completed.,5.0,False
fc984b20-2778-41a2-abba-201eea9fdcf9,2021-07-06 21:53:41.576463,2021-07-06 21:58:41.673894,https://says-api-uploaded-audio.s3.amazonaws.com/saysuseraudio1625608421339.m4a,https://says-api-streamable-audio.s3.amazonaws.com/saysuseraudio1625608421339.mp3,1625608421460-f39zb2,Complete,Transcode job 1625608421460-f39zb2 was completed.,6.0,False
ec7de9c8-539c-4f98-aa2a-241c69ce42a6,2021-07-07 23:09:34.196000,2021-07-07 23:14:34.313462,https://says-api-uploaded-audio.s3.amazonaws.com/saysuseraudio1625699373942.m4a,https://says-api-streamable-audio.s3.amazonaws.com/saysuseraudio1625699373942.mp3,1625699374097-odrq6e,Complete,Transcode job 1625699374097-odrq6e was completed.,3.0,True
c518cf09-b76a-4179-8e14-afed461e6334,2021-07-07 22:26:50.173801,2021-07-07 22:31:50.251338,https://says-api-uploaded-audio.s3.amazonaws.com/saysuseraudio1625696809979.m4a,https://says-api-streamable-audio.s3.amazonaws.com/saysuseraudio1625696809979.mp3,1625696810080-8egh4j,Complete,Transcode job 1625696810080-8egh4j was completed.,5.0,True
f44f7d3d-efc1-4900-8e1f-adcfc18059eb,2021-07-07 22:26:39.581378,2021-07-07 22:31:39.706810,https://says-api-uploaded-audio.s3.amazonaws.com/saysuseraudio1625696799327.m4a,https://says-api-streamable-audio.s3.amazonaws.com/saysuseraudio1625696799327.mp3,1625696799447-1u9bq2,Complete,Transcode job 1625696799447-1u9bq2 was completed.,6.0,True
eb9e1d28-41ad-4377-bcc6-7c84eef78fe8,2021-07-06 18:59:51.527931,2021-07-06 19:04:51.600546,https://says-api-uploaded-audio.s3.amazonaws.com/saysuseraudio1625597991329.m4a,https://says-api-streamable-audio.s3.amazonaws.com/saysuseraudio1625597991329.mp3,1625597991449-6ytq50,Complete,Transcode job 1625597991449-6ytq50 was completed.,18.0,False
3269fec9-20c8-460d-9ccf-0360b4512cb9,2021-07-06 17:42:30.720753,2021-07-06 17:47:30.852793,https://says-api-uploaded-audio.s3.amazonaws.com/saysuseraudio1625593350413.m4a,https://says-api-streamable-audio.s3.amazonaws.com/saysuseraudio1625593350413.mp3,1625593350638-nd9wtg,Complete,Transcode job 1625593350638-nd9wtg was completed.,41.0,False
c4cc585f-f9b8-44dc-b5a0-86547c8a8da9,2021-07-08 00:29:33.901601,2021-07-08 00:34:33.995203,https://says-api-uploaded-audio.s3.amazonaws.com/saysuseraudio1625704173600.m4a,https://says-api-streamable-audio.s3.amazonaws.com/saysuseraudio1625704173600.mp3,1625704173699-a7ktoz,Complete,Transcode job 1625704173699-a7ktoz was completed.,4.0,True
ae8f6ada-0356-4e38-bdae-2b523e286501,2021-07-07 23:22:38.335707,2021-07-07 23:27:38.453544,https://says-api-uploaded-audio.s3.amazonaws.com/saysuseraudio1625700158146.m4a,https://says-api-streamable-audio.s3.amazonaws.com/saysuseraudio1625700158146.mp3,1625700158243-tx46fl,Complete,Transcode job 1625700158243-tx46fl was completed.,4.0,True
30ddfc12-eb17-48b9-af3b-8db1a38f1772,2021-07-07 23:23:12.802229,2021-07-07 23:28:12.875265,https://says-api-uploaded-audio.s3.amazonaws.com/saysuseraudio1625700192558.m4a,https://says-api-streamable-audio.s3.amazonaws.com/saysuseraudio1625700192558.mp3,1625700192689-bvgb50,Complete,Transcode job 1625700192689-bvgb50 was completed.,4.0,True
7a35cd91-985e-448f-a700-eccfd36adcb9,2021-07-08 00:31:14.992075,2021-07-08 00:36:15.108718,https://says-api-uploaded-audio.s3.amazonaws.com/saysuseraudio1625704274822.m4a,https://says-api-streamable-audio.s3.amazonaws.com/saysuseraudio1625704274822.mp3,1625704274894-2y7j7t,Complete,Transcode job 1625704274894-2y7j7t was completed.,4.0,True
aed544c0-68f3-4f2e-8ca0-0a6edaa3641d,2021-07-08 00:28:09.680856,2021-07-08 00:33:09.773619,https://says-api-uploaded-audio.s3.amazonaws.com/saysuseraudio1625704089380.m4a,https://says-api-streamable-audio.s3.amazonaws.com/saysuseraudio1625704089380.mp3,1625704089580-0im1bi,Complete,Transcode job 1625704089580-0im1bi was completed.,5.0,True
f2d1eade-756b-4d35-bb49-9db8952cff38,2021-07-08 01:04:20.833463,2021-07-08 01:09:20.929534,https://says-api-uploaded-audio.s3.amazonaws.com/saysuseraudio1625706260598.m4a,https://says-api-streamable-audio.s3.amazonaws.com/saysuseraudio1625706260598.mp3,1625706260757-3mi0w0,Complete,Transcode job 1625706260757-3mi0w0 was completed.,3.0,True
82ee5ae8-76aa-42d9-a713-01981495f42f,2021-07-08 00:31:44.901896,2021-07-08 00:36:44.969552,https://says-api-uploaded-audio.s3.amazonaws.com/saysuseraudio1625704304298.m4a,https://says-api-streamable-audio.s3.amazonaws.com/saysuseraudio1625704304298.mp3,1625704304826-a6ka96,Complete,Transcode job 1625704304826-a6ka96 was completed.,4.0,True
f43f949a-23f1-4d5e-ba60-3fcae1f07374,2021-07-08 01:06:26.474049,2021-07-08 01:11:26.551130,https://says-api-uploaded-audio.s3.amazonaws.com/saysuseraudio1625706386290.m4a,https://says-api-streamable-audio.s3.amazonaws.com/saysuseraudio1625706386290.mp3,1625706386390-4l8i3h,Complete,Transcode job 1625706386390-4l8i3h was completed.,3.0,True
fc74cf3f-0ce7-4237-9cba-277857693ddf,2021-07-06 21:38:24.138648,2021-07-06 21:43:24.283541,https://says-api-uploaded-audio.s3.amazonaws.com/saysuseraudio1625607503902.m4a,https://says-api-streamable-audio.s3.amazonaws.com/saysuseraudio1625607503902.mp3,1625607504058-ikgudx,Complete,Transcode job 1625607504058-ikgudx was completed.,17.0,False
1b47ae41-874b-4c84-94d6-9ee4f952979b,2021-07-08 01:05:47.998907,2021-07-08 01:10:48.154309,https://says-api-uploaded-audio.s3.amazonaws.com/saysuseraudio1625706347854.m4a,https://says-api-streamable-audio.s3.amazonaws.com/saysuseraudio1625706347854.mp3,1625706347924-k32ly8,Complete,Transcode job 1625706347924-k32ly8 was completed.,4.0,True
3c3b6335-426a-4d93-be95-4dd8638f456d,2021-07-08 01:07:24.283340,2021-07-08 01:12:24.351191,https://says-api-uploaded-audio.s3.amazonaws.com/saysuseraudio1625706444108.m4a,https://says-api-streamable-audio.s3.amazonaws.com/saysuseraudio1625706444108.mp3,1625706444207-aqslcj,Complete,Transcode job 1625706444207-aqslcj was completed.,4.0,True
b21fe4e5-6ccf-4ca0-9ab5-ebb3cd4c840a,2021-07-08 01:07:47.378712,2021-07-08 01:12:47.452419,https://says-api-uploaded-audio.s3.amazonaws.com/saysuseraudio1625706467166.m4a,https://says-api-streamable-audio.s3.amazonaws.com/saysuseraudio1625706467166.mp3,1625706467242-zn7r5o,Complete,Transcode job 1625706467242-zn7r5o was completed.,3.0,True
65e11076-1911-4232-b06d-6e0a1e801dc2,2021-07-08 01:09:07.792701,2021-07-08 01:14:07.998733,https://says-api-uploaded-audio.s3.amazonaws.com/saysuseraudio1625706547542.m4a,https://says-api-streamable-audio.s3.amazonaws.com/saysuseraudio1625706547542.mp3,1625706547641-xof3th,Complete,Transcode job 1625706547641-xof3th was completed.,4.0,True
7cb69c69-d6ce-466c-831a-a927b096a634,2021-07-08 01:10:03.283351,2021-07-08 01:15:08.231148,https://says-api-uploaded-audio.s3.amazonaws.com/saysuseraudio1625706603102.m4a,https://says-api-streamable-audio.s3.amazonaws.com/saysuseraudio1625706603102.mp3,1625706603181-6kfqvu,Complete,Transcode job 1625706603181-6kfqvu was completed.,5.0,True
ca2d8bf0-76eb-462f-b4cd-1edd26823772,2021-07-08 01:12:22.278520,2021-07-08 01:17:22.404842,https://says-api-uploaded-audio.s3.amazonaws.com/saysuseraudio1625706742098.m4a,https://says-api-streamable-audio.s3.amazonaws.com/saysuseraudio1625706742098.mp3,1625706742182-c1x995,Complete,Transcode job 1625706742182-c1x995 was completed.,5.0,True
748f3b3b-2725-46ea-a53b-882731c4552f,2021-07-08 01:12:59.365542,2021-07-08 01:17:59.441387,https://says-api-uploaded-audio.s3.amazonaws.com/saysuseraudio1625706779166.m4a,https://says-api-streamable-audio.s3.amazonaws.com/saysuseraudio1625706779166.mp3,1625706779261-ffypek,Complete,Transcode job 1625706779261-ffypek was completed.,4.0,True
b3a89d8c-bf4f-4dcd-8537-5f369b992c3d,2021-07-08 02:07:01.951512,2021-07-08 02:12:02.090085,https://says-api-uploaded-audio.s3.amazonaws.com/saysuseraudio1625710021716.m4a,https://says-api-streamable-audio.s3.amazonaws.com/saysuseraudio1625710021716.mp3,1625710021838-r5o59f,Complete,Transcode job 1625710021838-r5o59f was completed.,4.0,True
c80d28eb-ba1e-4b23-8422-0a1e44f1df51,2021-07-08 17:53:57.780665,2021-07-08 17:58:57.856160,https://says-api-uploaded-audio.s3.amazonaws.com/saysuseraudio1625766837578.m4a,https://says-api-streamable-audio.s3.amazonaws.com/saysuseraudio1625766837578.mp3,1625766837677-egynqs,Complete,Transcode job 1625766837677-egynqs was completed.,4.0,True
258d5473-05a2-48e5-9533-72ab2ac5cb8c,2021-07-08 17:52:55.918394,2021-07-08 17:57:56.051641,https://says-api-uploaded-audio.s3.amazonaws.com/saysuseraudio1625766775726.m4a,https://says-api-streamable-audio.s3.amazonaws.com/saysuseraudio1625766775726.mp3,1625766775828-rcbve0,Complete,Transcode job 1625766775828-rcbve0 was completed.,5.0,True
60887d6a-260a-4f7d-b36e-aa2f3ab97b53,2021-07-06 20:07:17.953893,2021-07-06 20:12:18.108321,https://says-api-uploaded-audio.s3.amazonaws.com/saysuseraudio1625602037702.m4a,https://says-api-streamable-audio.s3.amazonaws.com/saysuseraudio1625602037702.mp3,1625602037827-kjlqeg,Complete,Transcode job 1625602037827-kjlqeg was completed.,30.0,True
4b49870d-b2e9-472f-a420-e462e0560754,2021-07-11 22:13:04.153758,2021-07-11 22:18:04.292538,https://says-api-uploaded-audio.s3.amazonaws.com/saysuseraudio1626041583871.m4a,https://says-api-streamable-audio.s3.amazonaws.com/saysuseraudio1626041583871.mp3,1626041584058-c5tgzl,Complete,Transcode job 1626041584058-c5tgzl was completed.,14.0,True
05543c27-7849-48de-a178-432b23c4097c,2021-07-08 17:24:13.864093,2021-07-08 17:29:14.003408,https://says-api-uploaded-audio.s3.amazonaws.com/saysuseraudio1625765053599.m4a,https://says-api-streamable-audio.s3.amazonaws.com/saysuseraudio1625765053599.mp3,1625765053767-218jm9,Complete,Transcode job 1625765053767-218jm9 was completed.,25.0,True
a00486ec-4d94-4a4f-830f-1ccb5bf0b466,2021-07-08 02:43:42.880008,2021-07-08 02:48:42.965763,https://says-api-uploaded-audio.s3.amazonaws.com/saysuseraudio1625712222631.m4a,https://says-api-streamable-audio.s3.amazonaws.com/saysuseraudio1625712222631.mp3,1625712222776-iziw43,Complete,Transcode job 1625712222776-iziw43 was completed.,27.0,False
622c588a-e2b5-4d47-9dcc-dc408aca4986,2021-07-12 03:38:12.484996,2021-07-12 03:43:12.648948,https://says-api-uploaded-audio.s3.amazonaws.com/saysuseraudio1626061092261.m4a,https://says-api-streamable-audio.s3.amazonaws.com/saysuseraudio1626061092261.mp3,1626061092396-pelaxp,Complete,Transcode job 1626061092396-pelaxp was completed.,9.0,False
892a3fd2-bd5a-43d6-a09e-b041d04aa8de,2021-07-08 02:47:19.747627,2021-07-08 02:52:19.879215,https://says-api-uploaded-audio.s3.amazonaws.com/saysuseraudio1625712439515.m4a,https://says-api-streamable-audio.s3.amazonaws.com/saysuseraudio1625712439515.mp3,1625712439656-j3w580,Complete,Transcode job 1625712439656-j3w580 was completed.,46.0,False
35fd644c-7262-4a03-ae29-4e6dec65b344,2021-07-13 02:05:54.486275,2021-07-13 02:10:54.606180,https://says-api-uploaded-audio.s3.amazonaws.com/saysuseraudio1626141954107.m4a,https://says-api-streamable-audio.s3.amazonaws.com/saysuseraudio1626141954107.mp3,1626141954338-lhgvw8,Complete,Transcode job 1626141954338-lhgvw8 was completed.,8.0,False
0495434b-508f-483a-a6c9-3d299b00574b,2021-07-11 22:25:47.820596,2021-07-11 22:30:47.941477,https://says-api-uploaded-audio.s3.amazonaws.com/saysuseraudio1626042347470.m4a,https://says-api-streamable-audio.s3.amazonaws.com/saysuseraudio1626042347470.mp3,1626042347710-n7uwe3,Complete,Transcode job 1626042347710-n7uwe3 was completed.,37.0,True
d1dfd224-0664-4a69-8565-7d777e264e1e,2021-07-13 21:28:50.241064,2021-07-13 21:33:50.410454,https://says-api-uploaded-audio.s3.amazonaws.com/saysuseraudio1626211730014.m4a,https://says-api-streamable-audio.s3.amazonaws.com/saysuseraudio1626211730014.mp3,1626211730157-cfamc8,Complete,Transcode job 1626211730157-cfamc8 was completed.,5.0,False
37774fcc-facf-4887-907a-8b2966eba80c,2021-07-09 22:11:55.923672,2021-07-09 22:16:56.070270,https://says-api-uploaded-audio.s3.amazonaws.com/saysuseraudio1625868715611.m4a,https://says-api-streamable-audio.s3.amazonaws.com/saysuseraudio1625868715611.mp3,1625868715837-uhq6kx,Complete,Transcode job 1625868715837-uhq6kx was completed.,63.0,False
713fae7f-f488-45d6-8855-355e4a736fab,2021-07-14 01:18:07.472868,2021-07-14 01:23:07.615929,https://says-api-uploaded-audio.s3.amazonaws.com/saysuseraudio1626225487252.m4a,https://says-api-streamable-audio.s3.amazonaws.com/saysuseraudio1626225487252.mp3,1626225487369-3ohh6r,Complete,Transcode job 1626225487369-3ohh6r was completed.,8.0,False
3f0b8a49-e530-4baf-9393-c22f572d6f8e,2021-11-02 04:07:46.046094,2021-11-02 04:08:16.270532,https://says-api-uploaded-audio.s3.amazonaws.com/saysuseraudio1635826065755.m4a,https://says-api-streamable-audio.s3.amazonaws.com/saysuseraudio1635826065755.mp3,1635826065910-w201w3,Complete,Transcode job 1635826065910-w201w3 was completed.,16.0,False
2778fc6e-38b8-4493-bc37-25ffab716602,2021-07-14 04:09:28.468411,2021-07-14 04:14:28.728448,https://says-api-uploaded-audio.s3.amazonaws.com/saysuseraudio1626235768256.m4a,https://says-api-streamable-audio.s3.amazonaws.com/saysuseraudio1626235768256.mp3,1626235768369-9nv6i8,Complete,Transcode job 1626235768369-9nv6i8 was completed.,7.0,False
e7e9f87e-3654-4512-a198-e934e8091ddf,2021-07-14 04:23:26.577296,2021-07-14 04:28:26.723489,https://says-api-uploaded-audio.s3.amazonaws.com/saysuseraudio1626236606345.m4a,https://says-api-streamable-audio.s3.amazonaws.com/saysuseraudio1626236606345.mp3,1626236606482-kdwsf2,Complete,Transcode job 1626236606482-kdwsf2 was completed.,4.0,False
ea80cf6f-5781-4d41-b362-baa507c0f4f2,2021-07-14 16:52:11.055753,2021-07-14 16:57:11.191761,https://says-api-uploaded-audio.s3.amazonaws.com/saysuseraudio1626281530795.m4a,https://says-api-streamable-audio.s3.amazonaws.com/saysuseraudio1626281530795.mp3,1626281530968-ay18wg,Complete,Transcode job 1626281530968-ay18wg was completed.,6.0,False
55cac0d6-019f-4b8c-b9c9-e8c570247e62,2021-07-14 18:01:00.177998,2021-07-14 18:06:00.278934,https://says-api-uploaded-audio.s3.amazonaws.com/saysuseraudio1626285659909.m4a,https://says-api-streamable-audio.s3.amazonaws.com/saysuseraudio1626285659909.mp3,1626285660090-q7xnha,Complete,Transcode job 1626285660090-q7xnha was completed.,7.0,False
9a004e0b-e4ed-4b35-8866-46d8be02e178,2021-07-14 18:03:52.681972,2021-07-14 18:08:52.767469,https://says-api-uploaded-audio.s3.amazonaws.com/saysuseraudio1626285832509.m4a,https://says-api-streamable-audio.s3.amazonaws.com/saysuseraudio1626285832509.mp3,1626285832598-lhqh1d,Complete,Transcode job 1626285832598-lhqh1d was completed.,4.0,True
e8a38c42-4431-4e98-b516-0e2e629de8b8,2021-07-14 15:31:39.553573,2021-07-14 15:36:39.709009,https://says-api-uploaded-audio.s3.amazonaws.com/saysuseraudio1626276699182.m4a,https://says-api-streamable-audio.s3.amazonaws.com/saysuseraudio1626276699182.mp3,1626276699451-zrs67c,Complete,Transcode job 1626276699451-zrs67c was completed.,11.0,False
cdd619b4-3c85-4e39-922b-4e3d63aa4811,2021-07-14 18:04:24.133136,2021-07-14 18:09:24.202727,https://says-api-uploaded-audio.s3.amazonaws.com/saysuseraudio1626285863954.m4a,https://says-api-streamable-audio.s3.amazonaws.com/saysuseraudio1626285863954.mp3,1626285864046-labzff,Complete,Transcode job 1626285864046-labzff was completed.,4.0,True
d856cd57-87c5-4cf8-8543-e08394156d4f,2021-07-14 18:04:38.631880,2021-07-14 18:09:38.705070,https://says-api-uploaded-audio.s3.amazonaws.com/saysuseraudio1626285878465.m4a,https://says-api-streamable-audio.s3.amazonaws.com/saysuseraudio1626285878465.mp3,1626285878532-96gouv,Complete,Transcode job 1626285878532-96gouv was completed.,4.0,True
d11eba4b-c80f-4c2d-8db4-e4a7cca61f2d,2021-07-14 18:05:23.869036,2021-07-14 18:10:24.196634,https://says-api-uploaded-audio.s3.amazonaws.com/saysuseraudio1626285923698.m4a,https://says-api-streamable-audio.s3.amazonaws.com/saysuseraudio1626285923698.mp3,1626285923777-rt2in9,Complete,Transcode job 1626285923777-rt2in9 was completed.,5.0,True
6efcdefe-2ff6-41c8-80c2-d0f2ad8fd6b2,2021-07-14 18:05:08.984932,2021-07-14 18:30:14.344316,https://says-api-uploaded-audio.s3.amazonaws.com/saysuseraudio1626285908798.m4a,https://says-api-streamable-audio.s3.amazonaws.com/saysuseraudio1626285908798.mp3,1626285908898-x8z6uw,Complete,Transcode job 1626285908898-x8z6uw was completed.,4.0,True
4dd004d4-4565-48b1-8efa-ed07a0161c6f,2021-07-15 22:18:13.095950,2021-07-15 22:23:13.197798,https://says-api-uploaded-audio.s3.amazonaws.com/saysuseraudio1626387492897.m4a,https://says-api-streamable-audio.s3.amazonaws.com/saysuseraudio1626387492897.mp3,1626387493009-oc4v8i,Complete,Transcode job 1626387493009-oc4v8i was completed.,5.0,True
018e8087-de65-4d5b-a96c-d6ac006acfaa,2021-07-15 22:17:06.075528,2021-07-15 22:22:06.194002,https://says-api-uploaded-audio.s3.amazonaws.com/saysuseraudio1626387425811.m4a,https://says-api-streamable-audio.s3.amazonaws.com/saysuseraudio1626387425811.mp3,1626387425914-5otews,Complete,Transcode job 1626387425914-5otews was completed.,6.0,True
9cc1c36c-b705-4b01-af25-e6de49104573,2021-07-15 01:27:10.488722,2021-07-15 01:32:10.611655,https://says-api-uploaded-audio.s3.amazonaws.com/saysuseraudio1626312430214.m4a,https://says-api-streamable-audio.s3.amazonaws.com/saysuseraudio1626312430214.mp3,1626312430385-x6w9y5,Complete,Transcode job 1626312430385-x6w9y5 was completed.,8.0,True
37dfa56b-8ff9-4b45-a125-c46b817e5908,2021-07-16 02:14:02.075536,2021-07-16 02:19:02.297977,https://says-api-uploaded-audio.s3.amazonaws.com/saysuseraudio1626401641766.m4a,https://says-api-streamable-audio.s3.amazonaws.com/saysuseraudio1626401641766.mp3,1626401641966-stm6i3,Complete,Transcode job 1626401641966-stm6i3 was completed.,8.0,False
6938dca5-08d6-428e-9591-c2f2070ead9f,2021-07-16 02:14:28.822371,2021-07-16 02:19:28.889671,https://says-api-uploaded-audio.s3.amazonaws.com/saysuseraudio1626401668649.m4a,https://says-api-streamable-audio.s3.amazonaws.com/saysuseraudio1626401668649.mp3,1626401668751-07akrs,Complete,Transcode job 1626401668751-07akrs was completed.,9.0,False
c7140002-5ba2-417c-ad95-e0ce8c8c5ab9,2021-07-16 01:23:05.058069,2021-07-16 01:28:05.231960,https://says-api-uploaded-audio.s3.amazonaws.com/saysuseraudio1626398584697.m4a,https://says-api-streamable-audio.s3.amazonaws.com/saysuseraudio1626398584697.mp3,1626398584847-1k3z1r,Complete,Transcode job 1626398584847-1k3z1r was completed.,10.0,True
f9594423-96ce-4973-a3ae-18ca068b8ec2,2021-07-16 02:25:59.304222,2021-07-16 02:30:59.439938,https://says-api-uploaded-audio.s3.amazonaws.com/saysuseraudio1626402359061.m4a,https://says-api-streamable-audio.s3.amazonaws.com/saysuseraudio1626402359061.mp3,1626402359177-agcmmf,Complete,Transcode job 1626402359177-agcmmf was completed.,5.0,False
ce798bd0-4f16-493f-ac20-1f9641a4338c,2021-07-16 02:27:05.354202,2021-07-16 02:32:05.444278,https://says-api-uploaded-audio.s3.amazonaws.com/saysuseraudio1626402425170.m4a,https://says-api-streamable-audio.s3.amazonaws.com/saysuseraudio1626402425170.mp3,1626402425259-3l1vs4,Complete,Transcode job 1626402425259-3l1vs4 was completed.,6.0,False
8e0a6123-d6b2-4507-bfb6-2a84d3234ac2,2021-07-16 02:29:21.486607,2021-07-16 02:34:21.581866,https://says-api-uploaded-audio.s3.amazonaws.com/saysuseraudio1626402561250.m4a,https://says-api-streamable-audio.s3.amazonaws.com/saysuseraudio1626402561250.mp3,1626402561396-zaxj3o,Complete,Transcode job 1626402561396-zaxj3o was completed.,5.0,False
1c34c74b-d9d8-4e2c-bfe1-2ebb1eb7fb25,2021-07-16 03:04:12.761808,2021-07-16 03:09:12.874440,https://says-api-uploaded-audio.s3.amazonaws.com/saysuseraudio1626404652562.m4a,https://says-api-streamable-audio.s3.amazonaws.com/saysuseraudio1626404652562.mp3,1626404652674-idm7y4,Complete,Transcode job 1626404652674-idm7y4 was completed.,4.0,True
21404a8b-bb02-4e61-874c-144b4fdcb788,2021-07-16 02:16:51.239990,2021-07-16 02:21:51.364759,https://says-api-uploaded-audio.s3.amazonaws.com/saysuseraudio1626401811007.m4a,https://says-api-streamable-audio.s3.amazonaws.com/saysuseraudio1626401811007.mp3,1626401811158-7f7m84,Complete,Transcode job 1626401811158-7f7m84 was completed.,12.0,False
742cdcc0-02e0-4b7e-9393-f840ee8c42a4,2021-07-12 23:35:26.266013,2021-07-12 23:40:26.368925,https://says-api-uploaded-audio.s3.amazonaws.com/saysuseraudio1626132925955.m4a,https://says-api-streamable-audio.s3.amazonaws.com/saysuseraudio1626132925955.mp3,1626132926175-fqsbxd,Complete,Transcode job 1626132926175-fqsbxd was completed.,76.0,True
24e63b74-786a-4c16-a5e7-a6ca68e6b887,2021-07-16 03:04:39.480407,2021-07-16 03:09:39.548131,https://says-api-uploaded-audio.s3.amazonaws.com/saysuseraudio1626404679345.m4a,https://says-api-streamable-audio.s3.amazonaws.com/saysuseraudio1626404679345.mp3,1626404679415-u7r734,Complete,Transcode job 1626404679415-u7r734 was completed.,4.0,True
98a1f71d-b28a-451f-b7a1-68ae9609327c,2021-07-07 03:30:35.053423,2021-07-07 03:35:35.172431,https://says-api-uploaded-audio.s3.amazonaws.com/saysuseraudio1625628634698.m4a,https://says-api-streamable-audio.s3.amazonaws.com/saysuseraudio1625628634698.mp3,1625628634925-u1s00w,Complete,Transcode job 1625628634925-u1s00w was completed.,129.0,True
ff19dd00-b93c-4c20-9558-4e8d9965ac4c,2021-07-16 03:59:40.900348,2021-07-16 04:04:41.032032,https://says-api-uploaded-audio.s3.amazonaws.com/saysuseraudio1626407980610.m4a,https://says-api-streamable-audio.s3.amazonaws.com/saysuseraudio1626407980610.mp3,1626407980760-iemtm0,Complete,Transcode job 1626407980760-iemtm0 was completed.,4.0,False
f0d709f3-a755-4f2c-9e4d-55e8db49cd1e,2021-07-16 14:27:47.171777,2021-07-16 14:32:47.253840,https://says-api-uploaded-audio.s3.amazonaws.com/saysuseraudio1626445666933.m4a,https://says-api-streamable-audio.s3.amazonaws.com/saysuseraudio1626445666933.mp3,1626445667053-gsc0dc,Complete,Transcode job 1626445667053-gsc0dc was completed.,4.0,False
27199b6b-f0d0-40ff-8362-8f753132d646,2021-07-12 15:30:30.678237,2021-07-12 15:35:30.777035,https://says-api-uploaded-audio.s3.amazonaws.com/saysuseraudio1626103830356.m4a,https://says-api-streamable-audio.s3.amazonaws.com/saysuseraudio1626103830356.mp3,1626103830568-4b4qju,Complete,Transcode job 1626103830568-4b4qju was completed.,89.0,True
2e97a36e-6711-4aa7-9c4f-4595c19ccae9,2021-07-16 03:05:50.418100,2021-07-16 03:10:50.618992,https://says-api-uploaded-audio.s3.amazonaws.com/saysuseraudio1626404750170.m4a,https://says-api-streamable-audio.s3.amazonaws.com/saysuseraudio1626404750170.mp3,1626404750333-yh4ywq,Complete,Transcode job 1626404750333-yh4ywq was completed.,7.0,True
fa0750c4-4b4f-4da8-9a9e-6076fa3fd31e,2021-07-16 14:31:05.125667,2021-07-16 14:36:05.258570,https://says-api-uploaded-audio.s3.amazonaws.com/saysuseraudio1626445864958.m4a,https://says-api-streamable-audio.s3.amazonaws.com/saysuseraudio1626445864958.mp3,1626445865045-tbr6h6,Complete,Transcode job 1626445865045-tbr6h6 was completed.,4.0,False
7ccc9025-9b49-4843-a1f1-ae01966c011e,2021-07-16 15:54:15.727650,2021-07-16 15:59:16.093836,https://says-api-uploaded-audio.s3.amazonaws.com/saysuseraudio1626450855524.m4a,https://says-api-streamable-audio.s3.amazonaws.com/saysuseraudio1626450855524.mp3,1626450855625-yh3am5,Complete,Transcode job 1626450855625-yh3am5 was completed.,5.0,True
ac9999b4-48d9-481b-8faa-55be18f03dd5,2021-07-16 14:32:35.631854,2021-07-16 14:37:35.821382,https://says-api-uploaded-audio.s3.amazonaws.com/saysuseraudio1626445955367.m4a,https://says-api-streamable-audio.s3.amazonaws.com/saysuseraudio1626445955367.mp3,1626445955523-h95jvz,Complete,Transcode job 1626445955523-h95jvz was completed.,6.0,False
eb896a94-9862-44f3-b484-30da45e40753,2021-07-16 16:03:40.507438,2021-07-16 16:08:40.676616,https://says-api-uploaded-audio.s3.amazonaws.com/saysuseraudio1626451420264.m4a,https://says-api-streamable-audio.s3.amazonaws.com/saysuseraudio1626451420264.mp3,1626451420411-8naggb,Complete,Transcode job 1626451420411-8naggb was completed.,5.0,True
9b0a5585-7c6e-47fd-838d-829d6018389a,2021-07-10 11:55:55.085225,2021-07-10 12:00:55.163225,https://says-api-uploaded-audio.s3.amazonaws.com/saysuseraudio1625918154657.m4a,https://says-api-streamable-audio.s3.amazonaws.com/saysuseraudio1625918154657.mp3,1625918154859-ijg6ss,Complete,Transcode job 1625918154859-ijg6ss was completed.,118.0,True
244f534a-a854-4d77-b4de-8af8ba74177d,2021-07-16 17:28:41.099995,2021-07-16 17:33:41.228152,https://says-api-uploaded-audio.s3.amazonaws.com/saysuseraudio1626456520861.m4a,https://says-api-streamable-audio.s3.amazonaws.com/saysuseraudio1626456520861.mp3,1626456521010-8u2fzp,Complete,Transcode job 1626456521010-8u2fzp was completed.,8.0,False
4d6d886e-9deb-4c39-9e1f-2c31dabadd43,2021-07-16 21:26:34.429489,2021-07-16 21:31:34.558002,https://says-api-uploaded-audio.s3.amazonaws.com/saysuseraudio1626470794237.m4a,https://says-api-streamable-audio.s3.amazonaws.com/saysuseraudio1626470794237.mp3,1626470794346-eqmbmx,Complete,Transcode job 1626470794346-eqmbmx was completed.,5.0,False
acf6ce96-7dc2-4d5f-9ba9-4d50757176ef,2021-07-16 21:20:06.157225,2021-07-16 21:25:07.915256,https://says-api-uploaded-audio.s3.amazonaws.com/saysuseraudio1626470405923.m4a,https://says-api-streamable-audio.s3.amazonaws.com/saysuseraudio1626470405923.mp3,1626470406050-3lrm9i,Complete,Transcode job 1626470406050-3lrm9i was completed.,9.0,True
7f552195-c087-4d61-afc7-98e35cde3e73,2021-07-17 00:23:28.402858,2021-07-17 00:28:28.466998,https://says-api-uploaded-audio.s3.amazonaws.com/saysuseraudio1626481408218.m4a,https://says-api-streamable-audio.s3.amazonaws.com/saysuseraudio1626481408218.mp3,1626481408304-2pxaj7,Complete,Transcode job 1626481408304-2pxaj7 was completed.,5.0,False
b2522436-af13-4c65-b789-b130944917d6,2021-07-17 00:16:55.653048,2021-07-17 00:17:05.402519,https://says-api-uploaded-audio.s3.amazonaws.com/saysuseraudio1626481015455.m4a,https://says-api-streamable-audio.s3.amazonaws.com/saysuseraudio1626481015455.mp3,1626481015561-exvmpn,Complete,Transcode job 1626481015561-exvmpn was completed.,7.0,False
80060d09-34af-49f2-90c2-a677ad6466c0,2021-07-17 02:02:26.508562,2021-07-17 02:02:43.684722,https://says-api-uploaded-audio.s3.amazonaws.com/saysuseraudio1626487346326.m4a,https://says-api-streamable-audio.s3.amazonaws.com/saysuseraudio1626487346326.mp3,1626487346431-i4ka12,Complete,Transcode job 1626487346431-i4ka12 was completed.,5.0,False
01606fda-3ecb-4426-86f8-ad2593efd084,2021-07-17 04:34:05.273799,2021-07-17 04:39:05.362242,https://says-api-uploaded-audio.s3.amazonaws.com/saysuseraudio1626496445078.m4a,https://says-api-streamable-audio.s3.amazonaws.com/saysuseraudio1626496445078.mp3,1626496445182-ehylq5,Complete,Transcode job 1626496445182-ehylq5 was completed.,5.0,False
cdc6c49a-3c10-4224-a895-d72a0c5b038e,2021-07-17 01:16:43.592881,2021-07-17 01:21:47.736096,https://says-api-uploaded-audio.s3.amazonaws.com/saysuseraudio1626484603364.m4a,https://says-api-streamable-audio.s3.amazonaws.com/saysuseraudio1626484603364.mp3,1626484603484-vj35bx,Complete,Transcode job 1626484603484-vj35bx was completed.,7.0,True
2fb5f4d7-b99d-438a-8fc5-07cb5c0a6cb7,2021-07-17 07:58:33.075247,2021-07-17 08:03:37.129569,https://says-api-uploaded-audio.s3.amazonaws.com/saysuseraudio1626508712882.m4a,https://says-api-streamable-audio.s3.amazonaws.com/saysuseraudio1626508712882.mp3,1626508712979-9vdkuh,Complete,Transcode job 1626508712979-9vdkuh was completed.,6.0,False
9dada9c3-0cba-4c41-84aa-17bd461f8530,2021-07-18 00:12:42.997180,2021-07-18 00:17:43.106224,https://says-api-uploaded-audio.s3.amazonaws.com/saysuseraudio1626567162722.m4a,https://says-api-streamable-audio.s3.amazonaws.com/saysuseraudio1626567162722.mp3,1626567162839-iwslfg,Complete,Transcode job 1626567162839-iwslfg was completed.,4.0,False
7d837d61-1cba-46b9-afeb-d41f226942a4,2021-07-17 22:49:39.994412,2021-07-17 22:54:40.134701,https://says-api-uploaded-audio.s3.amazonaws.com/saysuseraudio1626562179782.m4a,https://says-api-streamable-audio.s3.amazonaws.com/saysuseraudio1626562179782.mp3,1626562179916-9g0c28,Complete,Transcode job 1626562179916-9g0c28 was completed.,7.0,False
5ad075c1-9b57-49df-b798-e083d0ec834a,2021-07-17 22:50:08.851917,2021-07-17 22:55:08.937069,https://says-api-uploaded-audio.s3.amazonaws.com/saysuseraudio1626562208623.m4a,https://says-api-streamable-audio.s3.amazonaws.com/saysuseraudio1626562208623.mp3,1626562208762-ebk6us,Complete,Transcode job 1626562208762-ebk6us was completed.,9.0,False
8fc81794-706a-4e54-83dd-6d16a3496572,2021-07-17 23:57:32.594862,2021-07-18 00:02:32.692298,https://says-api-uploaded-audio.s3.amazonaws.com/saysuseraudio1626566252308.m4a,https://says-api-streamable-audio.s3.amazonaws.com/saysuseraudio1626566252308.mp3,1626566252432-3m2dsd,Complete,Transcode job 1626566252432-3m2dsd was completed.,9.0,False
f789b642-f8c6-46ee-a468-e44e5d60a5e1,2021-07-18 00:26:13.404200,2021-07-18 00:31:13.399624,https://says-api-uploaded-audio.s3.amazonaws.com/saysuseraudio1626567973169.m4a,https://says-api-streamable-audio.s3.amazonaws.com/saysuseraudio1626567973169.mp3,1626567973247-oubd6q,Complete,Transcode job 1626567973247-oubd6q was completed.,3.0,False
8ace63fc-ad47-4e1e-bb81-aaab00646f54,2021-07-18 00:23:16.378974,2021-07-18 00:28:16.456331,https://says-api-uploaded-audio.s3.amazonaws.com/saysuseraudio1626567796133.m4a,https://says-api-streamable-audio.s3.amazonaws.com/saysuseraudio1626567796133.mp3,1626567796246-jt0xng,Complete,Transcode job 1626567796246-jt0xng was completed.,5.0,False
94fbd7c7-340d-4d6d-bf51-89a842fec6b9,2021-07-17 00:59:38.638972,2021-07-17 01:04:40.401715,https://says-api-uploaded-audio.s3.amazonaws.com/saysuseraudio1626483578391.m4a,https://says-api-streamable-audio.s3.amazonaws.com/saysuseraudio1626483578391.mp3,1626483578521-ge6b3k,Complete,Transcode job 1626483578521-ge6b3k was completed.,19.0,False
d622f69f-c96a-4a3b-b206-c6a671104052,2021-07-19 22:32:01.094461,2021-07-19 23:32:00.189538,https://says-api-uploaded-audio.s3.amazonaws.com/saysuseraudio1626733920842.m4a,https://says-api-streamable-audio.s3.amazonaws.com/saysuseraudio1626733920842.mp3,1626733920963-l9638i,Complete,Transcode job 1626733920963-l9638i was completed.,3.0,False
6c1a68fa-ba87-4598-ad49-dc75b047019f,2021-07-19 22:45:12.964191,2021-07-19 23:45:12.060548,https://says-api-uploaded-audio.s3.amazonaws.com/saysuseraudio1626734712777.m4a,https://says-api-streamable-audio.s3.amazonaws.com/saysuseraudio1626734712777.mp3,1626734712870-sjn6x2,Complete,Transcode job 1626734712870-sjn6x2 was completed.,6.0,False
a05ff16c-fca6-4b95-86ac-95224943fe4a,2021-07-17 22:46:15.701016,2021-07-17 22:51:15.783553,https://says-api-uploaded-audio.s3.amazonaws.com/saysuseraudio1626561975457.m4a,https://says-api-streamable-audio.s3.amazonaws.com/saysuseraudio1626561975457.mp3,1626561975614-aqjdmc,Complete,Transcode job 1626561975614-aqjdmc was completed.,20.0,False
0a2cebb4-1990-409a-91c1-202374a887dc,2021-07-19 22:46:43.540628,2021-07-19 23:46:42.610794,https://says-api-uploaded-audio.s3.amazonaws.com/saysuseraudio1626734803325.m4a,https://says-api-streamable-audio.s3.amazonaws.com/saysuseraudio1626734803325.mp3,1626734803419-flxhhe,Complete,Transcode job 1626734803419-flxhhe was completed.,5.0,True
9ae1ece4-22a9-485d-af41-726d9d1ea0cb,2021-07-10 06:42:51.183487,2021-07-10 06:47:51.325789,https://says-api-uploaded-audio.s3.amazonaws.com/saysuseraudio1625899370775.m4a,https://says-api-streamable-audio.s3.amazonaws.com/saysuseraudio1625899370775.mp3,1625899371025-jgc0tw,Complete,Transcode job 1625899371025-jgc0tw was completed.,141.0,True
f3739c1b-a69c-4117-83d1-5889fcc8a640,2021-07-19 22:51:22.981129,2021-07-19 23:51:22.061368,https://says-api-uploaded-audio.s3.amazonaws.com/saysuseraudio1626735082814.m4a,https://says-api-streamable-audio.s3.amazonaws.com/saysuseraudio1626735082814.mp3,1626735082901-7y5y4b,Complete,Transcode job 1626735082901-7y5y4b was completed.,4.0,True
4c15e02e-6267-45d6-a9fa-f9325c3e8a12,2021-07-18 05:15:12.789719,2021-07-18 05:20:12.851722,https://says-api-uploaded-audio.s3.amazonaws.com/saysuseraudio1626585312568.m4a,https://says-api-streamable-audio.s3.amazonaws.com/saysuseraudio1626585312568.mp3,1626585312709-rq9edi,Complete,Transcode job 1626585312709-rq9edi was completed.,12.0,True
b4292720-e799-465f-a702-3917341ab780,2021-07-19 22:50:19.802384,2021-07-19 23:50:18.877458,https://says-api-uploaded-audio.s3.amazonaws.com/saysuseraudio1626735019598.m4a,https://says-api-streamable-audio.s3.amazonaws.com/saysuseraudio1626735019598.mp3,1626735019722-6jqdkq,Complete,Transcode job 1626735019722-6jqdkq was completed.,5.0,True
dc2ed79c-96e4-432b-8f35-59ab96ecedef,2021-07-19 22:51:54.759301,2021-07-19 23:51:53.876386,https://says-api-uploaded-audio.s3.amazonaws.com/saysuseraudio1626735114565.m4a,https://says-api-streamable-audio.s3.amazonaws.com/saysuseraudio1626735114565.mp3,1626735114667-i3q5sn,Complete,Transcode job 1626735114667-i3q5sn was completed.,5.0,True
da5be626-976a-4729-bcb5-7e27ba6e9a53,2021-07-19 22:49:55.609478,2021-07-19 23:49:54.715430,https://says-api-uploaded-audio.s3.amazonaws.com/saysuseraudio1626734995448.m4a,https://says-api-streamable-audio.s3.amazonaws.com/saysuseraudio1626734995448.mp3,1626734995522-3bcsm2,Complete,Transcode job 1626734995522-3bcsm2 was completed.,6.0,True
ac0ba1e0-868b-4b6e-b1f9-54a366311cfb,2021-07-19 22:34:13.944234,2021-07-19 23:34:13.024816,https://says-api-uploaded-audio.s3.amazonaws.com/saysuseraudio1626734053760.m4a,https://says-api-streamable-audio.s3.amazonaws.com/saysuseraudio1626734053760.mp3,1626734053847-498qkw,Complete,Transcode job 1626734053847-498qkw was completed.,13.0,False
81471fda-cb17-4099-8bf1-a8a78e8fd335,2021-07-19 22:52:22.449699,2021-07-19 23:52:21.526990,https://says-api-uploaded-audio.s3.amazonaws.com/saysuseraudio1626735142269.m4a,https://says-api-streamable-audio.s3.amazonaws.com/saysuseraudio1626735142269.mp3,1626735142353-lc5opp,Complete,Transcode job 1626735142353-lc5opp was completed.,8.0,True
e509886d-d9e6-4896-b0ac-9b8fa1d0798d,2021-07-20 02:10:15.534578,2021-07-20 03:10:14.626441,https://says-api-uploaded-audio.s3.amazonaws.com/saysuseraudio1626747015290.m4a,https://says-api-streamable-audio.s3.amazonaws.com/saysuseraudio1626747015290.mp3,1626747015452-9ae2ou,Complete,Transcode job 1626747015452-9ae2ou was completed.,6.0,False
ab9918be-0e35-4a4d-9769-030c66be9adc,2021-07-19 23:04:14.534021,2021-07-20 00:04:13.651863,https://says-api-uploaded-audio.s3.amazonaws.com/saysuseraudio1626735854221.m4a,https://says-api-streamable-audio.s3.amazonaws.com/saysuseraudio1626735854221.mp3,1626735854443-ophk1s,Complete,Transcode job 1626735854443-ophk1s was completed.,11.0,False
611984f6-16d6-4180-b594-f6aa4dbb9cc7,2021-07-20 03:19:49.404838,2021-07-20 04:19:48.584873,https://says-api-uploaded-audio.s3.amazonaws.com/saysuseraudio1626751189130.m4a,https://says-api-streamable-audio.s3.amazonaws.com/saysuseraudio1626751189130.mp3,1626751189297-9ymlr0,Complete,Transcode job 1626751189297-9ymlr0 was completed.,5.0,False
a4509faf-b615-4d75-9a64-7589364851bb,2021-07-20 02:36:26.687521,2021-07-20 03:36:25.766415,https://says-api-uploaded-audio.s3.amazonaws.com/saysuseraudio1626748586441.m4a,https://says-api-streamable-audio.s3.amazonaws.com/saysuseraudio1626748586441.mp3,1626748586598-9xhgr5,Complete,Transcode job 1626748586598-9xhgr5 was completed.,11.0,True
33ce8365-0124-4a52-9f6e-c69c84093720,2021-07-20 05:48:44.136262,2021-07-20 05:53:44.221069,https://says-api-uploaded-audio.s3.amazonaws.com/saysuseraudio1626760123949.m4a,https://says-api-streamable-audio.s3.amazonaws.com/saysuseraudio1626760123949.mp3,1626760124034-j9d1u0,Complete,Transcode job 1626760124034-j9d1u0 was completed.,5.0,False
fb13d595-565e-4f70-aa02-b4bf9145d3bb,2021-07-20 14:38:21.559891,2021-07-20 14:43:21.917955,https://says-api-uploaded-audio.s3.amazonaws.com/saysuseraudio1626791901142.m4a,https://says-api-streamable-audio.s3.amazonaws.com/saysuseraudio1626791901142.mp3,1626791901449-0ozccg,Complete,Transcode job 1626791901449-0ozccg was completed.,5.0,False
54fbcb38-8db0-4c8c-bf1e-94a69c5909ec,2021-07-20 15:28:53.009957,2021-07-20 15:33:53.175530,https://says-api-uploaded-audio.s3.amazonaws.com/saysuseraudio1626794932758.m4a,https://says-api-streamable-audio.s3.amazonaws.com/saysuseraudio1626794932758.mp3,1626794932903-zjkk01,Complete,Transcode job 1626794932903-zjkk01 was completed.,5.0,False
fe56b9e7-506b-4c96-add3-86393defbfbe,2021-07-20 14:39:02.298569,2021-07-20 14:44:02.365529,https://says-api-uploaded-audio.s3.amazonaws.com/saysuseraudio1626791941943.m4a,https://says-api-streamable-audio.s3.amazonaws.com/saysuseraudio1626791941943.mp3,1626791942165-vj7d7k,Complete,Transcode job 1626791942165-vj7d7k was completed.,9.0,False
3c205d39-51fe-47ec-a35d-ee2deff79f90,2021-07-16 12:31:49.150535,2021-07-16 12:36:49.287387,https://says-api-uploaded-audio.s3.amazonaws.com/saysuseraudio1626438708903.m4a,https://says-api-streamable-audio.s3.amazonaws.com/saysuseraudio1626438708903.mp3,1626438709071-grh9yd,Complete,Transcode job 1626438709071-grh9yd was completed.,66.0,False
0124c734-5f5c-4e62-b284-9d8d10e05ebe,2021-07-20 17:12:37.624711,2021-07-20 17:17:37.701337,https://says-api-uploaded-audio.s3.amazonaws.com/saysuseraudio1626801156670.m4a,https://says-api-streamable-audio.s3.amazonaws.com/saysuseraudio1626801156670.mp3,1626801157513-83aokn,Complete,Transcode job 1626801157513-83aokn was completed.,5.0,True
5a9d1705-7bf0-45c5-a713-7f5dbaf78aa1,2021-07-20 17:12:22.438631,2021-07-20 17:17:22.508597,https://says-api-uploaded-audio.s3.amazonaws.com/saysuseraudio1626801142187.m4a,https://says-api-streamable-audio.s3.amazonaws.com/saysuseraudio1626801142187.mp3,1626801142321-s9hjd0,Complete,Transcode job 1626801142321-s9hjd0 was completed.,3.0,True
6939cd87-4e68-4aa2-a90e-a11f43d77249,2021-07-20 16:48:30.921712,2021-07-20 16:53:31.005012,https://says-api-uploaded-audio.s3.amazonaws.com/saysuseraudio1626799710638.m4a,https://says-api-streamable-audio.s3.amazonaws.com/saysuseraudio1626799710638.mp3,1626799710826-qrdld9,Complete,Transcode job 1626799710826-qrdld9 was completed.,13.0,False
ac4bff38-f255-4586-a5c6-3d81f9e550ea,2021-07-20 01:05:48.525464,2021-07-20 02:05:47.620135,https://says-api-uploaded-audio.s3.amazonaws.com/saysuseraudio1626743148263.m4a,https://says-api-streamable-audio.s3.amazonaws.com/saysuseraudio1626743148263.mp3,1626743148387-3cgt99,Complete,Transcode job 1626743148387-3cgt99 was completed.,37.0,True
1da6a3e9-27e3-40d6-980a-58ead2b4db78,2021-07-20 03:29:58.482913,2021-07-20 03:34:58.570005,https://says-api-uploaded-audio.s3.amazonaws.com/saysuseraudio1626751798242.m4a,https://says-api-streamable-audio.s3.amazonaws.com/saysuseraudio1626751798242.mp3,1626751798392-6c686h,Complete,Transcode job 1626751798392-6c686h was completed.,37.0,True
fedc5ff4-82ab-4419-aec4-4aee982e4d47,2021-07-20 17:13:15.333330,2021-07-20 17:18:15.394199,https://says-api-uploaded-audio.s3.amazonaws.com/saysuseraudio1626801195150.m4a,https://says-api-streamable-audio.s3.amazonaws.com/saysuseraudio1626801195150.mp3,1626801195253-4pjwpj,Complete,Transcode job 1626801195253-4pjwpj was completed.,5.0,True
4025b967-5f56-416c-a91d-66c863d86667,2021-07-20 17:15:01.206070,2021-07-20 17:20:01.239103,https://says-api-uploaded-audio.s3.amazonaws.com/saysuseraudio1626801300959.m4a,https://says-api-streamable-audio.s3.amazonaws.com/saysuseraudio1626801300959.mp3,1626801301046-qikt1k,Complete,Transcode job 1626801301046-qikt1k was completed.,5.0,True
7972dddd-47ad-4388-9ea4-9a06216d3588,2021-07-20 17:20:23.751478,2021-07-20 17:25:23.878789,https://says-api-uploaded-audio.s3.amazonaws.com/saysuseraudio1626801623515.m4a,https://says-api-streamable-audio.s3.amazonaws.com/saysuseraudio1626801623515.mp3,1626801623655-11va74,Complete,Transcode job 1626801623655-11va74 was completed.,4.0,True
7593ad99-687c-4aeb-a0a0-8025aed4e472,2021-07-20 18:49:47.135926,2021-07-20 18:54:47.232255,https://says-api-uploaded-audio.s3.amazonaws.com/saysuseraudio1626806986923.m4a,https://says-api-streamable-audio.s3.amazonaws.com/saysuseraudio1626806986923.mp3,1626806987035-t1b73p,Complete,Transcode job 1626806987035-t1b73p was completed.,5.0,False
9b9b3533-5f80-4761-a943-af4e656ebff5,2021-07-20 03:44:25.557448,2021-07-20 03:54:25.628848,https://says-api-uploaded-audio.s3.amazonaws.com/saysuseraudio1626752665307.m4a,https://says-api-streamable-audio.s3.amazonaws.com/saysuseraudio1626752665307.mp3,1626752665472-3v4mwi,Complete,Transcode job 1626752665472-3v4mwi was completed.,37.0,True
7e3e7864-81f7-43d1-804a-e78018263fbf,2021-07-20 17:26:22.854286,2021-07-20 17:31:22.938942,https://says-api-uploaded-audio.s3.amazonaws.com/saysuseraudio1626801982550.m4a,https://says-api-streamable-audio.s3.amazonaws.com/saysuseraudio1626801982550.mp3,1626801982645-qbxwxe,Complete,Transcode job 1626801982645-qbxwxe was completed.,7.0,False
c75650a7-1e9a-4722-b5b8-6ca631a33aaf,2021-07-20 04:22:33.972201,2021-07-20 04:27:34.061460,https://says-api-uploaded-audio.s3.amazonaws.com/saysuseraudio1626754953754.m4a,https://says-api-streamable-audio.s3.amazonaws.com/saysuseraudio1626754953754.mp3,1626754953877-f8rkdy,Complete,Transcode job 1626754953877-f8rkdy was completed.,37.0,True
278563c7-455d-48d1-bf12-c0808952a75a,2021-07-21 14:24:28.784184,2021-07-21 14:29:28.871006,https://says-api-uploaded-audio.s3.amazonaws.com/saysuseraudio1626877468572.m4a,https://says-api-streamable-audio.s3.amazonaws.com/saysuseraudio1626877468572.mp3,1626877468697-lp3mi2,Complete,Transcode job 1626877468697-lp3mi2 was completed.,10.0,False
fab08988-1008-494e-9370-a959918dd500,2021-07-21 14:29:15.865512,2021-07-21 14:34:15.935245,https://says-api-uploaded-audio.s3.amazonaws.com/saysuseraudio1626877755600.m4a,https://says-api-streamable-audio.s3.amazonaws.com/saysuseraudio1626877755600.mp3,1626877755728-b6hhs8,Complete,Transcode job 1626877755728-b6hhs8 was completed.,15.0,False
a76c2b3d-ccbb-45df-bb87-7cc72d8c9368,2021-07-21 21:01:31.390957,2021-07-21 21:06:31.450432,https://says-api-uploaded-audio.s3.amazonaws.com/saysuseraudio1626901291182.m4a,https://says-api-streamable-audio.s3.amazonaws.com/saysuseraudio1626901291182.mp3,1626901291296-coufj7,Complete,Transcode job 1626901291296-coufj7 was completed.,4.0,True
0160746c-80fb-49c8-ae6c-2a7725c89e44,2021-07-20 19:10:38.782074,2021-07-20 19:15:39.951434,https://says-api-uploaded-audio.s3.amazonaws.com/saysuseraudio1626808238547.m4a,https://says-api-streamable-audio.s3.amazonaws.com/saysuseraudio1626808238547.mp3,1626808238703-7lz3ou,Complete,Transcode job 1626808238703-7lz3ou was completed.,26.0,False
ad81bc95-0f57-4a61-94c5-0208617b9385,2021-07-21 21:04:33.381390,2021-07-21 21:09:33.455777,https://says-api-uploaded-audio.s3.amazonaws.com/saysuseraudio1626901473169.m4a,https://says-api-streamable-audio.s3.amazonaws.com/saysuseraudio1626901473169.mp3,1626901473269-88d0n8,Complete,Transcode job 1626901473269-88d0n8 was completed.,6.0,True
13adbb9a-3911-46b5-80eb-02b298f2783e,2021-11-14 02:28:32.826542,2021-11-14 02:29:02.901068,https://says-api-uploaded-audio.s3.amazonaws.com/saysuseraudio1636856912515.m4a,https://says-api-streamable-audio.s3.amazonaws.com/saysuseraudio1636856912515.mp3,1636856912729-xoz432,Complete,Transcode job 1636856912729-xoz432 was completed.,46.0,False
ad65b105-5d34-4c6f-b6de-fe6963d02ff8,2021-07-21 21:08:09.780777,2021-07-21 21:13:09.893814,https://says-api-uploaded-audio.s3.amazonaws.com/saysuseraudio1626901689527.m4a,https://says-api-streamable-audio.s3.amazonaws.com/saysuseraudio1626901689527.mp3,1626901689681-3rfgkp,Complete,Transcode job 1626901689681-3rfgkp was completed.,6.0,True
7fb8f3df-2788-4204-a15c-9c57195cbcd8,2021-07-21 22:00:15.998834,2021-07-21 22:00:18.768882,https://says-api-uploaded-audio.s3.amazonaws.com/saysuseraudio1626904815761.m4a,https://says-api-streamable-audio.s3.amazonaws.com/saysuseraudio1626904815761.mp3,1626904815916-rdia8r,Complete,Transcode job 1626904815916-rdia8r was completed.,6.0,False
7c3055f9-fd86-4e4d-a012-066335c8655d,2021-07-21 22:49:54.431918,2021-07-21 22:54:54.521814,https://says-api-uploaded-audio.s3.amazonaws.com/saysuseraudio1626907794224.m4a,https://says-api-streamable-audio.s3.amazonaws.com/saysuseraudio1626907794224.mp3,1626907794345-fo3r9i,Complete,Transcode job 1626907794345-fo3r9i was completed.,6.0,True
532c57bb-cba3-4464-87a7-364c645663d0,2021-07-22 17:26:39.305416,2021-07-22 17:31:39.384984,https://says-api-uploaded-audio.s3.amazonaws.com/saysuseraudio1626974799069.m4a,https://says-api-streamable-audio.s3.amazonaws.com/saysuseraudio1626974799069.mp3,1626974799193-nozgok,Complete,Transcode job 1626974799193-nozgok was completed.,4.0,True
d88c9b4c-8433-4ded-bd1f-212b6cc735cd,2021-07-22 16:16:08.327444,2021-07-22 16:21:13.694973,https://says-api-uploaded-audio.s3.amazonaws.com/saysuseraudio1626970568035.m4a,https://says-api-streamable-audio.s3.amazonaws.com/saysuseraudio1626970568035.mp3,1626970568222-3i40sw,Complete,Transcode job 1626970568222-3i40sw was completed.,8.0,False
f956fc0a-6952-421b-836b-6291f9519f06,2021-07-23 03:40:20.525266,2021-07-23 03:45:20.655280,https://says-api-uploaded-audio.s3.amazonaws.com/saysuseraudio1627011620275.m4a,https://says-api-streamable-audio.s3.amazonaws.com/saysuseraudio1627011620275.mp3,1627011620410-wh9zcv,Complete,Transcode job 1627011620410-wh9zcv was completed.,4.0,True
fddbef93-320d-4c16-82ea-0ccd9ba9e794,2021-07-22 21:50:03.201479,2021-07-22 21:55:03.273514,https://says-api-uploaded-audio.s3.amazonaws.com/saysuseraudio1626990602622.m4a,https://says-api-streamable-audio.s3.amazonaws.com/saysuseraudio1626990602622.mp3,1626990602750-6j43lj,Complete,Transcode job 1626990602750-6j43lj was completed.,8.0,False
586ac786-f67f-4ba7-b8f6-124e9baeb548,2021-07-23 20:53:43.165874,2021-07-23 20:58:43.246048,https://says-api-uploaded-audio.s3.amazonaws.com/saysuseraudio1627073622966.m4a,https://says-api-streamable-audio.s3.amazonaws.com/saysuseraudio1627073622966.mp3,1627073623072-ki6sfp,Complete,Transcode job 1627073623072-ki6sfp was completed.,12.0,False
c5b5ae54-8ca3-452f-996c-a6c3589c1f58,2021-11-02 04:08:16.367257,2021-11-02 04:08:46.461750,https://says-api-uploaded-audio.s3.amazonaws.com/saysuseraudio1635826096146.m4a,https://says-api-streamable-audio.s3.amazonaws.com/saysuseraudio1635826096146.mp3,1635826096261-obi1e2,Complete,Transcode job 1635826096261-obi1e2 was completed.,7.0,False
98d0fc38-b494-42e4-8f51-e5676d906ea2,2021-07-24 02:27:52.119822,2021-07-24 02:32:52.208679,https://says-api-uploaded-audio.s3.amazonaws.com/saysuseraudio1627093671899.m4a,https://says-api-streamable-audio.s3.amazonaws.com/saysuseraudio1627093671899.mp3,1627093672021-lixeb0,Complete,Transcode job 1627093672021-lixeb0 was completed.,37.0,True
865c52d4-e81d-4cc8-9629-36080f4f715b,2021-07-24 19:31:16.948502,2021-07-24 19:36:17.034615,https://says-api-uploaded-audio.s3.amazonaws.com/saysuseraudio1627155076679.m4a,https://says-api-streamable-audio.s3.amazonaws.com/saysuseraudio1627155076679.mp3,1627155076850-6uwai6,Complete,Transcode job 1627155076850-6uwai6 was completed.,37.0,False
f8fd0781-766a-4f39-bf9e-596b62112955,2021-07-24 22:05:38.855334,2021-07-24 22:06:08.945428,https://says-api-uploaded-audio.s3.amazonaws.com/saysuseraudio1627164338657.m4a,https://says-api-streamable-audio.s3.amazonaws.com/saysuseraudio1627164338657.mp3,1627164338756-on5qqu,Complete,Transcode job 1627164338756-on5qqu was completed.,7.0,True
56f4cd14-573e-4167-9336-a9d338cfb46a,2021-07-19 22:49:15.729723,2021-07-19 23:49:14.802260,https://says-api-uploaded-audio.s3.amazonaws.com/saysuseraudio1626734955396.m4a,https://says-api-streamable-audio.s3.amazonaws.com/saysuseraudio1626734955396.mp3,1626734955631-d80mce,Complete,Transcode job 1626734955631-d80mce was completed.,141.0,False
5f9981eb-052b-4543-ad3c-bdc0c44b6f94,2021-07-24 22:45:12.211902,2021-07-24 22:45:42.285361,https://says-api-uploaded-audio.s3.amazonaws.com/saysuseraudio1627166711974.m4a,https://says-api-streamable-audio.s3.amazonaws.com/saysuseraudio1627166711974.mp3,1627166712107-bkzfdc,Complete,Transcode job 1627166712107-bkzfdc was completed.,6.0,True
1fa735e1-4f53-4804-9aa2-bb79b99c175b,2021-07-25 19:11:52.862237,2021-07-25 19:12:22.957636,https://says-api-uploaded-audio.s3.amazonaws.com/saysuseraudio1627240312650.m4a,https://says-api-streamable-audio.s3.amazonaws.com/saysuseraudio1627240312650.mp3,1627240312764-wq5wyp,Complete,Transcode job 1627240312764-wq5wyp was completed.,3.0,False
028a0f23-3d07-4177-878c-8ac902dc8d13,2021-07-26 00:08:16.162965,2021-07-26 00:08:46.264634,https://says-api-uploaded-audio.s3.amazonaws.com/saysuseraudio1627258095949.m4a,https://says-api-streamable-audio.s3.amazonaws.com/saysuseraudio1627258095949.mp3,1627258096066-gkuuri,Complete,Transcode job 1627258096066-gkuuri was completed.,3.0,True
09452159-7ae4-4668-8a18-5c10f47d1bc8,2021-07-25 22:01:50.365176,2021-07-25 22:02:20.437008,https://says-api-uploaded-audio.s3.amazonaws.com/saysuseraudio1627250510175.m4a,https://says-api-streamable-audio.s3.amazonaws.com/saysuseraudio1627250510175.mp3,1627250510273-uuct43,Complete,Transcode job 1627250510273-uuct43 was completed.,6.0,False
81b49960-77dc-4484-9ed3-bf41b738fbb0,2021-07-26 00:08:28.022657,2021-07-26 00:08:58.098821,https://says-api-uploaded-audio.s3.amazonaws.com/saysuseraudio1627258107866.m4a,https://says-api-streamable-audio.s3.amazonaws.com/saysuseraudio1627258107866.mp3,1627258107941-kxfiiv,Complete,Transcode job 1627258107941-kxfiiv was completed.,4.0,True
bdc9f90f-8c61-45c8-bc96-cb91ff64c3ee,2021-07-26 02:32:55.877400,2021-07-26 02:33:25.971268,https://says-api-uploaded-audio.s3.amazonaws.com/saysuseraudio1627266775686.m4a,https://says-api-streamable-audio.s3.amazonaws.com/saysuseraudio1627266775686.mp3,1627266775785-1yi84i,Complete,Transcode job 1627266775785-1yi84i was completed.,6.0,False
9daaa0e1-0405-4205-8f4c-4e2cbfa44465,2021-07-26 02:36:00.887915,2021-07-26 02:36:30.983342,https://says-api-uploaded-audio.s3.amazonaws.com/saysuseraudio1627266960689.m4a,https://says-api-streamable-audio.s3.amazonaws.com/saysuseraudio1627266960689.mp3,1627266960772-zxc85a,Complete,Transcode job 1627266960772-zxc85a was completed.,3.0,False
658dd320-f579-4acf-b5e8-841861de6d19,2021-07-27 14:45:24.321226,2021-07-27 14:45:54.434725,https://says-api-uploaded-audio.s3.amazonaws.com/saysuseraudio1627397124107.m4a,https://says-api-streamable-audio.s3.amazonaws.com/saysuseraudio1627397124107.mp3,1627397124214-qcm2ej,Complete,Transcode job 1627397124214-qcm2ej was completed.,5.0,False
6351d7ea-c7ac-4ff8-b033-ef5e1a649d53,2021-07-27 14:47:45.554463,2021-07-27 14:48:15.633943,https://says-api-uploaded-audio.s3.amazonaws.com/saysuseraudio1627397265374.m4a,https://says-api-streamable-audio.s3.amazonaws.com/saysuseraudio1627397265374.mp3,1627397265478-ewsmp3,Complete,Transcode job 1627397265478-ewsmp3 was completed.,5.0,False
2ad21be9-0b15-4a27-8220-bfa472ec77d9,2021-07-27 15:43:41.285082,2021-07-27 15:44:11.378085,https://says-api-uploaded-audio.s3.amazonaws.com/saysuseraudio1627400621015.m4a,https://says-api-streamable-audio.s3.amazonaws.com/saysuseraudio1627400621015.mp3,1627400621197-1tncrg,Complete,Transcode job 1627400621197-1tncrg was completed.,16.0,False
c050aed5-e718-4a3a-951a-7b0c99b22817,2021-07-27 16:02:00.891822,2021-07-27 16:02:07.127041,https://says-api-uploaded-audio.s3.amazonaws.com/saysuseraudio1627401720647.m4a,https://says-api-streamable-audio.s3.amazonaws.com/saysuseraudio1627401720647.mp3,1627401720775-9wqq8v,Complete,Transcode job 1627401720775-9wqq8v was completed.,10.0,False
cf19d7c3-05f8-409e-9610-1e9e4c00fcc2,2021-07-21 20:09:51.336281,2021-07-21 20:14:51.437987,https://says-api-uploaded-audio.s3.amazonaws.com/saysuseraudio1626898190948.m4a,https://says-api-streamable-audio.s3.amazonaws.com/saysuseraudio1626898190948.mp3,1626898191217-zqnbbh,Complete,Transcode job 1626898191217-zqnbbh was completed.,141.0,False
b7cb16f1-86ea-4e55-a2e0-ec61b541f869,2021-07-21 20:13:32.236750,2021-07-21 20:18:32.348122,https://says-api-uploaded-audio.s3.amazonaws.com/saysuseraudio1626898411908.m4a,https://says-api-streamable-audio.s3.amazonaws.com/saysuseraudio1626898411908.mp3,1626898412132-vpzgdo,Complete,Transcode job 1626898412132-vpzgdo was completed.,141.0,False
f6ffad38-1784-4992-9951-0c5340195f5a,2021-07-21 20:16:30.548233,2021-07-21 20:21:30.610390,https://says-api-uploaded-audio.s3.amazonaws.com/saysuseraudio1626898590260.m4a,https://says-api-streamable-audio.s3.amazonaws.com/saysuseraudio1626898590260.mp3,1626898590460-006skb,Complete,Transcode job 1626898590460-006skb was completed.,141.0,False
13fdbfb2-909c-444f-bccf-a5dd69ff1561,2021-07-27 16:01:41.930557,2021-07-27 16:02:25.596893,https://says-api-uploaded-audio.s3.amazonaws.com/saysuseraudio1627401701696.m4a,https://says-api-streamable-audio.s3.amazonaws.com/saysuseraudio1627401701696.mp3,1627401701838-r2ibjx,Complete,Transcode job 1627401701838-r2ibjx was completed.,12.0,False
5ba430aa-4656-4e4a-91be-f8baba61f73f,2021-07-27 16:03:58.372624,2021-07-27 16:04:28.487068,https://says-api-uploaded-audio.s3.amazonaws.com/saysuseraudio1627401838192.m4a,https://says-api-streamable-audio.s3.amazonaws.com/saysuseraudio1627401838192.mp3,1627401838290-3yj110,Complete,Transcode job 1627401838290-3yj110 was completed.,6.0,False
98e78919-82f4-4135-a42b-319322e07f21,2021-07-27 16:04:06.844210,2021-07-27 16:04:36.891181,https://says-api-uploaded-audio.s3.amazonaws.com/saysuseraudio1627401846666.m4a,https://says-api-streamable-audio.s3.amazonaws.com/saysuseraudio1627401846666.mp3,1627401846760-1ow4sd,Complete,Transcode job 1627401846760-1ow4sd was completed.,4.0,False
95713967-6928-4468-8a57-7be8bbdf4501,2021-07-21 20:21:09.106474,2021-07-21 20:26:09.177257,https://says-api-uploaded-audio.s3.amazonaws.com/saysuseraudio1626898868415.m4a,https://says-api-streamable-audio.s3.amazonaws.com/saysuseraudio1626898868415.mp3,1626898868988-0j8qs7,Complete,Transcode job 1626898868988-0j8qs7 was completed.,141.0,False
204a61ad-13d4-48ec-a432-c240221c0595,2021-07-28 00:25:21.766669,2021-07-28 00:25:51.848794,https://says-api-uploaded-audio.s3.amazonaws.com/saysuseraudio1627431921492.m4a,https://says-api-streamable-audio.s3.amazonaws.com/saysuseraudio1627431921492.mp3,1627431921662-padxad,Complete,Transcode job 1627431921662-padxad was completed.,4.0,False
6feaa8fb-e721-4350-ad2a-0134c719461d,2021-07-30 14:46:32.372078,2021-07-30 14:47:02.447481,https://says-api-uploaded-audio.s3.amazonaws.com/saysuseraudio1627656392148.m4a,https://says-api-streamable-audio.s3.amazonaws.com/saysuseraudio1627656392148.mp3,1627656392285-hnkm7o,Complete,Transcode job 1627656392285-hnkm7o was completed.,4.0,False
e2afbbeb-106a-4ebc-89a0-3bc5844ad19c,2021-07-30 19:58:52.710830,2021-07-30 19:59:22.803212,https://says-api-uploaded-audio.s3.amazonaws.com/saysuseraudio1627675132468.m4a,https://says-api-streamable-audio.s3.amazonaws.com/saysuseraudio1627675132468.mp3,1627675132610-rf9n5v,Complete,Transcode job 1627675132610-rf9n5v was completed.,3.0,True
4e9f1f88-f10d-41ab-9ba6-ee8d3294e8a4,2021-07-26 16:57:29.307980,2021-07-26 16:57:59.403661,https://says-api-uploaded-audio.s3.amazonaws.com/saysuseraudio1627318648951.m4a,https://says-api-streamable-audio.s3.amazonaws.com/saysuseraudio1627318648951.mp3,1627318649191-vthw8o,Complete,Transcode job 1627318649191-vthw8o was completed.,50.0,True
247383bf-86a9-4426-a0b0-2a82d787822e,2021-07-30 15:39:37.578978,2021-07-30 15:40:07.649939,https://says-api-uploaded-audio.s3.amazonaws.com/saysuseraudio1627659577312.m4a,https://says-api-streamable-audio.s3.amazonaws.com/saysuseraudio1627659577312.mp3,1627659577457-psobr6,Complete,Transcode job 1627659577457-psobr6 was completed.,4.0,True
9ac5bb90-c86f-4c4b-8979-9f655f6ee7a3,2021-07-31 04:30:37.578627,2021-07-31 04:31:07.649652,https://says-api-uploaded-audio.s3.amazonaws.com/saysuseraudio1627705837400.m4a,https://says-api-streamable-audio.s3.amazonaws.com/saysuseraudio1627705837400.mp3,1627705837492-lcaizp,Complete,Transcode job 1627705837492-lcaizp was completed.,4.0,True
fa0e22bb-ae79-4338-be90-3eb2b760014b,2021-07-28 13:56:35.709513,2021-07-28 13:57:05.789525,https://says-api-uploaded-audio.s3.amazonaws.com/saysuseraudio1627480595498.m4a,https://says-api-streamable-audio.s3.amazonaws.com/saysuseraudio1627480595498.mp3,1627480595630-uwnjki,Complete,Transcode job 1627480595630-uwnjki was completed.,8.0,False
c1fa02f3-a4c8-4024-b103-1eb5d2d27f2f,2021-07-31 04:31:31.082460,2021-07-31 04:32:01.171942,https://says-api-uploaded-audio.s3.amazonaws.com/saysuseraudio1627705890843.m4a,https://says-api-streamable-audio.s3.amazonaws.com/saysuseraudio1627705890843.mp3,1627705890988-eopzk6,Complete,Transcode job 1627705890988-eopzk6 was completed.,6.0,False
b4da044a-62a1-4630-abf4-7b5689d46470,2021-07-31 16:50:44.671401,2021-07-31 16:51:14.744923,https://says-api-uploaded-audio.s3.amazonaws.com/saysuseraudio1627750244471.m4a,https://says-api-streamable-audio.s3.amazonaws.com/saysuseraudio1627750244471.mp3,1627750244569-t00rc6,Complete,Transcode job 1627750244569-t00rc6 was completed.,7.0,False
6c91f83b-1419-4920-965e-2d27392d1be7,2021-07-31 22:12:14.067209,2021-07-31 22:12:44.129043,https://says-api-uploaded-audio.s3.amazonaws.com/saysuseraudio1627769533788.m4a,https://says-api-streamable-audio.s3.amazonaws.com/saysuseraudio1627769533788.mp3,1627769533932-lcujud,Complete,Transcode job 1627769533932-lcujud was completed.,4.0,False
7a3c5645-abc0-4f34-a844-1b3f9f6081ba,2021-07-31 19:52:06.012395,2021-07-31 19:52:36.099426,https://says-api-uploaded-audio.s3.amazonaws.com/saysuseraudio1627761125809.m4a,https://says-api-streamable-audio.s3.amazonaws.com/saysuseraudio1627761125809.mp3,1627761125899-t3esjr,Complete,Transcode job 1627761125899-t3esjr was completed.,7.0,False
0febd81a-fe0b-491b-bde8-9198f8de9b79,2021-11-02 04:08:35.451552,2021-11-02 04:09:05.528036,https://says-api-uploaded-audio.s3.amazonaws.com/saysuseraudio1635826115208.m4a,https://says-api-streamable-audio.s3.amazonaws.com/saysuseraudio1635826115208.mp3,1635826115375-3phsko,Complete,Transcode job 1635826115375-3phsko was completed.,11.0,False
b2a2437b-2df8-4243-bced-bf14e85f872b,2021-07-31 22:12:57.977145,2021-07-31 22:13:28.059317,https://says-api-uploaded-audio.s3.amazonaws.com/saysuseraudio1627769577794.m4a,https://says-api-streamable-audio.s3.amazonaws.com/saysuseraudio1627769577794.mp3,1627769577889-nkhlwa,Complete,Transcode job 1627769577889-nkhlwa was completed.,7.0,False
8c65b352-e396-4129-9195-e66345a951c9,2021-07-31 23:12:08.521822,2021-07-31 23:12:38.605895,https://says-api-uploaded-audio.s3.amazonaws.com/saysuseraudio1627773128277.m4a,https://says-api-streamable-audio.s3.amazonaws.com/saysuseraudio1627773128277.mp3,1627773128435-3yfo8d,Complete,Transcode job 1627773128435-3yfo8d was completed.,6.0,True
0e9db999-03b9-4c8c-9c73-734a6b277e65,2021-08-01 20:02:06.898914,2021-08-01 20:02:15.295628,https://says-api-uploaded-audio.s3.amazonaws.com/saysuseraudio1627848126666.m4a,https://says-api-streamable-audio.s3.amazonaws.com/saysuseraudio1627848126666.mp3,1627848126807-20kbmz,Complete,Transcode job 1627848126807-20kbmz was completed.,6.0,False
40c8352b-bfd4-410a-8c81-d454f7855e02,2021-07-31 23:29:33.547242,2021-07-31 23:30:03.625547,https://says-api-uploaded-audio.s3.amazonaws.com/saysuseraudio1627774173312.m4a,https://says-api-streamable-audio.s3.amazonaws.com/saysuseraudio1627774173312.mp3,1627774173448-b60muy,Complete,Transcode job 1627774173448-b60muy was completed.,6.0,False
3a02d242-fb88-4a57-a0c9-1d26b048b4e5,2021-08-02 18:58:57.399817,2021-08-02 18:59:27.470733,https://says-api-uploaded-audio.s3.amazonaws.com/saysuseraudio1627930737156.m4a,https://says-api-streamable-audio.s3.amazonaws.com/saysuseraudio1627930737156.mp3,1627930737250-na4q6i,Complete,Transcode job 1627930737250-na4q6i was completed.,4.0,False
cfa11104-ccd8-4bc4-a23f-5083227b0ee7,2021-08-03 15:28:25.587952,2021-08-03 15:28:55.668219,https://says-api-uploaded-audio.s3.amazonaws.com/saysuseraudio1628004505379.m4a,https://says-api-streamable-audio.s3.amazonaws.com/saysuseraudio1628004505379.mp3,1628004505490-v69jd0,Complete,Transcode job 1628004505490-v69jd0 was completed.,4.0,True
034f075c-a068-4c0a-ab84-05ddb05d834a,2021-08-03 15:28:36.774368,2021-08-03 15:29:06.847783,https://says-api-uploaded-audio.s3.amazonaws.com/saysuseraudio1628004516590.m4a,https://says-api-streamable-audio.s3.amazonaws.com/saysuseraudio1628004516590.mp3,1628004516698-jbddd4,Complete,Transcode job 1628004516698-jbddd4 was completed.,4.0,True
db8a494c-67a6-4e1f-a133-a4059b0e414c,2021-08-03 15:35:43.466638,2021-08-03 15:36:13.538495,https://says-api-uploaded-audio.s3.amazonaws.com/saysuseraudio1628004943288.m4a,https://says-api-streamable-audio.s3.amazonaws.com/saysuseraudio1628004943288.mp3,1628004943364-l3bi4g,Complete,Transcode job 1628004943364-l3bi4g was completed.,4.0,True
e20cb3ec-9c9b-4382-beae-91f2a356544c,2021-08-03 15:27:31.638597,2021-08-03 15:28:01.735921,https://says-api-uploaded-audio.s3.amazonaws.com/saysuseraudio1628004451387.m4a,https://says-api-streamable-audio.s3.amazonaws.com/saysuseraudio1628004451387.mp3,1628004451539-wby6sm,Complete,Transcode job 1628004451539-wby6sm was completed.,6.0,True
4d7f4a35-8787-469d-8c36-24ec6a160b98,2021-08-03 15:36:01.640663,2021-08-03 15:36:31.713333,https://says-api-uploaded-audio.s3.amazonaws.com/saysuseraudio1628004961430.m4a,https://says-api-streamable-audio.s3.amazonaws.com/saysuseraudio1628004961430.mp3,1628004961552-3olxdc,Complete,Transcode job 1628004961552-3olxdc was completed.,4.0,True
a36e1bcd-f0cf-4478-8260-35b5a2301151,2021-08-03 15:36:13.853133,2021-08-03 15:36:43.921850,https://says-api-uploaded-audio.s3.amazonaws.com/saysuseraudio1628004973540.m4a,https://says-api-streamable-audio.s3.amazonaws.com/saysuseraudio1628004973540.mp3,1628004973777-gn9mpz,Complete,Transcode job 1628004973777-gn9mpz was completed.,4.0,True
ec77efb5-1944-404a-9c2f-5b16b709df36,2021-08-03 15:47:27.618140,2021-08-03 15:47:57.693211,https://says-api-uploaded-audio.s3.amazonaws.com/saysuseraudio1628005647464.m4a,https://says-api-streamable-audio.s3.amazonaws.com/saysuseraudio1628005647464.mp3,1628005647543-os6guo,Complete,Transcode job 1628005647543-os6guo was completed.,3.0,True
a1c396d9-5523-4375-97aa-3348e1849a13,2021-08-03 15:36:44.969490,2021-08-03 15:37:15.054965,https://says-api-uploaded-audio.s3.amazonaws.com/saysuseraudio1628005004723.m4a,https://says-api-streamable-audio.s3.amazonaws.com/saysuseraudio1628005004723.mp3,1628005004898-p4xqb1,Complete,Transcode job 1628005004898-p4xqb1 was completed.,4.0,True
836cf64f-6031-46e3-80ba-880e2e989436,2021-08-03 15:47:44.612834,2021-08-03 15:48:14.723631,https://says-api-uploaded-audio.s3.amazonaws.com/saysuseraudio1628005664451.m4a,https://says-api-streamable-audio.s3.amazonaws.com/saysuseraudio1628005664451.mp3,1628005664538-7u7jrh,Complete,Transcode job 1628005664538-7u7jrh was completed.,4.0,True
76ff315a-0b76-47be-ba0f-5320e3fa0f86,2021-08-03 16:15:52.901177,2021-08-03 16:16:22.993965,https://says-api-uploaded-audio.s3.amazonaws.com/saysuseraudio1628007352636.m4a,https://says-api-streamable-audio.s3.amazonaws.com/saysuseraudio1628007352636.mp3,1628007352765-fhbph1,Complete,Transcode job 1628007352765-fhbph1 was completed.,4.0,True
c41d1524-5bf1-49a0-b53e-be24a3bc20cd,2021-08-03 16:19:35.985589,2021-08-03 16:20:06.052668,https://says-api-uploaded-audio.s3.amazonaws.com/saysuseraudio1628007575683.m4a,https://says-api-streamable-audio.s3.amazonaws.com/saysuseraudio1628007575683.mp3,1628007575845-5wvm8i,Complete,Transcode job 1628007575845-5wvm8i was completed.,4.0,True
8c4d26f8-77dd-46e7-97c1-9e176e10d0fa,2021-08-03 17:10:47.731740,2021-08-03 17:11:17.840163,https://says-api-uploaded-audio.s3.amazonaws.com/saysuseraudio1628010647440.m4a,https://says-api-streamable-audio.s3.amazonaws.com/saysuseraudio1628010647440.mp3,1628010647617-p9ljlp,Complete,Transcode job 1628010647617-p9ljlp was completed.,4.0,True
a8201204-acd7-4dfd-a6e3-a28665334882,2021-08-03 17:14:37.601794,2021-08-03 17:15:07.689579,https://says-api-uploaded-audio.s3.amazonaws.com/saysuseraudio1628010877375.m4a,https://says-api-streamable-audio.s3.amazonaws.com/saysuseraudio1628010877375.mp3,1628010877507-2qj1hf,Complete,Transcode job 1628010877507-2qj1hf was completed.,4.0,True
94004c88-7f46-4a46-b86d-9cfdaea812e7,2021-08-03 16:25:29.365483,2021-08-03 16:25:59.450785,https://says-api-uploaded-audio.s3.amazonaws.com/saysuseraudio1628007929046.m4a,https://says-api-streamable-audio.s3.amazonaws.com/saysuseraudio1628007929046.mp3,1628007929266-qc5dje,Complete,Transcode job 1628007929266-qc5dje was completed.,6.0,True
7bdc33bb-4114-4f3a-9e9d-dcecc8034722,2021-08-03 17:17:29.627464,2021-08-03 17:17:59.716427,https://says-api-uploaded-audio.s3.amazonaws.com/saysuseraudio1628011049412.m4a,https://says-api-streamable-audio.s3.amazonaws.com/saysuseraudio1628011049412.mp3,1628011049524-n5794c,Complete,Transcode job 1628011049524-n5794c was completed.,4.0,True
f07608f4-732a-43ed-bc33-6fbdfeff7da1,2021-08-03 17:23:22.606354,2021-08-03 17:23:52.675313,https://says-api-uploaded-audio.s3.amazonaws.com/saysuseraudio1628011402368.m4a,https://says-api-streamable-audio.s3.amazonaws.com/saysuseraudio1628011402368.mp3,1628011402503-tvd3mx,Complete,Transcode job 1628011402503-tvd3mx was completed.,4.0,True
d10efdce-4f0c-414f-b0b8-12125a2e607d,2021-08-03 17:26:36.184199,2021-08-03 17:27:06.287726,https://says-api-uploaded-audio.s3.amazonaws.com/saysuseraudio1628011595989.m4a,https://says-api-streamable-audio.s3.amazonaws.com/saysuseraudio1628011595989.mp3,1628011596086-qoosgy,Complete,Transcode job 1628011596086-qoosgy was completed.,4.0,True
1a0521cd-349e-4675-a4d0-d135e561ddef,2021-08-03 17:51:24.374628,2021-08-03 17:51:54.461320,https://says-api-uploaded-audio.s3.amazonaws.com/saysuseraudio1628013084100.m4a,https://says-api-streamable-audio.s3.amazonaws.com/saysuseraudio1628013084100.mp3,1628013084288-99mai0,Complete,Transcode job 1628013084288-99mai0 was completed.,4.0,True
f178db19-2845-4e2b-8b60-39e4fd8b2003,2021-08-03 21:12:47.116268,2021-08-03 21:13:17.193479,https://says-api-uploaded-audio.s3.amazonaws.com/saysuseraudio1628025166911.m4a,https://says-api-streamable-audio.s3.amazonaws.com/saysuseraudio1628025166911.mp3,1628025167016-j3d0x3,Complete,Transcode job 1628025167016-j3d0x3 was completed.,1.0,False
ff4fba54-37aa-4485-a806-a2a6913029f4,2021-08-03 20:57:40.449268,2021-08-03 20:58:10.533102,https://says-api-uploaded-audio.s3.amazonaws.com/saysuseraudio1628024260252.m4a,https://says-api-streamable-audio.s3.amazonaws.com/saysuseraudio1628024260252.mp3,1628024260359-lrc8be,Complete,Transcode job 1628024260359-lrc8be was completed.,5.0,False
7e55403c-e103-417d-aa7c-40eaf3b548fe,2021-08-03 21:10:36.413430,2021-08-03 21:11:06.497957,https://says-api-uploaded-audio.s3.amazonaws.com/saysuseraudio1628025036216.m4a,https://says-api-streamable-audio.s3.amazonaws.com/saysuseraudio1628025036216.mp3,1628025036319-fatdb0,Complete,Transcode job 1628025036319-fatdb0 was completed.,4.0,True
a4a55354-5213-4aa9-8a75-09a51fed3a42,2021-08-04 01:07:38.362823,2021-08-04 01:10:53.265796,https://says-api-uploaded-audio.s3.amazonaws.com/saysuseraudio1628039258189.m4a,https://says-api-streamable-audio.s3.amazonaws.com/saysuseraudio1628039258189.mp3,1628039258285-zf71vn,Complete,Transcode job 1628039258285-zf71vn was completed.,4.0,False
e3d34034-1f5d-4cde-b320-45de1c832a84,2021-08-04 04:44:46.848348,2021-08-04 04:45:16.941058,https://says-api-uploaded-audio.s3.amazonaws.com/saysuseraudio1628052286664.m4a,https://says-api-streamable-audio.s3.amazonaws.com/saysuseraudio1628052286664.mp3,1628052286762-ibho26,Complete,Transcode job 1628052286762-ibho26 was completed.,7.0,False
54e4a579-3062-4fb1-aa56-31b4e6b1aa59,2021-08-04 04:49:06.424067,2021-08-04 04:49:36.492942,https://says-api-uploaded-audio.s3.amazonaws.com/saysuseraudio1628052546186.m4a,https://says-api-streamable-audio.s3.amazonaws.com/saysuseraudio1628052546186.mp3,1628052546335-9jq14l,Complete,Transcode job 1628052546335-9jq14l was completed.,7.0,False
8ae49df4-6f59-4d1c-94eb-1782e1418484,2021-08-04 21:47:16.594047,2021-08-04 21:47:46.688845,https://says-api-uploaded-audio.s3.amazonaws.com/saysuseraudio1628113636384.m4a,https://says-api-streamable-audio.s3.amazonaws.com/saysuseraudio1628113636384.mp3,1628113636506-f4ap5j,Complete,Transcode job 1628113636506-f4ap5j was completed.,5.0,False
54ff585b-d151-4d2e-be7d-c59685610042,2021-08-04 21:54:55.468008,2021-08-04 21:55:25.538033,https://says-api-uploaded-audio.s3.amazonaws.com/saysuseraudio1628114095232.m4a,https://says-api-streamable-audio.s3.amazonaws.com/saysuseraudio1628114095232.mp3,1628114095367-02i3bw,Complete,Transcode job 1628114095367-02i3bw was completed.,5.0,False
cdd90290-19f7-479e-b6a4-9bce1cea35dd,2021-07-31 16:16:25.459366,2021-07-31 16:16:55.557429,https://says-api-uploaded-audio.s3.amazonaws.com/saysuseraudio1627748185122.m4a,https://says-api-streamable-audio.s3.amazonaws.com/saysuseraudio1627748185122.mp3,1627748185359-ve8lpc,Complete,Transcode job 1627748185359-ve8lpc was completed.,53.0,True
f01192d8-bd84-48ba-96b9-9a238d0de30b,2021-08-04 22:44:17.860119,2021-08-04 22:44:47.929678,https://says-api-uploaded-audio.s3.amazonaws.com/saysuseraudio1628117057616.m4a,https://says-api-streamable-audio.s3.amazonaws.com/saysuseraudio1628117057616.mp3,1628117057774-eo9ub1,Complete,Transcode job 1628117057774-eo9ub1 was completed.,18.0,False
fd1c68d9-74bf-470f-872c-fa4eabc4ac89,2021-07-24 20:47:08.125521,2021-07-24 20:47:38.239058,https://says-api-uploaded-audio.s3.amazonaws.com/saysuseraudio1627159627834.m4a,https://says-api-streamable-audio.s3.amazonaws.com/saysuseraudio1627159627834.mp3,1627159628021-92l2rc,Complete,Transcode job 1627159628021-92l2rc was completed.,141.0,False
7475f1ae-1545-4cb5-8081-f95674388e19,2021-08-04 23:08:51.140855,2021-08-04 23:09:21.222885,https://says-api-uploaded-audio.s3.amazonaws.com/saysuseraudio1628118530756.m4a,https://says-api-streamable-audio.s3.amazonaws.com/saysuseraudio1628118530756.mp3,1628118531065-rwfplt,Complete,Transcode job 1628118531065-rwfplt was completed.,16.0,False
6ae47e0e-9b1f-4d16-8ff7-239c0681a5d0,2021-08-04 23:11:41.282800,2021-08-04 23:12:11.376508,https://says-api-uploaded-audio.s3.amazonaws.com/saysuseraudio1628118701057.m4a,https://says-api-streamable-audio.s3.amazonaws.com/saysuseraudio1628118701057.mp3,1628118701203-c9u2d8,Complete,Transcode job 1628118701203-c9u2d8 was completed.,11.0,False
d2994271-a711-4279-8914-a354cdd8bcc0,2021-08-04 23:19:58.251425,2021-08-04 23:20:28.324732,https://says-api-uploaded-audio.s3.amazonaws.com/saysuseraudio1628119197993.m4a,https://says-api-streamable-audio.s3.amazonaws.com/saysuseraudio1628119197993.mp3,1628119198151-5kxlzs,Complete,Transcode job 1628119198151-5kxlzs was completed.,13.0,False
b4750e89-273d-499b-9d71-5ab0cb21f7fe,2021-08-04 23:23:00.943460,2021-08-04 23:23:30.999075,https://says-api-uploaded-audio.s3.amazonaws.com/saysuseraudio1628119380791.m4a,https://says-api-streamable-audio.s3.amazonaws.com/saysuseraudio1628119380791.mp3,1628119380865-ftbu0h,Complete,Transcode job 1628119380865-ftbu0h was completed.,6.0,True
14f66007-7958-4ee7-8dd9-fcebc8ceebdc,2021-08-04 23:21:13.981760,2021-08-04 23:21:44.057496,https://says-api-uploaded-audio.s3.amazonaws.com/saysuseraudio1628119273766.m4a,https://says-api-streamable-audio.s3.amazonaws.com/saysuseraudio1628119273766.mp3,1628119273895-q3j3p0,Complete,Transcode job 1628119273895-q3j3p0 was completed.,14.0,False
db02f91b-15d6-4635-98b5-86fe2833fe7d,2021-08-04 23:22:59.658826,2021-08-04 23:23:29.723673,https://says-api-uploaded-audio.s3.amazonaws.com/saysuseraudio1628119379368.m4a,https://says-api-streamable-audio.s3.amazonaws.com/saysuseraudio1628119379368.mp3,1628119379578-vt6udx,Complete,Transcode job 1628119379578-vt6udx was completed.,13.0,False
80071c1d-c2b7-4d05-a884-a476aae6d17a,2021-08-05 00:09:08.920587,2021-08-05 00:09:39.000382,https://says-api-uploaded-audio.s3.amazonaws.com/saysuseraudio1628122148728.m4a,https://says-api-streamable-audio.s3.amazonaws.com/saysuseraudio1628122148728.mp3,1628122148837-nwo6j6,Complete,Transcode job 1628122148837-nwo6j6 was completed.,4.0,True
41e9d588-e778-4957-92d3-6c808fce1c70,2021-08-04 23:44:54.127442,2021-08-04 23:45:24.214389,https://says-api-uploaded-audio.s3.amazonaws.com/saysuseraudio1628120693904.m4a,https://says-api-streamable-audio.s3.amazonaws.com/saysuseraudio1628120693904.mp3,1628120694032-ydfh55,Complete,Transcode job 1628120694032-ydfh55 was completed.,8.0,True
f9d74bca-5a69-4997-8def-1d50795eef03,2021-08-04 23:25:09.918877,2021-08-04 23:25:40.226139,https://says-api-uploaded-audio.s3.amazonaws.com/saysuseraudio1628119509686.m4a,https://says-api-streamable-audio.s3.amazonaws.com/saysuseraudio1628119509686.mp3,1628119509815-ebkv1o,Complete,Transcode job 1628119509815-ebkv1o was completed.,12.0,False
481ea3a4-4db3-42b8-8eaa-a43ff830a9c1,2021-08-05 01:29:43.442223,2021-08-05 01:30:13.554209,https://says-api-uploaded-audio.s3.amazonaws.com/saysuseraudio1628126983156.m4a,https://says-api-streamable-audio.s3.amazonaws.com/saysuseraudio1628126983156.mp3,1628126983319-xvr8c4,Complete,Transcode job 1628126983319-xvr8c4 was completed.,8.0,False
c20eed84-cc00-4fba-9d66-76f2326a4356,2021-08-05 00:13:47.663247,2021-08-05 00:14:17.738908,https://says-api-uploaded-audio.s3.amazonaws.com/saysuseraudio1628122427462.m4a,https://says-api-streamable-audio.s3.amazonaws.com/saysuseraudio1628122427462.mp3,1628122427568-b8wocc,Complete,Transcode job 1628122427568-b8wocc was completed.,15.0,False
5faa2d9e-77a5-466e-8954-32a6e58f4e21,2021-08-04 21:51:39.392100,2021-08-04 21:52:09.527053,https://says-api-uploaded-audio.s3.amazonaws.com/saysuseraudio1628113899134.m4a,https://says-api-streamable-audio.s3.amazonaws.com/saysuseraudio1628113899134.mp3,1628113899321-ylfbcq,Complete,Transcode job 1628113899321-ylfbcq was completed.,68.0,False
ab7a1478-e4d8-4d14-a034-6284d8d1849f,2021-08-05 01:36:35.829845,2021-08-05 01:37:05.913150,https://says-api-uploaded-audio.s3.amazonaws.com/saysuseraudio1628127395609.m4a,https://says-api-streamable-audio.s3.amazonaws.com/saysuseraudio1628127395609.mp3,1628127395704-41enfd,Complete,Transcode job 1628127395704-41enfd was completed.,8.0,False
d43e2315-1def-475e-87dd-a2c6c58de83d,2021-08-04 22:24:03.512968,2021-08-04 22:24:33.605547,https://says-api-uploaded-audio.s3.amazonaws.com/saysuseraudio1628115843153.m4a,https://says-api-streamable-audio.s3.amazonaws.com/saysuseraudio1628115843153.mp3,1628115843413-sof43v,Complete,Transcode job 1628115843413-sof43v was completed.,68.0,False
728a08d3-a1e7-4b3a-a17c-e8bb01c89859,2021-08-05 02:25:37.214317,2021-08-05 02:26:07.300313,https://says-api-uploaded-audio.s3.amazonaws.com/saysuseraudio1628130336936.m4a,https://says-api-streamable-audio.s3.amazonaws.com/saysuseraudio1628130336936.mp3,1628130337092-dk286b,Complete,Transcode job 1628130337092-dk286b was completed.,4.0,False
9af9607c-762f-4f67-8df2-eb6da8b28aae,2021-08-05 01:40:34.353294,2021-08-05 01:41:04.433824,https://says-api-uploaded-audio.s3.amazonaws.com/saysuseraudio1628127634087.m4a,https://says-api-streamable-audio.s3.amazonaws.com/saysuseraudio1628127634087.mp3,1628127634258-5h11vm,Complete,Transcode job 1628127634258-5h11vm was completed.,11.0,False
b7cc96cd-7e85-4acf-a811-4bffd3e7bd26,2021-08-05 02:08:18.365811,2021-08-05 02:08:55.653514,https://says-api-uploaded-audio.s3.amazonaws.com/saysuseraudio1628129298135.m4a,https://says-api-streamable-audio.s3.amazonaws.com/saysuseraudio1628129298135.mp3,1628129298279-vmepn7,Complete,Transcode job 1628129298279-vmepn7 was completed.,7.0,False
9bed0eec-dfe7-478e-814c-7c4ccc8ba6db,2021-08-05 02:55:36.106867,2021-08-05 02:56:06.178029,https://says-api-uploaded-audio.s3.amazonaws.com/saysuseraudio1628132135924.m4a,https://says-api-streamable-audio.s3.amazonaws.com/saysuseraudio1628132135924.mp3,1628132136017-ry10gl,Complete,Transcode job 1628132136017-ry10gl was completed.,5.0,False
c293491e-384b-4415-a744-5d95a2912c18,2021-08-05 01:45:39.451164,2021-08-05 01:46:09.542962,https://says-api-uploaded-audio.s3.amazonaws.com/saysuseraudio1628127939224.m4a,https://says-api-streamable-audio.s3.amazonaws.com/saysuseraudio1628127939224.mp3,1628127939358-1pc3bd,Complete,Transcode job 1628127939358-1pc3bd was completed.,12.0,False
f107dcaf-775b-4766-9a5a-47a8cbc9dab5,2021-08-05 03:22:59.616767,2021-08-05 03:23:29.687963,https://says-api-uploaded-audio.s3.amazonaws.com/saysuseraudio1628133779318.m4a,https://says-api-streamable-audio.s3.amazonaws.com/saysuseraudio1628133779318.mp3,1628133779527-xh16zo,Complete,Transcode job 1628133779527-xh16zo was completed.,5.0,False
3ba47e91-0580-41fa-b5a7-5abb96a40550,2021-08-05 02:55:55.448469,2021-08-05 02:56:25.534941,https://says-api-uploaded-audio.s3.amazonaws.com/saysuseraudio1628132155289.m4a,https://says-api-streamable-audio.s3.amazonaws.com/saysuseraudio1628132155289.mp3,1628132155366-t32cez,Complete,Transcode job 1628132155366-t32cez was completed.,7.0,False
ce6b5b5a-48d5-4f37-b64c-1796de7e827e,2021-08-05 15:12:07.772455,2021-08-05 15:12:37.845873,https://says-api-uploaded-audio.s3.amazonaws.com/saysuseraudio1628176327494.m4a,https://says-api-streamable-audio.s3.amazonaws.com/saysuseraudio1628176327494.mp3,1628176327639-68vauk,Complete,Transcode job 1628176327639-68vauk was completed.,4.0,False
d5c87bf7-be29-45b1-8c64-23ab9f4d8699,2021-08-05 16:56:57.137404,2021-08-05 16:57:27.228639,https://says-api-uploaded-audio.s3.amazonaws.com/saysuseraudio1628182616866.m4a,https://says-api-streamable-audio.s3.amazonaws.com/saysuseraudio1628182616866.mp3,1628182617039-dm7ujx,Complete,Transcode job 1628182617039-dm7ujx was completed.,4.0,False
02e2d300-a4fc-4cb0-811b-68ef133fa1c4,2021-08-05 05:42:48.383867,2021-08-05 05:43:18.462865,https://says-api-uploaded-audio.s3.amazonaws.com/saysuseraudio1628142168125.m4a,https://says-api-streamable-audio.s3.amazonaws.com/saysuseraudio1628142168125.mp3,1628142168282-oemsaj,Complete,Transcode job 1628142168282-oemsaj was completed.,11.0,False
6d9e8799-2909-4dab-84d7-040ad3716486,2021-08-05 14:42:41.919232,2021-08-05 14:43:11.991891,https://says-api-uploaded-audio.s3.amazonaws.com/saysuseraudio1628174561590.m4a,https://says-api-streamable-audio.s3.amazonaws.com/saysuseraudio1628174561590.mp3,1628174561792-eckc65,Complete,Transcode job 1628174561792-eckc65 was completed.,11.0,False
dad0a5ab-bd34-417a-a007-8a64b6482a64,2021-08-05 16:43:49.573884,2021-08-05 16:44:19.659396,https://says-api-uploaded-audio.s3.amazonaws.com/saysuseraudio1628181829301.m4a,https://says-api-streamable-audio.s3.amazonaws.com/saysuseraudio1628181829301.mp3,1628181829477-9wi7d5,Complete,Transcode job 1628181829477-9wi7d5 was completed.,12.0,True
47a88879-2cd5-43ef-ba9e-991dace8a496,2021-08-05 17:09:02.052802,2021-08-05 17:09:32.401113,https://says-api-uploaded-audio.s3.amazonaws.com/saysuseraudio1628183341842.m4a,https://says-api-streamable-audio.s3.amazonaws.com/saysuseraudio1628183341842.mp3,1628183341968-jb1pav,Complete,Transcode job 1628183341968-jb1pav was completed.,7.0,False
e9a7c525-cf0e-4d65-b5c3-8dbb312578d9,2021-08-05 17:12:33.526164,2021-08-05 17:13:03.680362,https://says-api-uploaded-audio.s3.amazonaws.com/saysuseraudio1628183553315.m4a,https://says-api-streamable-audio.s3.amazonaws.com/saysuseraudio1628183553315.mp3,1628183553439-tfx0i1,Complete,Transcode job 1628183553439-tfx0i1 was completed.,8.0,False
dc67d999-6afb-4a15-8e3f-a69e86f8bbdf,2021-08-05 17:17:27.790131,2021-08-05 17:17:57.874021,https://says-api-uploaded-audio.s3.amazonaws.com/saysuseraudio1628183847477.m4a,https://says-api-streamable-audio.s3.amazonaws.com/saysuseraudio1628183847477.mp3,1628183847707-ottxvn,Complete,Transcode job 1628183847707-ottxvn was completed.,7.0,False
6f65b3b9-bf27-490b-980c-0a4a7d6b20d1,2021-08-05 17:20:34.358512,2021-08-05 17:21:04.443981,https://says-api-uploaded-audio.s3.amazonaws.com/saysuseraudio1628184034127.m4a,https://says-api-streamable-audio.s3.amazonaws.com/saysuseraudio1628184034127.mp3,1628184034281-74mwzo,Complete,Transcode job 1628184034281-74mwzo was completed.,7.0,False
333393a5-d7ed-46f1-aeae-c832edefa292,2021-08-05 17:24:20.561811,2021-08-05 17:24:50.633923,https://says-api-uploaded-audio.s3.amazonaws.com/saysuseraudio1628184260342.m4a,https://says-api-streamable-audio.s3.amazonaws.com/saysuseraudio1628184260342.mp3,1628184260474-ybbqz7,Complete,Transcode job 1628184260474-ybbqz7 was completed.,7.0,False
5aa2533c-4ac8-4b25-95c7-ee420d93f523,2021-08-05 17:48:10.094347,2021-08-05 17:48:40.171658,https://says-api-uploaded-audio.s3.amazonaws.com/saysuseraudio1628185689910.m4a,https://says-api-streamable-audio.s3.amazonaws.com/saysuseraudio1628185689910.mp3,1628185690002-9zjska,Complete,Transcode job 1628185690002-9zjska was completed.,5.0,False
a3eaf96e-ca3b-484e-86bb-b051bafe7d31,2021-08-05 17:30:05.084844,2021-08-05 17:30:35.162605,https://says-api-uploaded-audio.s3.amazonaws.com/saysuseraudio1628184604664.m4a,https://says-api-streamable-audio.s3.amazonaws.com/saysuseraudio1628184604664.mp3,1628184604990-rujctu,Complete,Transcode job 1628184604990-rujctu was completed.,8.0,False
867f25c8-ff15-462f-9545-fff3e7e9e0bb,2021-08-05 22:31:03.464771,2021-08-05 22:31:33.529750,https://says-api-uploaded-audio.s3.amazonaws.com/saysuseraudio1628202663210.m4a,https://says-api-streamable-audio.s3.amazonaws.com/saysuseraudio1628202663210.mp3,1628202663351-30i7ym,Complete,Transcode job 1628202663351-30i7ym was completed.,6.0,False
fca665a8-fcd5-4720-955e-8dc75e09744f,2021-08-05 17:54:28.815722,2021-08-05 17:54:58.896027,https://says-api-uploaded-audio.s3.amazonaws.com/saysuseraudio1628186068568.m4a,https://says-api-streamable-audio.s3.amazonaws.com/saysuseraudio1628186068568.mp3,1628186068740-afv5mf,Complete,Transcode job 1628186068740-afv5mf was completed.,7.0,False
c27fb68f-3fae-42cd-8103-feaf863d0ad9,2021-08-05 22:32:52.167013,2021-08-05 22:33:22.249350,https://says-api-uploaded-audio.s3.amazonaws.com/saysuseraudio1628202771982.m4a,https://says-api-streamable-audio.s3.amazonaws.com/saysuseraudio1628202771982.mp3,1628202772079-xhwepk,Complete,Transcode job 1628202772079-xhwepk was completed.,6.0,False
86d71b2f-d3a2-406b-8981-50fb3bb702ee,2021-08-06 05:03:39.652574,2021-08-06 05:04:09.741367,https://says-api-uploaded-audio.s3.amazonaws.com/saysuseraudio1628226219402.m4a,https://says-api-streamable-audio.s3.amazonaws.com/saysuseraudio1628226219402.mp3,1628226219513-ec88uo,Complete,Transcode job 1628226219513-ec88uo was completed.,6.0,False
fe4a43f9-a86b-4a61-a712-0762073aaff3,2021-11-02 04:19:34.860222,2021-11-02 04:20:04.941847,https://says-api-uploaded-audio.s3.amazonaws.com/saysuseraudio1635826774631.m4a,https://says-api-streamable-audio.s3.amazonaws.com/saysuseraudio1635826774631.mp3,1635826774766-4gxja6,Complete,Transcode job 1635826774766-4gxja6 was completed.,10.0,False
f5cb4cf8-d99c-4d3e-a03c-df41c6bdfb31,2021-08-06 17:27:36.154295,2021-08-06 17:28:06.229227,https://says-api-uploaded-audio.s3.amazonaws.com/saysuseraudio1628270855840.m4a,https://says-api-streamable-audio.s3.amazonaws.com/saysuseraudio1628270855840.mp3,1628270856070-upxo36,Complete,Transcode job 1628270856070-upxo36 was completed.,16.0,True
7bbf7e47-cba2-47d7-a01d-da3d6050382b,2021-12-05 04:12:58.507409,2021-12-05 04:13:28.584377,https://says-api-uploaded-audio.s3.amazonaws.com/saysuseraudio1638677578262.m4a,https://says-api-streamable-audio.s3.amazonaws.com/saysuseraudio1638677578262.mp3,1638677578430-8re196,Complete,Transcode job 1638677578430-8re196 was completed.,140.0,False
1a598954-9bcf-42fa-aab4-da530ef05a5f,2021-08-06 18:46:22.640694,2021-08-06 18:46:52.707934,https://says-api-uploaded-audio.s3.amazonaws.com/saysuseraudio1628275582342.m4a,https://says-api-streamable-audio.s3.amazonaws.com/saysuseraudio1628275582342.mp3,1628275582495-xz81na,Complete,Transcode job 1628275582495-xz81na was completed.,6.0,False
4decac47-77d7-4c1e-8ad0-16d3fb305efb,2021-08-06 18:56:16.894791,2021-08-06 18:56:46.976394,https://says-api-uploaded-audio.s3.amazonaws.com/saysuseraudio1628276176686.m4a,https://says-api-streamable-audio.s3.amazonaws.com/saysuseraudio1628276176686.mp3,1628276176807-2no3aj,Complete,Transcode job 1628276176807-2no3aj was completed.,4.0,False
1297adea-3a71-408a-b8de-09bee1e44915,2021-08-06 19:06:01.577509,2021-08-06 19:06:31.640802,https://says-api-uploaded-audio.s3.amazonaws.com/saysuseraudio1628276761288.m4a,https://says-api-streamable-audio.s3.amazonaws.com/saysuseraudio1628276761288.mp3,1628276761479-oapsc9,Complete,Transcode job 1628276761479-oapsc9 was completed.,4.0,False
3e727eb6-7c8f-4183-bc62-befab7346ef5,2021-08-06 17:58:48.279352,2021-08-06 17:59:18.397217,https://says-api-uploaded-audio.s3.amazonaws.com/saysuseraudio1628272728044.m4a,https://says-api-streamable-audio.s3.amazonaws.com/saysuseraudio1628272728044.mp3,1628272728188-q01m3v,Complete,Transcode job 1628272728188-q01m3v was completed.,17.0,False
aac20a3e-d688-47bb-85c8-6d44968bc328,2021-08-06 17:58:13.746982,2021-08-06 17:58:43.834987,https://says-api-uploaded-audio.s3.amazonaws.com/saysuseraudio1628272693492.m4a,https://says-api-streamable-audio.s3.amazonaws.com/saysuseraudio1628272693492.mp3,1628272693600-a18hk4,Complete,Transcode job 1628272693600-a18hk4 was completed.,25.0,False
e6c98905-7a9b-4d68-a550-fe1bd589591c,2021-08-04 01:13:47.273282,2021-08-04 01:14:17.359400,https://says-api-uploaded-audio.s3.amazonaws.com/saysuseraudio1628039626864.m4a,https://says-api-streamable-audio.s3.amazonaws.com/saysuseraudio1628039626864.mp3,1628039627120-g0povc,Complete,Transcode job 1628039627120-g0povc was completed.,141.0,False
2c5e5da1-6f61-42dc-88a8-a9907a096ff5,2021-08-06 19:09:22.514759,2021-08-06 19:09:52.597498,https://says-api-uploaded-audio.s3.amazonaws.com/saysuseraudio1628276962263.m4a,https://says-api-streamable-audio.s3.amazonaws.com/saysuseraudio1628276962263.mp3,1628276962424-hb6njo,Complete,Transcode job 1628276962424-hb6njo was completed.,5.0,False
183c7931-4357-493e-b4ea-2fe2fb849a14,2021-08-06 23:54:19.228042,2021-08-06 23:54:49.304957,https://says-api-uploaded-audio.s3.amazonaws.com/saysuseraudio1628294058987.m4a,https://says-api-streamable-audio.s3.amazonaws.com/saysuseraudio1628294058987.mp3,1628294059127-kwk3g6,Complete,Transcode job 1628294059127-kwk3g6 was completed.,6.0,False
882d17a8-fe28-49ad-ad69-b6e20fbdd94a,2021-08-07 22:36:07.928705,2021-08-07 22:36:38.012591,https://says-api-uploaded-audio.s3.amazonaws.com/saysuseraudio1628375767755.m4a,https://says-api-streamable-audio.s3.amazonaws.com/saysuseraudio1628375767755.mp3,1628375767850-qfryl3,Complete,Transcode job 1628375767850-qfryl3 was completed.,5.0,False
a441b915-bfdc-4643-99b1-2872b5d42d64,2021-08-08 20:16:16.437351,2021-08-08 20:16:46.509324,https://says-api-uploaded-audio.s3.amazonaws.com/saysuseraudio1628453776190.m4a,https://says-api-streamable-audio.s3.amazonaws.com/saysuseraudio1628453776190.mp3,1628453776319-u96nxk,Complete,Transcode job 1628453776319-u96nxk was completed.,6.0,True
b5ca22cf-351e-4a5e-9fcb-d8bb415998d7,2021-08-08 20:49:10.566083,2021-08-08 20:49:40.639761,https://says-api-uploaded-audio.s3.amazonaws.com/saysuseraudio1628455750308.m4a,https://says-api-streamable-audio.s3.amazonaws.com/saysuseraudio1628455750308.mp3,1628455750452-aie0kk,Complete,Transcode job 1628455750452-aie0kk was completed.,6.0,False
9375aa9b-130c-43c6-8af4-221838a2ee9c,2021-08-08 20:53:19.721866,2021-08-08 20:53:49.795934,https://says-api-uploaded-audio.s3.amazonaws.com/saysuseraudio1628455999531.m4a,https://says-api-streamable-audio.s3.amazonaws.com/saysuseraudio1628455999531.mp3,1628455999637-3sqzq3,Complete,Transcode job 1628455999637-3sqzq3 was completed.,6.0,False
6f1d1c23-8f92-4e86-b431-9b7b4f7752e0,2021-08-08 20:54:02.649018,2021-08-08 20:54:32.718367,https://says-api-uploaded-audio.s3.amazonaws.com/saysuseraudio1628456042423.m4a,https://says-api-streamable-audio.s3.amazonaws.com/saysuseraudio1628456042423.mp3,1628456042511-1ks2a1,Complete,Transcode job 1628456042511-1ks2a1 was completed.,6.0,False
c0581374-ecb5-458a-8574-839a456d0308,2021-08-08 20:55:43.273110,2021-08-08 20:56:13.357996,https://says-api-uploaded-audio.s3.amazonaws.com/saysuseraudio1628456142972.m4a,https://says-api-streamable-audio.s3.amazonaws.com/saysuseraudio1628456142972.mp3,1628456143108-gnpim4,Complete,Transcode job 1628456143108-gnpim4 was completed.,11.0,False
aa3caee6-7b43-4571-b5c0-354d64d6c953,2021-11-14 02:40:03.771914,2021-11-14 02:40:33.929652,https://says-api-uploaded-audio.s3.amazonaws.com/saysuseraudio1636857603365.m4a,https://says-api-streamable-audio.s3.amazonaws.com/saysuseraudio1636857603365.mp3,1636857603641-kmec2u,Complete,Transcode job 1636857603641-kmec2u was completed.,125.0,True
a2a3e2ba-d98a-4223-8cdd-af619105f33f,2021-08-06 19:59:43.053825,2021-08-06 20:00:25.988705,https://says-api-uploaded-audio.s3.amazonaws.com/saysuseraudio1628279982715.m4a,https://says-api-streamable-audio.s3.amazonaws.com/saysuseraudio1628279982715.mp3,1628279982950-azixpt,Complete,Transcode job 1628279982950-azixpt was completed.,69.0,False
37b8efc4-afe7-421b-92ab-d2f49124e9f3,2021-08-06 17:54:34.950776,2021-08-06 17:55:05.051127,https://says-api-uploaded-audio.s3.amazonaws.com/saysuseraudio1628272474634.m4a,https://says-api-streamable-audio.s3.amazonaws.com/saysuseraudio1628272474634.mp3,1628272474869-tau0jd,Complete,Transcode job 1628272474869-tau0jd was completed.,141.0,False
71ef7c1f-62e3-4d56-a2f1-2d64b89c56e9,2021-08-08 23:01:22.739037,2021-08-08 23:01:52.820571,https://says-api-uploaded-audio.s3.amazonaws.com/saysuseraudio1628463682430.m4a,https://says-api-streamable-audio.s3.amazonaws.com/saysuseraudio1628463682430.mp3,1628463682642-a7nsj8,Complete,Transcode job 1628463682642-a7nsj8 was completed.,100.0,False
b5e7117b-c0e1-43af-9ec1-b7bd6ca155f8,2021-08-06 20:11:35.764902,2021-08-06 20:12:05.895639,https://says-api-uploaded-audio.s3.amazonaws.com/saysuseraudio1628280695412.m4a,https://says-api-streamable-audio.s3.amazonaws.com/saysuseraudio1628280695412.mp3,1628280695650-tmsm7r,Complete,Transcode job 1628280695650-tmsm7r was completed.,141.0,False
1cd88677-aa73-4b42-a6ad-fa99f7ecf175,2021-08-06 20:14:16.474006,2021-08-06 20:14:46.543352,https://says-api-uploaded-audio.s3.amazonaws.com/saysuseraudio1628280856160.m4a,https://says-api-streamable-audio.s3.amazonaws.com/saysuseraudio1628280856160.mp3,1628280856378-5c5ujo,Complete,Transcode job 1628280856378-5c5ujo was completed.,141.0,False
f03fb8e6-f631-4273-917e-5c08f5d96eca,2021-08-09 01:30:45.943121,2021-08-09 01:31:16.017825,https://says-api-uploaded-audio.s3.amazonaws.com/saysuseraudio1628472645591.m4a,https://says-api-streamable-audio.s3.amazonaws.com/saysuseraudio1628472645591.mp3,1628472645839-wqoudj,Complete,Transcode job 1628472645839-wqoudj was completed.,141.0,True
e3077fe6-d8e2-430b-8250-58a3b6654cd7,2021-11-02 04:19:51.188697,2021-11-02 04:20:21.259195,https://says-api-uploaded-audio.s3.amazonaws.com/saysuseraudio1635826790930.m4a,https://says-api-streamable-audio.s3.amazonaws.com/saysuseraudio1635826790930.mp3,1635826791093-99j7p3,Complete,Transcode job 1635826791093-99j7p3 was completed.,10.0,False
31c97dcd-72c2-4713-b92e-e95aeb3dd1c5,2021-08-09 20:51:20.363823,2021-08-09 20:51:50.440007,https://says-api-uploaded-audio.s3.amazonaws.com/saysuseraudio1628542280178.m4a,https://says-api-streamable-audio.s3.amazonaws.com/saysuseraudio1628542280178.mp3,1628542280266-86mh92,Complete,Transcode job 1628542280266-86mh92 was completed.,5.0,False
de1259a8-9690-466d-80fb-ede105b6ee29,2021-08-09 03:01:45.518401,2021-08-09 03:02:15.583452,https://says-api-uploaded-audio.s3.amazonaws.com/saysuseraudio1628478105212.m4a,https://says-api-streamable-audio.s3.amazonaws.com/saysuseraudio1628478105212.mp3,1628478105425-fo3qwr,Complete,Transcode job 1628478105425-fo3qwr was completed.,140.0,False
d22a5e73-e28d-440c-801c-15837e324a7f,2021-08-09 03:13:48.511612,2021-08-09 03:14:18.590525,https://says-api-uploaded-audio.s3.amazonaws.com/saysuseraudio1628478828322.m4a,https://says-api-streamable-audio.s3.amazonaws.com/saysuseraudio1628478828322.mp3,1628478828435-1fhegj,Complete,Transcode job 1628478828435-1fhegj was completed.,141.0,False
490dea2a-2a4d-434d-907b-ad769eadd56f,2021-08-09 03:30:58.805908,2021-08-09 03:31:28.960847,https://says-api-uploaded-audio.s3.amazonaws.com/saysuseraudio1628479858626.m4a,https://says-api-streamable-audio.s3.amazonaws.com/saysuseraudio1628479858626.mp3,1628479858704-30onb3,Complete,Transcode job 1628479858704-30onb3 was completed.,141.0,False
4834ee94-5667-463c-afbf-c86484ab3e2b,2021-08-09 03:34:21.893073,2021-08-09 03:34:51.968025,https://says-api-uploaded-audio.s3.amazonaws.com/saysuseraudio1628480061742.m4a,https://says-api-streamable-audio.s3.amazonaws.com/saysuseraudio1628480061742.mp3,1628480061817-kk4ctc,Complete,Transcode job 1628480061817-kk4ctc was completed.,140.0,False
52c456f5-aed1-4f94-9b64-7cda6f51d6ff,2021-08-10 01:39:49.979804,2021-08-10 01:40:20.056590,https://says-api-uploaded-audio.s3.amazonaws.com/saysuseraudio1628559589754.m4a,https://says-api-streamable-audio.s3.amazonaws.com/saysuseraudio1628559589754.mp3,1628559589889-vi1y7o,Complete,Transcode job 1628559589889-vi1y7o was completed.,6.0,False
3c3923ad-2020-42ff-8c40-b9d49dbb693a,2021-08-09 03:59:57.265005,2021-08-09 04:00:39.617323,https://says-api-uploaded-audio.s3.amazonaws.com/saysuseraudio1628481597082.m4a,https://says-api-streamable-audio.s3.amazonaws.com/saysuseraudio1628481597082.mp3,1628481597160-u3oh8r,Complete,Transcode job 1628481597160-u3oh8r was completed.,140.0,False
60f2f2df-c787-40ff-9efc-aade16dcc54e,2021-08-09 03:51:46.160820,2021-08-09 03:52:16.231332,https://says-api-uploaded-audio.s3.amazonaws.com/saysuseraudio1628481105994.m4a,https://says-api-streamable-audio.s3.amazonaws.com/saysuseraudio1628481105994.mp3,1628481106080-k9uth5,Complete,Transcode job 1628481106080-k9uth5 was completed.,140.0,False
2de29815-c3ba-4bd3-962f-9b6b97d42a46,2021-08-10 21:44:21.652774,2021-08-10 21:44:51.730199,https://says-api-uploaded-audio.s3.amazonaws.com/saysuseraudio1628631861470.m4a,https://says-api-streamable-audio.s3.amazonaws.com/saysuseraudio1628631861470.mp3,1628631861559-klyg5j,Complete,Transcode job 1628631861559-klyg5j was completed.,4.0,False
ef5e20cc-31a6-4198-8e8d-89f30f40ae29,2021-08-10 21:47:08.890968,2021-08-10 21:47:38.954179,https://says-api-uploaded-audio.s3.amazonaws.com/saysuseraudio1628632028698.m4a,https://says-api-streamable-audio.s3.amazonaws.com/saysuseraudio1628632028698.mp3,1628632028789-d9p4ya,Complete,Transcode job 1628632028789-d9p4ya was completed.,4.0,False
bd1218e0-04a5-4464-8506-246e88a1f499,2021-08-10 23:24:10.024618,2021-08-10 23:24:40.096963,https://says-api-uploaded-audio.s3.amazonaws.com/saysuseraudio1628637849806.m4a,https://says-api-streamable-audio.s3.amazonaws.com/saysuseraudio1628637849806.mp3,1628637849929-ehjcst,Complete,Transcode job 1628637849929-ehjcst was completed.,7.0,False
664e0d51-95de-4bb1-9308-4af5dd8c2b74,2021-08-10 23:24:25.281890,2021-08-10 23:24:55.350569,https://says-api-uploaded-audio.s3.amazonaws.com/saysuseraudio1628637865102.m4a,https://says-api-streamable-audio.s3.amazonaws.com/saysuseraudio1628637865102.mp3,1628637865196-jm1kgi,Complete,Transcode job 1628637865196-jm1kgi was completed.,5.0,False
7daba715-cab0-4264-99c8-2a71829a862a,2021-08-09 21:14:33.832000,2021-08-09 21:15:03.941335,https://says-api-uploaded-audio.s3.amazonaws.com/saysuseraudio1628543673442.m4a,https://says-api-streamable-audio.s3.amazonaws.com/saysuseraudio1628543673442.mp3,1628543673745-6s2h44,Complete,Transcode job 1628543673745-6s2h44 was completed.,141.0,False
683d45ee-225d-4f98-8f7f-599246abce55,2021-08-09 21:19:01.099166,2021-08-09 21:19:31.172398,https://says-api-uploaded-audio.s3.amazonaws.com/saysuseraudio1628543940804.m4a,https://says-api-streamable-audio.s3.amazonaws.com/saysuseraudio1628543940804.mp3,1628543941006-dnzo9w,Complete,Transcode job 1628543941006-dnzo9w was completed.,141.0,False
01e48fe5-1d22-4081-8d47-1528dc0d8e1f,2021-08-10 16:35:09.511038,2021-08-10 16:35:39.589643,https://says-api-uploaded-audio.s3.amazonaws.com/saysuseraudio1628613308994.m4a,https://says-api-streamable-audio.s3.amazonaws.com/saysuseraudio1628613308994.mp3,1628613309406-fqjj5w,Complete,Transcode job 1628613309406-fqjj5w was completed.,80.0,True
b269c754-b8b2-4fde-ae7d-c0b4cc7ec205,2021-08-09 21:23:56.598736,2021-08-09 21:24:26.665791,https://says-api-uploaded-audio.s3.amazonaws.com/saysuseraudio1628544236304.m4a,https://says-api-streamable-audio.s3.amazonaws.com/saysuseraudio1628544236304.mp3,1628544236525-czid3t,Complete,Transcode job 1628544236525-czid3t was completed.,141.0,False
b13a620c-05bd-4e3e-bbb6-be53e40e32d0,2021-08-13 17:40:43.020427,2021-08-13 17:41:13.089039,https://says-api-uploaded-audio.s3.amazonaws.com/saysuseraudio1628876442826.m4a,https://says-api-streamable-audio.s3.amazonaws.com/saysuseraudio1628876442826.mp3,1628876442915-jcpksb,Complete,Transcode job 1628876442915-jcpksb was completed.,9.0,True
1281c126-ee26-4e70-83cf-42520ab98f01,2021-08-10 16:41:31.838511,2021-08-10 16:42:01.919846,https://says-api-uploaded-audio.s3.amazonaws.com/saysuseraudio1628613691440.m4a,https://says-api-streamable-audio.s3.amazonaws.com/saysuseraudio1628613691440.mp3,1628613691615-z5oonq,Complete,Transcode job 1628613691615-z5oonq was completed.,94.0,True
59f37854-3e09-46bd-978b-600b976a6943,2021-07-24 20:24:09.825663,2021-07-24 20:24:39.852528,https://says-api-uploaded-audio.s3.amazonaws.com/saysuseraudio1627158249186.m4a,https://says-api-streamable-audio.s3.amazonaws.com/saysuseraudio1627158249186.mp3,1627158249694-stjlcj,Complete,Transcode job 1627158249694-stjlcj was completed.,636.0,False
2ffb4396-101b-4ce8-9fa6-307f2625b5f2,2021-08-14 23:54:59.705431,2021-08-14 23:55:29.789510,https://says-api-uploaded-audio.s3.amazonaws.com/saysuseraudio1628985299401.m4a,https://says-api-streamable-audio.s3.amazonaws.com/saysuseraudio1628985299401.mp3,1628985299587-nkka35,Complete,Transcode job 1628985299587-nkka35 was completed.,32.0,False
60d02bd4-6441-42b0-809e-7f6d56ffcd86,2021-08-09 22:36:50.887175,2021-08-09 22:37:20.952229,https://says-api-uploaded-audio.s3.amazonaws.com/saysuseraudio1628548610638.m4a,https://says-api-streamable-audio.s3.amazonaws.com/saysuseraudio1628548610638.mp3,1628548610760-hkuhw3,Complete,Transcode job 1628548610760-hkuhw3 was completed.,140.0,False
1618bb3e-7145-43c0-b5f2-59182491bb79,2021-08-15 00:04:50.562902,2021-08-15 00:05:20.634952,https://says-api-uploaded-audio.s3.amazonaws.com/saysuseraudio1628985890336.m4a,https://says-api-streamable-audio.s3.amazonaws.com/saysuseraudio1628985890336.mp3,1628985890485-zwbdtz,Complete,Transcode job 1628985890485-zwbdtz was completed.,34.0,False
b4c9382f-d2bd-4bf9-aaa3-4f3f706faba9,2021-08-20 20:58:32.019279,2021-08-20 20:59:02.100632,https://says-api-uploaded-audio.s3.amazonaws.com/saysuseraudio1629493111820.m4a,https://says-api-streamable-audio.s3.amazonaws.com/saysuseraudio1629493111820.mp3,1629493111936-88n664,Complete,Transcode job 1629493111936-88n664 was completed.,6.0,False
30aa42b2-5f73-4458-b768-2554f2c0f94f,2021-08-20 21:57:58.181114,2021-08-20 21:58:28.242519,https://says-api-uploaded-audio.s3.amazonaws.com/saysuseraudio1629496677934.m4a,https://says-api-streamable-audio.s3.amazonaws.com/saysuseraudio1629496677934.mp3,1629496678077-3iklej,Complete,Transcode job 1629496678077-3iklej was completed.,7.0,False
90053271-1949-41ee-b534-d8304b76f927,2021-08-12 04:20:49.588200,2021-08-12 04:21:19.657424,https://says-api-uploaded-audio.s3.amazonaws.com/saysuseraudio1628742049314.m4a,https://says-api-streamable-audio.s3.amazonaws.com/saysuseraudio1628742049314.mp3,1628742049469-xn1pgj,Complete,Transcode job 1628742049469-xn1pgj was completed.,140.0,False
466dd350-222c-4d7a-9e34-db85e0a56fff,2021-08-20 23:13:38.753859,2021-08-20 23:14:08.816172,https://says-api-uploaded-audio.s3.amazonaws.com/saysuseraudio1629501218492.m4a,https://says-api-streamable-audio.s3.amazonaws.com/saysuseraudio1629501218492.mp3,1629501218663-f4bhko,Complete,Transcode job 1629501218663-f4bhko was completed.,35.0,False
2149fbff-f73a-4a01-91a0-f134495e9ee5,2021-08-20 23:22:06.889792,2021-08-20 23:22:36.957991,https://says-api-uploaded-audio.s3.amazonaws.com/saysuseraudio1629501726706.m4a,https://says-api-streamable-audio.s3.amazonaws.com/saysuseraudio1629501726706.mp3,1629501726802-m9hc89,Complete,Transcode job 1629501726802-m9hc89 was completed.,7.0,False
00d09cd1-9da9-4309-9265-6a478328f914,2021-08-12 16:27:10.898664,2021-08-12 16:27:40.983515,https://says-api-uploaded-audio.s3.amazonaws.com/saysuseraudio1628785630428.m4a,https://says-api-streamable-audio.s3.amazonaws.com/saysuseraudio1628785630428.mp3,1628785630816-0uh1z4,Complete,Transcode job 1628785630816-0uh1z4 was completed.,135.0,True
6ad72c31-51be-4f6e-bcf4-8e39b0f80991,2021-08-12 04:27:19.495608,2021-08-12 04:27:49.580490,https://says-api-uploaded-audio.s3.amazonaws.com/saysuseraudio1628742439164.m4a,https://says-api-streamable-audio.s3.amazonaws.com/saysuseraudio1628742439164.mp3,1628742439400-nvr3bn,Complete,Transcode job 1628742439400-nvr3bn was completed.,140.0,False
164416d7-5662-43df-91b6-0b2afd6999c3,2021-08-21 00:34:47.869123,2021-08-21 00:35:17.955175,https://says-api-uploaded-audio.s3.amazonaws.com/saysuseraudio1629506087659.m4a,https://says-api-streamable-audio.s3.amazonaws.com/saysuseraudio1629506087659.mp3,1629506087790-bilete,Complete,Transcode job 1629506087790-bilete was completed.,15.0,True
0029513c-e141-42c4-9a17-6bec518cacca,2021-08-13 17:17:47.929375,2021-08-13 17:18:18.011292,https://says-api-uploaded-audio.s3.amazonaws.com/saysuseraudio1628875067584.m4a,https://says-api-streamable-audio.s3.amazonaws.com/saysuseraudio1628875067584.mp3,1628875067816-1xxeow,Complete,Transcode job 1628875067816-1xxeow was completed.,141.0,False
178b95c9-cf7a-4422-869f-c24fd285ccbe,2021-08-21 23:50:42.897139,2021-08-21 23:51:12.956540,https://says-api-uploaded-audio.s3.amazonaws.com/saysuseraudio1629589842702.m4a,https://says-api-streamable-audio.s3.amazonaws.com/saysuseraudio1629589842702.mp3,1629589842805-m0bvek,Complete,Transcode job 1629589842805-m0bvek was completed.,4.0,False
c35ee5e1-8b35-4448-9bf0-1cd9844c740f,2022-01-25 23:29:49.905848,2022-01-25 23:30:19.978185,https://says-api-uploaded-audio.s3.amazonaws.com/saysuseraudio1643153389588.m4a,https://says-api-streamable-audio.s3.amazonaws.com/saysuseraudio1643153389588.mp3,1643153389821-h317qk,Complete,Transcode job 1643153389821-h317qk was completed.,71.0,True
832b644d-2453-4af0-8ec4-1a1988df6620,2021-08-15 02:35:45.528806,2021-08-15 02:36:15.616560,https://says-api-uploaded-audio.s3.amazonaws.com/saysuseraudio1628994945200.m4a,https://says-api-streamable-audio.s3.amazonaws.com/saysuseraudio1628994945200.mp3,1628994945417-4jk6kx,Complete,Transcode job 1628994945417-4jk6kx was completed.,138.0,True
230a2345-97e3-4656-a997-b77ad27e3954,2021-08-24 18:06:16.188067,2021-08-24 18:06:46.254874,https://says-api-uploaded-audio.s3.amazonaws.com/saysuseraudio1629828375911.m4a,https://says-api-streamable-audio.s3.amazonaws.com/saysuseraudio1629828375911.mp3,1629828376044-htqhob,Complete,Transcode job 1629828376044-htqhob was completed.,7.0,False
9c33cbf8-5903-4d52-bbd3-46844fe95455,2021-08-24 18:17:46.806267,2021-08-24 18:18:16.867554,https://says-api-uploaded-audio.s3.amazonaws.com/saysuseraudio1629829066557.m4a,https://says-api-streamable-audio.s3.amazonaws.com/saysuseraudio1629829066557.mp3,1629829066687-ujuq6l,Complete,Transcode job 1629829066687-ujuq6l was completed.,11.0,False
0e8053a8-6ca0-4e2f-b0fd-c25a8ccf9e2e,2021-08-18 05:17:07.250121,2021-08-18 05:17:37.339384,https://says-api-uploaded-audio.s3.amazonaws.com/saysuseraudio1629263826842.m4a,https://says-api-streamable-audio.s3.amazonaws.com/saysuseraudio1629263826842.mp3,1629263827148-ulw0h0,Complete,Transcode job 1629263827148-ulw0h0 was completed.,141.0,False
9c14a8ca-54d2-4e5b-a47e-dd69b16f9c0f,2021-08-24 18:17:16.477409,2021-08-24 18:17:46.538505,https://says-api-uploaded-audio.s3.amazonaws.com/saysuseraudio1629829036261.m4a,https://says-api-streamable-audio.s3.amazonaws.com/saysuseraudio1629829036261.mp3,1629829036401-fn7ll2,Complete,Transcode job 1629829036401-fn7ll2 was completed.,19.0,False
3f1ff9e5-6cdb-425e-b391-89bce62d7036,2021-08-19 02:39:57.511506,2021-08-19 02:40:27.586485,https://says-api-uploaded-audio.s3.amazonaws.com/saysuseraudio1629340797098.m4a,https://says-api-streamable-audio.s3.amazonaws.com/saysuseraudio1629340797098.mp3,1629340797417-mo7j6v,Complete,Transcode job 1629340797417-mo7j6v was completed.,141.0,True
69706014-f8be-4e8c-a2a8-192a54a2fc01,2021-08-24 20:58:53.010209,2021-08-24 20:59:23.088046,https://says-api-uploaded-audio.s3.amazonaws.com/saysuseraudio1629838732687.m4a,https://says-api-streamable-audio.s3.amazonaws.com/saysuseraudio1629838732687.mp3,1629838732847-tkyeeu,Complete,Transcode job 1629838732847-tkyeeu was completed.,8.0,False
548cc8df-9746-40ab-bfcf-7f962db6a356,2021-08-24 20:59:26.056282,2021-08-24 20:59:56.204878,https://says-api-uploaded-audio.s3.amazonaws.com/saysuseraudio1629838765806.m4a,https://says-api-streamable-audio.s3.amazonaws.com/saysuseraudio1629838765806.mp3,1629838765950-0f45vr,Complete,Transcode job 1629838765950-0f45vr was completed.,8.0,False
fce17a03-7536-4e86-8686-a0040c0cfe04,2021-08-24 18:27:38.284788,2021-08-24 18:28:08.407872,https://says-api-uploaded-audio.s3.amazonaws.com/saysuseraudio1629829658072.m4a,https://says-api-streamable-audio.s3.amazonaws.com/saysuseraudio1629829658072.mp3,1629829658201-aucvcw,Complete,Transcode job 1629829658201-aucvcw was completed.,16.0,True
15917750-e2cf-488d-bd0b-f992e8e3550c,2021-08-24 21:21:59.716621,2021-08-24 21:22:29.792846,https://says-api-uploaded-audio.s3.amazonaws.com/saysuseraudio1629840119495.m4a,https://says-api-streamable-audio.s3.amazonaws.com/saysuseraudio1629840119495.mp3,1629840119622-kn8ct2,Complete,Transcode job 1629840119622-kn8ct2 was completed.,7.0,False
e3312b77-e455-4c02-a4b0-9579dc5a9fda,2021-08-24 21:31:43.747317,2021-08-24 21:32:13.815499,https://says-api-uploaded-audio.s3.amazonaws.com/saysuseraudio1629840703488.m4a,https://says-api-streamable-audio.s3.amazonaws.com/saysuseraudio1629840703488.mp3,1629840703630-hx08hm,Complete,Transcode job 1629840703630-hx08hm was completed.,7.0,False
267daed7-9b9a-420a-a965-2c58a8bbcebe,2021-08-24 21:37:45.683406,2021-08-24 21:38:15.738885,https://says-api-uploaded-audio.s3.amazonaws.com/saysuseraudio1629841065437.m4a,https://says-api-streamable-audio.s3.amazonaws.com/saysuseraudio1629841065437.mp3,1629841065585-zx5ndu,Complete,Transcode job 1629841065585-zx5ndu was completed.,9.0,False
bcb9fd83-5487-4228-aaac-db7ddd89450c,2021-08-24 21:41:55.566387,2021-08-24 21:42:25.646577,https://says-api-uploaded-audio.s3.amazonaws.com/saysuseraudio1629841315364.m4a,https://says-api-streamable-audio.s3.amazonaws.com/saysuseraudio1629841315364.mp3,1629841315484-pqavh1,Complete,Transcode job 1629841315484-pqavh1 was completed.,10.0,False
2d8dde5f-4d90-4951-aa99-96fcb454befd,2021-08-26 03:56:44.839942,2021-08-26 03:57:14.941941,https://says-api-uploaded-audio.s3.amazonaws.com/saysuseraudio1629950204612.m4a,https://says-api-streamable-audio.s3.amazonaws.com/saysuseraudio1629950204612.mp3,1629950204754-eaa1oc,Complete,Transcode job 1629950204754-eaa1oc was completed.,6.0,False
783e2207-cd54-43ca-a8c8-53276e2f9584,2021-08-26 01:59:43.589428,2021-08-26 02:00:24.280399,https://says-api-uploaded-audio.s3.amazonaws.com/saysuseraudio1629943183299.m4a,https://says-api-streamable-audio.s3.amazonaws.com/saysuseraudio1629943183299.mp3,1629943183458-yfgte4,Complete,Transcode job 1629943183458-yfgte4 was completed.,17.0,False
4f24be18-a7be-4985-8ece-e25d4565e079,2021-08-26 03:51:45.012834,2021-08-26 03:52:15.081471,https://says-api-uploaded-audio.s3.amazonaws.com/saysuseraudio1629949904737.m4a,https://says-api-streamable-audio.s3.amazonaws.com/saysuseraudio1629949904737.mp3,1629949904931-cdslrq,Complete,Transcode job 1629949904931-cdslrq was completed.,14.0,False
e2d2a36d-c017-4d62-89ea-01fdfa4b9a14,2021-08-26 03:57:06.961077,2021-08-26 03:57:37.044219,https://says-api-uploaded-audio.s3.amazonaws.com/saysuseraudio1629950226751.m4a,https://says-api-streamable-audio.s3.amazonaws.com/saysuseraudio1629950226751.mp3,1629950226870-we45p6,Complete,Transcode job 1629950226870-we45p6 was completed.,17.0,False
249031ce-1609-404a-a18f-d5110def4282,2021-08-26 15:37:56.708464,2021-08-26 15:38:26.779792,https://says-api-uploaded-audio.s3.amazonaws.com/saysuseraudio1629992276478.m4a,https://says-api-streamable-audio.s3.amazonaws.com/saysuseraudio1629992276478.mp3,1629992276625-mecgo6,Complete,Transcode job 1629992276625-mecgo6 was completed.,12.0,False
bac69faa-5c78-4a90-a326-cbab9797fc9c,2021-08-26 15:49:40.196582,2021-08-26 15:50:10.267348,https://says-api-uploaded-audio.s3.amazonaws.com/saysuseraudio1629992979960.m4a,https://says-api-streamable-audio.s3.amazonaws.com/saysuseraudio1629992979960.mp3,1629992980107-qnn1zj,Complete,Transcode job 1629992980107-qnn1zj was completed.,14.0,False
881dbab8-7d68-4c24-9002-42688e0c98d2,2021-11-02 04:21:24.747248,2021-11-02 04:21:54.809922,https://says-api-uploaded-audio.s3.amazonaws.com/saysuseraudio1635826884541.m4a,https://says-api-streamable-audio.s3.amazonaws.com/saysuseraudio1635826884541.mp3,1635826884652-creqz6,Complete,Transcode job 1635826884652-creqz6 was completed.,5.0,False
3e435bc0-020f-48e6-b557-b5ff2189ffa7,2021-08-21 04:57:43.613275,2021-08-21 04:58:13.697319,https://says-api-uploaded-audio.s3.amazonaws.com/saysuseraudio1629521863320.m4a,https://says-api-streamable-audio.s3.amazonaws.com/saysuseraudio1629521863320.mp3,1629521863528-z1ukq2,Complete,Transcode job 1629521863528-z1ukq2 was completed.,140.0,True
b20ec3d2-580a-4965-9abf-12aa6a3a9c3b,2021-08-21 06:24:40.379192,2021-08-21 06:25:10.458831,https://says-api-uploaded-audio.s3.amazonaws.com/saysuseraudio1629527080094.m4a,https://says-api-streamable-audio.s3.amazonaws.com/saysuseraudio1629527080094.mp3,1629527080293-hoayo6,Complete,Transcode job 1629527080293-hoayo6 was completed.,140.0,False
62272723-0946-4bb3-9a2f-61477c6432d2,2021-08-26 18:15:12.901292,2021-08-26 18:15:42.982852,https://says-api-uploaded-audio.s3.amazonaws.com/saysuseraudio1630001712712.m4a,https://says-api-streamable-audio.s3.amazonaws.com/saysuseraudio1630001712712.mp3,1630001712799-4mshl7,Complete,Transcode job 1630001712799-4mshl7 was completed.,12.0,False
cdda2568-bfb8-4e7d-829f-9603d3fd00ee,2021-08-21 06:32:59.434103,2021-08-21 06:33:29.514876,https://says-api-uploaded-audio.s3.amazonaws.com/saysuseraudio1629527579139.m4a,https://says-api-streamable-audio.s3.amazonaws.com/saysuseraudio1629527579139.mp3,1629527579349-gj3msj,Complete,Transcode job 1629527579349-gj3msj was completed.,140.0,False
1d978f4e-06d4-4b2b-aab9-22745aaefdfa,2021-08-27 19:22:02.573610,2021-08-27 19:22:32.647105,https://says-api-uploaded-audio.s3.amazonaws.com/saysuseraudio1630092122230.m4a,https://says-api-streamable-audio.s3.amazonaws.com/saysuseraudio1630092122230.mp3,1630092122420-2cnafx,Complete,Transcode job 1630092122420-2cnafx was completed.,3.0,False
e96b2a2c-b5f2-44bb-b10a-46f8fa9dc7e5,2021-08-26 16:11:49.141294,2021-08-26 16:12:19.225912,https://says-api-uploaded-audio.s3.amazonaws.com/saysuseraudio1629994308307.m4a,https://says-api-streamable-audio.s3.amazonaws.com/saysuseraudio1629994308307.mp3,1629994309051-c4cm7a,Complete,Transcode job 1629994309051-c4cm7a was completed.,41.0,False
3e664480-296c-408a-9938-fe0a7d6d9184,2021-08-26 16:19:32.240477,2021-08-26 16:20:02.408475,https://says-api-uploaded-audio.s3.amazonaws.com/saysuseraudio1629994771963.m4a,https://says-api-streamable-audio.s3.amazonaws.com/saysuseraudio1629994771963.mp3,1629994772135-v55ja4,Complete,Transcode job 1629994772135-v55ja4 was completed.,38.0,False
c650ee18-cb24-44d5-9ebe-92d5f6024c19,2021-08-28 03:46:40.384384,2021-08-28 03:47:10.482327,https://says-api-uploaded-audio.s3.amazonaws.com/saysuseraudio1630122400134.m4a,https://says-api-streamable-audio.s3.amazonaws.com/saysuseraudio1630122400134.mp3,1630122400292-v3si55,Complete,Transcode job 1630122400292-v3si55 was completed.,5.0,True
e0ed3d89-6a14-4e60-88dc-4bb9e9954c2d,2021-08-30 00:53:19.293957,2021-08-30 00:53:49.371264,https://says-api-uploaded-audio.s3.amazonaws.com/saysuseraudio1630284799086.m4a,https://says-api-streamable-audio.s3.amazonaws.com/saysuseraudio1630284799086.mp3,1630284799193-61nf2a,Complete,Transcode job 1630284799193-61nf2a was completed.,6.0,False
bc666cff-462d-4993-bdd2-d7e2275f71fc,2021-08-26 16:50:35.819343,2021-08-26 16:51:05.914252,https://says-api-uploaded-audio.s3.amazonaws.com/saysuseraudio1629996635618.m4a,https://says-api-streamable-audio.s3.amazonaws.com/saysuseraudio1629996635618.mp3,1629996635739-mjhw9z,Complete,Transcode job 1629996635739-mjhw9z was completed.,41.0,False
40ee1598-2a76-4b69-b7a2-0bbeb991b3ad,2021-08-31 01:37:52.476009,2021-08-31 01:38:22.546959,https://says-api-uploaded-audio.s3.amazonaws.com/saysuseraudio1630373872286.m4a,https://says-api-streamable-audio.s3.amazonaws.com/saysuseraudio1630373872286.mp3,1630373872386-4w3qdc,Complete,Transcode job 1630373872386-4w3qdc was completed.,6.0,False
5468f0bf-b422-4f0e-908b-6032cc9862e2,2021-08-26 17:29:18.824773,2021-08-26 17:29:48.900176,https://says-api-uploaded-audio.s3.amazonaws.com/saysuseraudio1629998958590.m4a,https://says-api-streamable-audio.s3.amazonaws.com/saysuseraudio1629998958590.mp3,1629998958740-e4om32,Complete,Transcode job 1629998958740-e4om32 was completed.,25.0,False
b7f5acf9-876d-42e5-933a-c6f9dfebbef2,2021-08-24 18:03:00.874572,2021-08-24 18:03:30.959782,https://says-api-uploaded-audio.s3.amazonaws.com/saysuseraudio1629828180439.m4a,https://says-api-streamable-audio.s3.amazonaws.com/saysuseraudio1629828180439.mp3,1629828180776-3zv8yb,Complete,Transcode job 1629828180776-3zv8yb was completed.,140.0,False
83259ace-26bb-43ac-8f27-716214b198c4,2021-09-03 18:00:49.799699,2021-09-03 18:01:02.245328,https://says-api-uploaded-audio.s3.amazonaws.com/saysuseraudio1630692049626.m4a,https://says-api-streamable-audio.s3.amazonaws.com/saysuseraudio1630692049626.mp3,1630692049720-uesk60,Complete,Transcode job 1630692049720-uesk60 was completed.,6.0,True
d775a6d2-928c-4d19-aeaa-5f5b1970a6cc,2021-08-31 02:57:12.027772,2021-08-31 02:57:42.111829,https://says-api-uploaded-audio.s3.amazonaws.com/saysuseraudio1630378631777.m4a,https://says-api-streamable-audio.s3.amazonaws.com/saysuseraudio1630378631777.mp3,1630378631943-7v78rl,Complete,Transcode job 1630378631943-7v78rl was completed.,22.0,False
8d9043e4-9207-4854-acf2-5880f8fa56d6,2021-08-31 14:14:35.126244,2021-08-31 14:15:05.241435,https://says-api-uploaded-audio.s3.amazonaws.com/saysuseraudio1630419274862.m4a,https://says-api-streamable-audio.s3.amazonaws.com/saysuseraudio1630419274862.mp3,1630419275032-rfa7d9,Complete,Transcode job 1630419275032-rfa7d9 was completed.,25.0,True
52d3457f-f1d6-4a30-8531-3ea09ee47e71,2021-09-04 00:10:39.919098,2021-09-04 00:11:10.030280,https://says-api-uploaded-audio.s3.amazonaws.com/saysuseraudio1630714239678.m4a,https://says-api-streamable-audio.s3.amazonaws.com/saysuseraudio1630714239678.mp3,1630714239847-y5imin,Complete,Transcode job 1630714239847-y5imin was completed.,22.0,False
bfd964d8-bba8-4c71-b5d5-ddeedcec374c,2021-09-01 06:04:43.441333,2021-09-01 06:05:13.574216,https://says-api-uploaded-audio.s3.amazonaws.com/saysuseraudio1630476283126.m4a,https://says-api-streamable-audio.s3.amazonaws.com/saysuseraudio1630476283126.mp3,1630476283290-c7r5uq,Complete,Transcode job 1630476283290-c7r5uq was completed.,38.0,False
b1322b00-f2ee-4423-bf68-270f0a980066,2021-08-24 18:22:23.025658,2021-08-24 18:22:53.094075,https://says-api-uploaded-audio.s3.amazonaws.com/saysuseraudio1629829342576.m4a,https://says-api-streamable-audio.s3.amazonaws.com/saysuseraudio1629829342576.mp3,1629829342942-jufpe9,Complete,Transcode job 1629829342942-jufpe9 was completed.,140.0,False
6d9073a3-4bdf-49ae-aca6-d7277f8c9a03,2021-09-03 00:40:20.833037,2021-09-03 00:40:50.920876,https://says-api-uploaded-audio.s3.amazonaws.com/saysuseraudio1630629620562.m4a,https://says-api-streamable-audio.s3.amazonaws.com/saysuseraudio1630629620562.mp3,1630629620703-qis0ld,Complete,Transcode job 1630629620703-qis0ld was completed.,42.0,False
37e2d3cb-cf05-4f73-80a9-dc9279661c4b,2021-09-04 13:30:31.463121,2021-09-04 13:31:01.548372,https://says-api-uploaded-audio.s3.amazonaws.com/saysuseraudio1630762231152.m4a,https://says-api-streamable-audio.s3.amazonaws.com/saysuseraudio1630762231152.mp3,1630762231378-wybdxb,Complete,Transcode job 1630762231378-wybdxb was completed.,29.0,False
980ba249-de1c-4fd8-8c83-2085947e7a27,2021-09-04 21:41:25.871253,2021-09-04 21:41:55.961796,https://says-api-uploaded-audio.s3.amazonaws.com/saysuseraudio1630791685711.m4a,https://says-api-streamable-audio.s3.amazonaws.com/saysuseraudio1630791685711.mp3,1630791685788-7mfy9d,Complete,Transcode job 1630791685788-7mfy9d was completed.,12.0,True
03841607-48fc-402e-989d-175d4c17fb0b,2021-08-31 02:59:39.152584,2021-08-31 03:00:09.235933,https://says-api-uploaded-audio.s3.amazonaws.com/saysuseraudio1630378778795.m4a,https://says-api-streamable-audio.s3.amazonaws.com/saysuseraudio1630378778795.mp3,1630378779064-y6tuy2,Complete,Transcode job 1630378779064-y6tuy2 was completed.,60.0,False
b216dffd-cd8e-4347-8fbe-2b8a625b90c8,2021-09-04 20:51:12.978326,2021-09-04 20:51:43.065473,https://says-api-uploaded-audio.s3.amazonaws.com/saysuseraudio1630788672730.m4a,https://says-api-streamable-audio.s3.amazonaws.com/saysuseraudio1630788672730.mp3,1630788672884-13z5my,Complete,Transcode job 1630788672884-13z5my was completed.,28.0,True
33248b74-1546-478f-af0f-a28fbb36f504,2021-09-09 16:48:09.552776,2021-09-09 16:48:39.706683,https://says-api-uploaded-audio.s3.amazonaws.com/saysuseraudio1631206089291.m4a,https://says-api-streamable-audio.s3.amazonaws.com/saysuseraudio1631206089291.mp3,1631206089455-w64big,Complete,Transcode job 1631206089455-w64big was completed.,21.0,True
0f192aa2-7725-4ecf-a738-1a5ba9288f21,2021-09-11 05:36:23.581117,2021-09-11 05:36:53.668568,https://says-api-uploaded-audio.s3.amazonaws.com/saysuseraudio1631338583357.m4a,https://says-api-streamable-audio.s3.amazonaws.com/saysuseraudio1631338583357.mp3,1631338583483-gg0wc6,Complete,Transcode job 1631338583483-gg0wc6 was completed.,26.0,True
e74c944b-f78b-4d60-8dce-dfa028ee140a,2021-09-12 03:35:41.470501,2021-09-12 03:36:11.551860,https://says-api-uploaded-audio.s3.amazonaws.com/saysuseraudio1631417741248.m4a,https://says-api-streamable-audio.s3.amazonaws.com/saysuseraudio1631417741248.mp3,1631417741376-spfgen,Complete,Transcode job 1631417741376-spfgen was completed.,20.0,True
b0cea15a-b445-44bd-b25f-8336ac24ce99,2021-09-10 20:52:12.530604,2021-09-10 20:52:42.597580,https://says-api-uploaded-audio.s3.amazonaws.com/saysuseraudio1631307132241.m4a,https://says-api-streamable-audio.s3.amazonaws.com/saysuseraudio1631307132241.mp3,1631307132449-bga9vs,Complete,Transcode job 1631307132449-bga9vs was completed.,33.0,False
7b35fa47-2380-4ecb-9f48-12911e5894ee,2021-09-01 18:27:54.778877,2021-09-01 18:28:24.898614,https://says-api-uploaded-audio.s3.amazonaws.com/saysuseraudio1630520874486.m4a,https://says-api-streamable-audio.s3.amazonaws.com/saysuseraudio1630520874486.mp3,1630520874690-i6bli3,Complete,Transcode job 1630520874690-i6bli3 was completed.,78.0,False
b1c8b418-6345-4d51-835b-788a59136f8f,2021-09-04 20:44:35.411268,2021-09-04 20:45:05.498685,https://says-api-uploaded-audio.s3.amazonaws.com/saysuseraudio1630788275091.m4a,https://says-api-streamable-audio.s3.amazonaws.com/saysuseraudio1630788275091.mp3,1630788275315-wc0xyd,Complete,Transcode job 1630788275315-wc0xyd was completed.,58.0,True
a37a90dd-f279-4be4-ba7a-63fc4c3693a8,2021-09-12 08:58:44.690970,2021-09-12 08:59:14.776596,https://says-api-uploaded-audio.s3.amazonaws.com/saysuseraudio1631437124419.m4a,https://says-api-streamable-audio.s3.amazonaws.com/saysuseraudio1631437124419.mp3,1631437124591-hdocpx,Complete,Transcode job 1631437124591-hdocpx was completed.,14.0,True
d117ad19-2bf2-4cd6-a267-5403cfdf7f39,2021-09-12 06:54:24.415484,2021-09-12 06:55:54.509167,https://says-api-uploaded-audio.s3.amazonaws.com/saysuseraudio1631429664238.m4a,https://says-api-streamable-audio.s3.amazonaws.com/saysuseraudio1631429664238.mp3,1631429664345-2hhm5j,Complete,Transcode job 1631429664345-2hhm5j was completed.,20.0,False
316031d9-153f-41bf-84f2-abb9132137f6,2021-09-14 12:01:18.044572,2021-09-14 12:01:42.815175,https://says-api-uploaded-audio.s3.amazonaws.com/saysuseraudio1631620877785.m4a,https://says-api-streamable-audio.s3.amazonaws.com/saysuseraudio1631620877785.mp3,1631620877958-41tlff,Complete,Transcode job 1631620877958-41tlff was completed.,3.0,False
a0fafa9a-d3f1-4eef-855d-9f303e1145af,2021-09-12 04:07:26.223577,2021-09-12 04:07:56.302454,https://says-api-uploaded-audio.s3.amazonaws.com/saysuseraudio1631419646008.m4a,https://says-api-streamable-audio.s3.amazonaws.com/saysuseraudio1631419646008.mp3,1631419646137-advk15,Complete,Transcode job 1631419646137-advk15 was completed.,39.0,False
0a615acd-d62b-4134-8bb7-c4e36a191cf4,2021-09-15 14:25:14.149567,2021-09-15 14:25:44.234302,https://says-api-uploaded-audio.s3.amazonaws.com/saysuseraudio1631715913922.m4a,https://says-api-streamable-audio.s3.amazonaws.com/saysuseraudio1631715913922.mp3,1631715914030-8oysiy,Complete,Transcode job 1631715914030-8oysiy was completed.,12.0,False
c6f99065-eec1-4e6b-80da-445b0d8e5398,2021-09-15 14:48:47.029493,2021-09-15 14:49:17.172575,https://says-api-uploaded-audio.s3.amazonaws.com/saysuseraudio1631717326807.m4a,https://says-api-streamable-audio.s3.amazonaws.com/saysuseraudio1631717326807.mp3,1631717326943-itdyj8,Complete,Transcode job 1631717326943-itdyj8 was completed.,11.0,True
bb558af6-c7a2-4d93-b3b3-cb41f7a7847d,2021-09-16 07:22:23.714304,2021-09-16 07:22:53.810474,https://says-api-uploaded-audio.s3.amazonaws.com/saysuseraudio1631776943528.m4a,https://says-api-streamable-audio.s3.amazonaws.com/saysuseraudio1631776943528.mp3,1631776943629-3d3lkj,Complete,Transcode job 1631776943629-3d3lkj was completed.,16.0,True
47ced384-35f5-43a7-b915-7297bd4a5f82,2021-09-16 07:24:39.330630,2021-09-16 07:25:09.418735,https://says-api-uploaded-audio.s3.amazonaws.com/saysuseraudio1631777079090.m4a,https://says-api-streamable-audio.s3.amazonaws.com/saysuseraudio1631777079090.mp3,1631777079242-f5xxpa,Complete,Transcode job 1631777079242-f5xxpa was completed.,17.0,True
2d29322a-c57b-4acd-8134-efb0fc22ac3b,2021-09-16 08:29:15.945370,2021-09-16 08:29:46.036692,https://says-api-uploaded-audio.s3.amazonaws.com/saysuseraudio1631780955605.m4a,https://says-api-streamable-audio.s3.amazonaws.com/saysuseraudio1631780955605.mp3,1631780955817-rbz4ku,Complete,Transcode job 1631780955817-rbz4ku was completed.,12.0,True
7ff7686c-8119-4aca-b6cb-6e3ca6919c99,2021-09-12 20:48:12.386600,2021-09-12 20:48:42.454033,https://says-api-uploaded-audio.s3.amazonaws.com/saysuseraudio1631479692062.m4a,https://says-api-streamable-audio.s3.amazonaws.com/saysuseraudio1631479692062.mp3,1631479692278-vyds6k,Complete,Transcode job 1631479692278-vyds6k was completed.,45.0,True
5e6c34ec-12ba-44c6-9dd8-741c21161f75,2021-09-16 08:31:56.825996,2021-09-16 08:32:26.907147,https://says-api-uploaded-audio.s3.amazonaws.com/saysuseraudio1631781116577.m4a,https://says-api-streamable-audio.s3.amazonaws.com/saysuseraudio1631781116577.mp3,1631781116731-bw3bxe,Complete,Transcode job 1631781116731-bw3bxe was completed.,6.0,True
0220efd7-c14a-4572-a280-dfb4f07dd2df,2021-09-16 08:30:56.787424,2021-09-16 08:31:26.857317,https://says-api-uploaded-audio.s3.amazonaws.com/saysuseraudio1631781056542.m4a,https://says-api-streamable-audio.s3.amazonaws.com/saysuseraudio1631781056542.mp3,1631781056704-4eaytb,Complete,Transcode job 1631781056704-4eaytb was completed.,16.0,False
2a43571b-718f-4afb-ab2a-9c0e9c58ea0c,2021-09-16 08:34:42.675450,2021-09-16 08:35:12.753382,https://says-api-uploaded-audio.s3.amazonaws.com/saysuseraudio1631781282521.m4a,https://says-api-streamable-audio.s3.amazonaws.com/saysuseraudio1631781282521.mp3,1631781282588-46taiu,Complete,Transcode job 1631781282588-46taiu was completed.,6.0,True
0d7997cb-a181-483f-8e40-8ea3adcc3174,2021-09-17 12:56:53.817302,2021-09-17 12:57:23.888801,https://says-api-uploaded-audio.s3.amazonaws.com/saysuseraudio1631883413584.m4a,https://says-api-streamable-audio.s3.amazonaws.com/saysuseraudio1631883413584.mp3,1631883413725-aoiy7v,Complete,Transcode job 1631883413725-aoiy7v was completed.,9.0,False
a855e788-e4f0-4c61-b7c4-6056827a3bdf,2021-09-11 04:21:08.178257,2021-09-11 04:21:38.251476,https://says-api-uploaded-audio.s3.amazonaws.com/saysuseraudio1631334067754.m4a,https://says-api-streamable-audio.s3.amazonaws.com/saysuseraudio1631334067754.mp3,1631334068053-uj7k75,Complete,Transcode job 1631334068053-uj7k75 was completed.,108.0,False
a9e328a6-f006-468a-80eb-d4dc78a14a6c,2021-09-12 06:57:10.786272,2021-09-12 06:57:40.877683,https://says-api-uploaded-audio.s3.amazonaws.com/saysuseraudio1631429830518.m4a,https://says-api-streamable-audio.s3.amazonaws.com/saysuseraudio1631429830518.mp3,1631429830642-6f675f,Complete,Transcode job 1631429830642-6f675f was completed.,116.0,True
3282eb81-077a-41f3-be99-f9c571684476,2021-09-12 05:19:58.601498,2021-09-12 05:20:28.682560,https://says-api-uploaded-audio.s3.amazonaws.com/saysuseraudio1631423998274.m4a,https://says-api-streamable-audio.s3.amazonaws.com/saysuseraudio1631423998274.mp3,1631423998481-nyg2m6,Complete,Transcode job 1631423998481-nyg2m6 was completed.,122.0,False
deba1e92-860e-486a-930a-e73a9698e084,2021-11-14 03:12:54.433286,2021-11-14 03:13:24.548661,https://says-api-uploaded-audio.s3.amazonaws.com/saysuseraudio1636859574118.m4a,https://says-api-streamable-audio.s3.amazonaws.com/saysuseraudio1636859574118.mp3,1636859574353-2fqvsf,Complete,Transcode job 1636859574353-2fqvsf was completed.,140.0,False
56746264-f701-4dc6-b271-fd4126846974,2021-09-20 21:31:43.492782,2021-09-20 21:32:13.571907,https://says-api-uploaded-audio.s3.amazonaws.com/saysuseraudio1632173503311.m4a,https://says-api-streamable-audio.s3.amazonaws.com/saysuseraudio1632173503311.mp3,1632173503397-lnnjjy,Complete,Transcode job 1632173503397-lnnjjy was completed.,6.0,False
f413068c-33e6-455c-b0b6-7dfd5d6dd766,2021-09-17 21:59:32.096037,2021-09-17 22:00:22.717515,https://says-api-uploaded-audio.s3.amazonaws.com/saysuseraudio1631915971780.m4a,https://says-api-streamable-audio.s3.amazonaws.com/saysuseraudio1631915971780.mp3,1631915972006-39knr1,Complete,Transcode job 1631915972006-39knr1 was completed.,62.0,False
0c77123a-85e2-48e6-81df-591570ec4706,2021-09-24 12:26:51.712716,2021-09-24 12:27:21.800173,https://says-api-uploaded-audio.s3.amazonaws.com/saysuseraudio1632486411513.m4a,https://says-api-streamable-audio.s3.amazonaws.com/saysuseraudio1632486411513.mp3,1632486411616-4idnqw,Complete,Transcode job 1632486411616-4idnqw was completed.,4.0,False
d9ac9035-1626-4037-b1f2-f0aedfd3bc0a,2021-09-17 22:16:45.154783,2021-09-17 22:17:15.243750,https://says-api-uploaded-audio.s3.amazonaws.com/saysuseraudio1631917004775.m4a,https://says-api-streamable-audio.s3.amazonaws.com/saysuseraudio1631917004775.mp3,1631917005058-4mwsnc,Complete,Transcode job 1631917005058-4mwsnc was completed.,64.0,False
9eb14333-5ac9-4053-859c-e88b82ee201d,2021-11-02 04:22:05.880685,2021-11-02 04:22:35.949954,https://says-api-uploaded-audio.s3.amazonaws.com/saysuseraudio1635826925682.m4a,https://says-api-streamable-audio.s3.amazonaws.com/saysuseraudio1635826925682.mp3,1635826925805-g01rxk,Complete,Transcode job 1635826925805-g01rxk was completed.,8.0,False
e7a8d520-f8fa-4641-b614-6c1f6baa5daa,2021-09-27 10:09:18.159082,2021-09-27 10:09:48.233621,https://says-api-uploaded-audio.s3.amazonaws.com/saysuseraudio1632737357961.m4a,https://says-api-streamable-audio.s3.amazonaws.com/saysuseraudio1632737357961.mp3,1632737358074-7imbb1,Complete,Transcode job 1632737358074-7imbb1 was completed.,9.0,False
4791af49-cce5-48d8-b81c-3187a419f12d,2021-09-12 05:22:20.324496,2021-09-12 05:22:50.394122,https://says-api-uploaded-audio.s3.amazonaws.com/saysuseraudio1631424139987.m4a,https://says-api-streamable-audio.s3.amazonaws.com/saysuseraudio1631424139987.mp3,1631424140246-fcylcl,Complete,Transcode job 1631424140246-fcylcl was completed.,140.0,False
29122720-276c-42ad-a12a-332104c5ce2b,2021-09-27 10:09:37.973601,2021-09-27 10:10:08.042065,https://says-api-uploaded-audio.s3.amazonaws.com/saysuseraudio1632737377789.m4a,https://says-api-streamable-audio.s3.amazonaws.com/saysuseraudio1632737377789.mp3,1632737377887-7siv1z,Complete,Transcode job 1632737377887-7siv1z was completed.,12.0,False
433386a9-348d-44a1-a224-7f6d59c0f934,2021-09-27 10:09:56.278345,2021-09-27 10:10:26.414051,https://says-api-uploaded-audio.s3.amazonaws.com/saysuseraudio1632737396126.m4a,https://says-api-streamable-audio.s3.amazonaws.com/saysuseraudio1632737396126.mp3,1632737396202-kmq414,Complete,Transcode job 1632737396202-kmq414 was completed.,14.0,False
1909d3ea-4ee8-4a95-93ee-b0837d07f67e,2021-10-04 06:58:37.062949,2021-10-04 06:59:07.182490,https://says-api-uploaded-audio.s3.amazonaws.com/saysuseraudio1633330716755.m4a,https://says-api-streamable-audio.s3.amazonaws.com/saysuseraudio1633330716755.mp3,1633330716970-j70dni,Complete,Transcode job 1633330716970-j70dni was completed.,10.0,False
b8d50004-3b9c-468d-8c92-960c3aa2a042,2021-09-29 08:56:22.177988,2021-09-29 08:56:52.244192,https://says-api-uploaded-audio.s3.amazonaws.com/saysuseraudio1632905781923.m4a,https://says-api-streamable-audio.s3.amazonaws.com/saysuseraudio1632905781923.mp3,1632905782082-3o4ac0,Complete,Transcode job 1632905782082-3o4ac0 was completed.,23.0,True
8c1c88d5-31fa-4ae6-81d8-3af93b9fc467,2021-09-18 23:14:03.158200,2021-09-18 23:14:33.201010,https://says-api-uploaded-audio.s3.amazonaws.com/saysuseraudio1632006842689.m4a,https://says-api-streamable-audio.s3.amazonaws.com/saysuseraudio1632006842689.mp3,1632006843011-r36sgz,Complete,Transcode job 1632006843011-r36sgz was completed.,98.0,True
81bc6acd-45d1-438c-bd4e-78d5a2f6d0e8,2021-10-05 09:02:18.228861,2021-10-05 09:02:48.303930,https://says-api-uploaded-audio.s3.amazonaws.com/saysuseraudio1633424537940.m4a,https://says-api-streamable-audio.s3.amazonaws.com/saysuseraudio1633424537940.mp3,1633424538139-emzgmj,Complete,Transcode job 1633424538139-emzgmj was completed.,18.0,False
03c8bdc9-daaa-4c8c-810c-1e6cbf0fe903,2021-10-05 09:02:35.846724,2021-10-05 09:03:05.912680,https://says-api-uploaded-audio.s3.amazonaws.com/saysuseraudio1633424555664.m4a,https://says-api-streamable-audio.s3.amazonaws.com/saysuseraudio1633424555664.mp3,1633424555770-2wk4wq,Complete,Transcode job 1633424555770-2wk4wq was completed.,8.0,False
033e0aff-f6e8-4407-b3a6-f9bec02f6f36,2021-10-05 11:19:26.672335,2021-10-05 11:19:56.734105,https://says-api-uploaded-audio.s3.amazonaws.com/saysuseraudio1633432766453.m4a,https://says-api-streamable-audio.s3.amazonaws.com/saysuseraudio1633432766453.mp3,1633432766575-arcwz6,Complete,Transcode job 1633432766575-arcwz6 was completed.,8.0,True
2b2419f8-55b5-4fc3-bd73-47d3bceeb0aa,2021-09-19 00:39:32.906727,2021-09-19 00:40:02.990519,https://says-api-uploaded-audio.s3.amazonaws.com/saysuseraudio1632011972609.m4a,https://says-api-streamable-audio.s3.amazonaws.com/saysuseraudio1632011972609.mp3,1632011972834-6sbhl9,Complete,Transcode job 1632011972834-6sbhl9 was completed.,74.0,False
a8ba6504-7948-49eb-abfe-9b65f867a958,2021-10-05 11:21:46.354694,2021-10-05 11:22:16.424403,https://says-api-uploaded-audio.s3.amazonaws.com/saysuseraudio1633432906135.m4a,https://says-api-streamable-audio.s3.amazonaws.com/saysuseraudio1633432906135.mp3,1633432906265-9u5lia,Complete,Transcode job 1633432906265-9u5lia was completed.,9.0,True
aa7fbca6-cd9c-4ac0-9340-ee0515b78104,2021-10-05 09:00:32.325244,2021-10-05 09:00:46.720544,https://says-api-uploaded-audio.s3.amazonaws.com/saysuseraudio1633424432054.m4a,https://says-api-streamable-audio.s3.amazonaws.com/saysuseraudio1633424432054.mp3,1633424432213-m9ceni,Complete,Transcode job 1633424432213-m9ceni was completed.,34.0,False
39af460c-a543-4532-bd7b-d7bc2bc742d7,2021-10-01 02:56:04.261817,2021-10-01 02:56:34.339233,https://says-api-uploaded-audio.s3.amazonaws.com/saysuseraudio1633056963911.m4a,https://says-api-streamable-audio.s3.amazonaws.com/saysuseraudio1633056963911.mp3,1633056964148-xmlf43,Complete,Transcode job 1633056964148-xmlf43 was completed.,58.0,False
0b3e2ae3-fb51-46d3-a52a-e19e44efaa58,2021-10-05 11:22:06.571821,2021-10-05 11:22:36.753597,https://says-api-uploaded-audio.s3.amazonaws.com/saysuseraudio1633432926334.m4a,https://says-api-streamable-audio.s3.amazonaws.com/saysuseraudio1633432926334.mp3,1633432926484-ftlfuj,Complete,Transcode job 1633432926484-ftlfuj was completed.,13.0,True
622d08c8-a005-4374-9196-98c3222d3f10,2021-10-07 08:39:13.792194,2021-10-07 08:39:43.874533,https://says-api-uploaded-audio.s3.amazonaws.com/saysuseraudio1633595953527.m4a,https://says-api-streamable-audio.s3.amazonaws.com/saysuseraudio1633595953527.mp3,1633595953678-wtwuy1,Complete,Transcode job 1633595953678-wtwuy1 was completed.,9.0,False
c038b2c6-f72b-443f-9b7b-6163b28b005c,2021-10-07 08:39:36.464003,2021-10-07 08:40:06.530178,https://says-api-uploaded-audio.s3.amazonaws.com/saysuseraudio1633595976259.m4a,https://says-api-streamable-audio.s3.amazonaws.com/saysuseraudio1633595976259.mp3,1633595976388-d9jcpr,Complete,Transcode job 1633595976388-d9jcpr was completed.,13.0,False
23c0a83f-5af7-4aa8-b9b4-04fa155d4e5b,2021-10-07 14:08:11.507673,2021-10-07 14:08:41.583898,https://says-api-uploaded-audio.s3.amazonaws.com/saysuseraudio1633615691326.m4a,https://says-api-streamable-audio.s3.amazonaws.com/saysuseraudio1633615691326.mp3,1633615691417-123817,Complete,Transcode job 1633615691417-123817 was completed.,10.0,False
a4a4874a-2b27-4b89-af5c-e11414b6bfbd,2021-09-19 00:27:18.485318,2021-09-19 00:27:48.548939,https://says-api-uploaded-audio.s3.amazonaws.com/saysuseraudio1632011238136.m4a,https://says-api-streamable-audio.s3.amazonaws.com/saysuseraudio1632011238136.mp3,1632011238343-ac1331,Complete,Transcode job 1632011238343-ac1331 was completed.,140.0,True
255ebd32-65b4-4bbd-b7bd-169c73d2fd6c,2021-10-07 07:50:02.680116,2021-10-07 07:50:32.751553,https://says-api-uploaded-audio.s3.amazonaws.com/saysuseraudio1633593002166.m4a,https://says-api-streamable-audio.s3.amazonaws.com/saysuseraudio1633593002166.mp3,1633593002491-k6sg4b,Complete,Transcode job 1633593002491-k6sg4b was completed.,27.0,False
895bf0a5-0647-47f4-b022-b33a1293cf96,2021-09-19 01:50:52.565084,2021-09-19 01:51:22.632675,https://says-api-uploaded-audio.s3.amazonaws.com/saysuseraudio1632016252272.m4a,https://says-api-streamable-audio.s3.amazonaws.com/saysuseraudio1632016252272.mp3,1632016252485-kokpie,Complete,Transcode job 1632016252485-kokpie was completed.,105.0,False
3fdda836-e776-465c-a9e3-1c268ffb4e04,2021-10-01 03:19:20.574877,2021-10-01 03:19:50.659586,https://says-api-uploaded-audio.s3.amazonaws.com/saysuseraudio1633058360279.m4a,https://says-api-streamable-audio.s3.amazonaws.com/saysuseraudio1633058360279.mp3,1633058360477-0bomcr,Complete,Transcode job 1633058360477-0bomcr was completed.,79.0,False
59f70bff-675d-42c2-8b88-e343e28a6aca,2021-10-06 23:40:17.371065,2021-10-06 23:40:47.451070,https://says-api-uploaded-audio.s3.amazonaws.com/saysuseraudio1633563617087.m4a,https://says-api-streamable-audio.s3.amazonaws.com/saysuseraudio1633563617087.mp3,1633563617284-vl6xf4,Complete,Transcode job 1633563617284-vl6xf4 was completed.,46.0,False
90e2d61b-7c1a-4d41-8d88-7d5ebaf7458a,2021-10-07 20:26:58.945307,2021-10-07 20:27:29.048199,https://says-api-uploaded-audio.s3.amazonaws.com/saysuseraudio1633638418695.m4a,https://says-api-streamable-audio.s3.amazonaws.com/saysuseraudio1633638418695.mp3,1633638418864-jwij8p,Complete,Transcode job 1633638418864-jwij8p was completed.,32.0,True
a5414e7a-524c-4fe6-b523-e1c5965d1a0e,2021-10-08 00:52:13.751595,2021-10-08 00:52:43.821487,https://says-api-uploaded-audio.s3.amazonaws.com/saysuseraudio1633654333427.m4a,https://says-api-streamable-audio.s3.amazonaws.com/saysuseraudio1633654333427.mp3,1633654333619-6njt9q,Complete,Transcode job 1633654333619-6njt9q was completed.,39.0,True
3ce82c51-cc64-4a01-9eef-d84e08294c55,2021-10-08 00:32:08.006820,2021-10-08 00:32:38.091993,https://says-api-uploaded-audio.s3.amazonaws.com/saysuseraudio1633653127674.m4a,https://says-api-streamable-audio.s3.amazonaws.com/saysuseraudio1633653127674.mp3,1633653127904-c4ysbh,Complete,Transcode job 1633653127904-c4ysbh was completed.,49.0,True
829228a3-fb7d-4213-b349-fc21e999153a,2021-10-11 10:20:41.906740,2021-10-11 10:21:11.980092,https://says-api-uploaded-audio.s3.amazonaws.com/saysuseraudio1633947641699.m4a,https://says-api-streamable-audio.s3.amazonaws.com/saysuseraudio1633947641699.mp3,1633947641812-8po3en,Complete,Transcode job 1633947641812-8po3en was completed.,7.0,False
a0c5918d-88f2-4073-b2a0-8aa11f0b9321,2021-10-11 12:47:05.326519,2021-10-11 12:47:35.535956,https://says-api-uploaded-audio.s3.amazonaws.com/saysuseraudio1633956425098.m4a,https://says-api-streamable-audio.s3.amazonaws.com/saysuseraudio1633956425098.mp3,1633956425223-7e980z,Complete,Transcode job 1633956425223-7e980z was completed.,9.0,False
d5bd7db5-2970-473a-82a9-127d09098a5f,2021-10-10 05:09:41.045318,2021-10-10 05:10:11.140788,https://says-api-uploaded-audio.s3.amazonaws.com/saysuseraudio1633842580778.m4a,https://says-api-streamable-audio.s3.amazonaws.com/saysuseraudio1633842580778.mp3,1633842580959-8iq7a0,Complete,Transcode job 1633842580959-8iq7a0 was completed.,28.0,True
38f5d02e-90d6-4c4b-856d-2615c7358a76,2021-11-02 04:30:03.152191,2021-11-02 04:30:33.222188,https://says-api-uploaded-audio.s3.amazonaws.com/saysuseraudio1635827402957.m4a,https://says-api-streamable-audio.s3.amazonaws.com/saysuseraudio1635827402957.mp3,1635827403046-smkeiz,Complete,Transcode job 1635827403046-smkeiz was completed.,6.0,False
e70aa34b-43c9-4231-93b1-0c2bb5e26399,2021-10-08 03:25:22.641170,2021-10-08 03:25:52.819651,https://says-api-uploaded-audio.s3.amazonaws.com/saysuseraudio1633663522279.m4a,https://says-api-streamable-audio.s3.amazonaws.com/saysuseraudio1633663522279.mp3,1633663522477-i5i5wk,Complete,Transcode job 1633663522477-i5i5wk was completed.,68.0,False
49cb6685-f37c-44a6-b1d2-a0d0e97aeec9,2021-10-09 14:30:08.035453,2021-10-09 14:30:38.109653,https://says-api-uploaded-audio.s3.amazonaws.com/saysuseraudio1633789807722.m4a,https://says-api-streamable-audio.s3.amazonaws.com/saysuseraudio1633789807722.mp3,1633789807923-v49ydr,Complete,Transcode job 1633789807923-v49ydr was completed.,56.0,True
04481356-b6d0-421e-a679-c9084cacbc2e,2021-10-08 04:26:53.932784,2021-10-08 04:27:24.016268,https://says-api-uploaded-audio.s3.amazonaws.com/saysuseraudio1633667213621.m4a,https://says-api-streamable-audio.s3.amazonaws.com/saysuseraudio1633667213621.mp3,1633667213845-x3zhkh,Complete,Transcode job 1633667213845-x3zhkh was completed.,101.0,False
322bcc63-c1fc-4c9f-99ef-261730e539f2,2021-10-05 17:37:55.178637,2021-10-05 17:38:25.245189,https://says-api-uploaded-audio.s3.amazonaws.com/saysuseraudio1633455474793.m4a,https://says-api-streamable-audio.s3.amazonaws.com/saysuseraudio1633455474793.mp3,1633455475053-01t05e,Complete,Transcode job 1633455475053-01t05e was completed.,140.0,True
204f1bfa-b157-4064-aae4-f1992aa41a87,2022-02-13 02:30:14.008211,2022-02-13 02:30:44.081435,https://says-api-uploaded-audio.s3.amazonaws.com/saysuseraudio1644719413703.m4a,https://says-api-streamable-audio.s3.amazonaws.com/saysuseraudio1644719413703.mp3,1644719413918-0unbhd,Complete,Transcode job 1644719413918-0unbhd was completed.,34.0,True
2bb66137-a53d-4b89-af6c-ec378636fc9f,2021-10-14 10:41:02.969490,2021-10-26 16:22:00.953384,https://says-api-uploaded-audio.s3.amazonaws.com/saysuseraudio1634208062684.m4a,https://says-api-streamable-audio.s3.amazonaws.com/saysuseraudio1634208062684.mp3,1634208062878-n1v42n,Complete,Transcode job 1634208062878-n1v42n was completed.,10.0,False
4b058e40-df83-47d2-ba32-c466eb820396,2021-10-14 10:10:29.963088,2021-10-26 16:22:00.893465,https://says-api-uploaded-audio.s3.amazonaws.com/saysuseraudio1634206229652.m4a,https://says-api-streamable-audio.s3.amazonaws.com/saysuseraudio1634206229652.mp3,1634206229890-3547on,Complete,Transcode job 1634206229890-3547on was completed.,16.0,True
3016592a-bd2e-4075-b95b-7b770d8edcd4,2021-10-14 11:36:23.962341,2021-10-26 16:22:00.954693,https://says-api-uploaded-audio.s3.amazonaws.com/saysuseraudio1634211383717.m4a,https://says-api-streamable-audio.s3.amazonaws.com/saysuseraudio1634211383717.mp3,1634211383882-ez96yw,Complete,Transcode job 1634211383882-ez96yw was completed.,5.0,True
88bf8078-2449-432c-af2f-ef6eb337f5bc,2021-10-14 11:44:25.628468,2021-10-26 16:22:01.099598,https://says-api-uploaded-audio.s3.amazonaws.com/saysuseraudio1634211865420.m4a,https://says-api-streamable-audio.s3.amazonaws.com/saysuseraudio1634211865420.mp3,1634211865531-2y69bw,Complete,Transcode job 1634211865531-2y69bw was completed.,6.0,False
57897fd9-0175-4fb7-869f-dd2d12f7af8a,2022-01-25 23:31:00.821918,2022-01-25 23:31:30.885851,https://says-api-uploaded-audio.s3.amazonaws.com/saysuseraudio1643153460628.m4a,https://says-api-streamable-audio.s3.amazonaws.com/saysuseraudio1643153460628.mp3,1643153460740-lzgpny,Complete,Transcode job 1643153460740-lzgpny was completed.,64.0,True
3641b060-d1a2-4079-873b-c6cd580b07d0,2021-10-14 11:39:01.588411,2021-10-26 16:22:01.107726,https://says-api-uploaded-audio.s3.amazonaws.com/saysuseraudio1634211541387.m4a,https://says-api-streamable-audio.s3.amazonaws.com/saysuseraudio1634211541387.mp3,1634211541499-3pd4nw,Complete,Transcode job 1634211541499-3pd4nw was completed.,6.0,True
31cd67eb-22d4-4935-bd7e-fde9766e2d33,2021-10-14 10:39:21.361960,2021-10-26 16:22:01.102653,https://says-api-uploaded-audio.s3.amazonaws.com/saysuseraudio1634207961152.m4a,https://says-api-streamable-audio.s3.amazonaws.com/saysuseraudio1634207961152.mp3,1634207961272-j2l5ao,Complete,Transcode job 1634207961272-j2l5ao was completed.,12.0,True
62bc1f2e-3693-48ef-b78b-d6ca96f60151,2021-10-14 11:43:16.598079,2021-10-26 16:22:01.109277,https://says-api-uploaded-audio.s3.amazonaws.com/saysuseraudio1634211796413.m4a,https://says-api-streamable-audio.s3.amazonaws.com/saysuseraudio1634211796413.mp3,1634211796521-gknmoe,Complete,Transcode job 1634211796521-gknmoe was completed.,5.0,False
71e9846e-1758-4499-8a0e-52f975c501af,2021-10-08 03:22:54.980294,2021-10-08 03:23:25.070553,https://says-api-uploaded-audio.s3.amazonaws.com/saysuseraudio1633663374669.m4a,https://says-api-streamable-audio.s3.amazonaws.com/saysuseraudio1633663374669.mp3,1633663374879-leyr08,Complete,Transcode job 1633663374879-leyr08 was completed.,140.0,False
3dac9a34-9999-4758-880b-32e00a628873,2021-10-14 12:02:15.254376,2021-10-26 16:22:01.110757,https://says-api-uploaded-audio.s3.amazonaws.com/saysuseraudio1634212935093.m4a,https://says-api-streamable-audio.s3.amazonaws.com/saysuseraudio1634212935093.mp3,1634212935171-7roc1a,Complete,Transcode job 1634212935171-7roc1a was completed.,5.0,False
fdc12215-1e89-4d85-9a40-4deef7e73d92,2021-10-14 11:52:50.813195,2021-10-26 16:22:01.116941,https://says-api-uploaded-audio.s3.amazonaws.com/saysuseraudio1634212370673.m4a,https://says-api-streamable-audio.s3.amazonaws.com/saysuseraudio1634212370673.mp3,1634212370742-amcy1o,Complete,Transcode job 1634212370742-amcy1o was completed.,5.0,False
fbf1957b-e936-4904-93d7-07ecaf1a48d0,2021-10-14 11:52:29.212296,2021-10-26 16:22:01.115505,https://says-api-uploaded-audio.s3.amazonaws.com/saysuseraudio1634212349039.m4a,https://says-api-streamable-audio.s3.amazonaws.com/saysuseraudio1634212349039.mp3,1634212349141-b2lkt7,Complete,Transcode job 1634212349141-b2lkt7 was completed.,8.0,False
6bb72a2a-5e94-4d11-9686-a1a37c5508a1,2021-10-14 10:35:53.119454,2021-10-26 16:22:01.118189,https://says-api-uploaded-audio.s3.amazonaws.com/saysuseraudio1634207752878.m4a,https://says-api-streamable-audio.s3.amazonaws.com/saysuseraudio1634207752878.mp3,1634207753039-4olcur,Complete,Transcode job 1634207753039-4olcur was completed.,9.0,True
804c29c3-7abb-4e8c-a9c2-6d3551d88844,2021-10-14 11:57:23.706443,2021-10-26 16:22:01.123545,https://says-api-uploaded-audio.s3.amazonaws.com/saysuseraudio1634212643481.m4a,https://says-api-streamable-audio.s3.amazonaws.com/saysuseraudio1634212643481.mp3,1634212643628-jjbhum,Complete,Transcode job 1634212643628-jjbhum was completed.,5.0,False
267e005d-a275-46ad-abe3-86e1188a6438,2021-10-14 12:02:29.369413,2021-10-26 16:22:01.128486,https://says-api-uploaded-audio.s3.amazonaws.com/saysuseraudio1634212949157.m4a,https://says-api-streamable-audio.s3.amazonaws.com/saysuseraudio1634212949157.mp3,1634212949272-1gvp9c,Complete,Transcode job 1634212949272-1gvp9c was completed.,4.0,False
3ca7f886-417f-4ab8-99d3-bdb87e22aa91,2021-10-14 10:41:41.165230,2021-10-26 16:22:01.111892,https://says-api-uploaded-audio.s3.amazonaws.com/saysuseraudio1634208100933.m4a,https://says-api-streamable-audio.s3.amazonaws.com/saysuseraudio1634208100933.mp3,1634208101083-egvseb,Complete,Transcode job 1634208101083-egvseb was completed.,12.0,False
1befb036-f400-4497-bb3d-0d3cb310af1e,2021-10-14 12:00:55.070811,2021-10-26 16:22:01.149530,https://says-api-uploaded-audio.s3.amazonaws.com/saysuseraudio1634212854865.m4a,https://says-api-streamable-audio.s3.amazonaws.com/saysuseraudio1634212854865.mp3,1634212854975-u7q569,Complete,Transcode job 1634212854975-u7q569 was completed.,4.0,True
a81f99d6-fea7-4ed8-a152-ff8fc251f592,2021-12-05 04:20:54.495791,2021-12-05 04:21:24.560858,https://says-api-uploaded-audio.s3.amazonaws.com/saysuseraudio1638678054143.m4a,https://says-api-streamable-audio.s3.amazonaws.com/saysuseraudio1638678054143.mp3,1638678054398-5ru2xe,Complete,Transcode job 1638678054398-5ru2xe was completed.,140.0,False
2762f4f5-f639-4056-837c-8aafc246623a,2021-11-02 04:39:34.099622,2021-11-02 04:40:04.165305,https://says-api-uploaded-audio.s3.amazonaws.com/saysuseraudio1635827973889.m4a,https://says-api-streamable-audio.s3.amazonaws.com/saysuseraudio1635827973889.mp3,1635827974003-lpimzd,Complete,Transcode job 1635827974003-lpimzd was completed.,6.0,True
fdf761f2-4e5c-43cb-ac71-8e5bbca80844,2021-10-14 11:40:51.353562,2021-10-26 16:22:01.150894,https://says-api-uploaded-audio.s3.amazonaws.com/saysuseraudio1634211651127.m4a,https://says-api-streamable-audio.s3.amazonaws.com/saysuseraudio1634211651127.mp3,1634211651276-gfpmcz,Complete,Transcode job 1634211651276-gfpmcz was completed.,11.0,False
fd1a81bf-e764-4b35-bbb5-b79890c7113d,2021-12-05 04:57:30.000466,2021-12-05 04:58:00.466575,https://says-api-uploaded-audio.s3.amazonaws.com/saysuseraudio1638680249771.m4a,https://says-api-streamable-audio.s3.amazonaws.com/saysuseraudio1638680249771.mp3,1638680249904-1jb8a2,Complete,Transcode job 1638680249904-1jb8a2 was completed.,11.0,True
5cd7c248-c2d6-4e63-b2a4-988cf2fa7a8b,2022-01-29 03:19:08.966015,2022-01-29 03:19:39.045670,https://says-api-uploaded-audio.s3.amazonaws.com/saysuseraudio1643426348714.m4a,https://says-api-streamable-audio.s3.amazonaws.com/saysuseraudio1643426348714.mp3,1643426348853-qea93k,Complete,Transcode job 1643426348853-qea93k was completed.,6.0,False
ede88507-74a5-43b2-b585-c818209bc3b6,2021-11-14 03:33:15.209720,2021-11-14 03:33:45.308313,https://says-api-uploaded-audio.s3.amazonaws.com/saysuseraudio1636860794901.m4a,https://says-api-streamable-audio.s3.amazonaws.com/saysuseraudio1636860794901.mp3,1636860795112-30oaeq,Complete,Transcode job 1636860795112-30oaeq was completed.,128.0,False
58b05792-94c7-4b18-8940-11caaeb9e030,2021-10-14 11:42:36.607715,2021-10-26 16:22:00.824660,https://says-api-uploaded-audio.s3.amazonaws.com/saysuseraudio1634211756341.m4a,https://says-api-streamable-audio.s3.amazonaws.com/saysuseraudio1634211756341.mp3,1634211756500-jh2t2x,Complete,Transcode job 1634211756500-jh2t2x was completed.,11.0,False
12601c11-2b18-4a1b-a263-e6bcec2b31ae,2021-12-05 04:24:16.518574,2021-12-05 04:24:46.590989,https://says-api-uploaded-audio.s3.amazonaws.com/saysuseraudio1638678256225.m4a,https://says-api-streamable-audio.s3.amazonaws.com/saysuseraudio1638678256225.mp3,1638678256428-2cuhq0,Complete,Transcode job 1638678256428-2cuhq0 was completed.,140.0,False
5726393f-cbc0-4d7b-806a-f4238a878887,2021-10-14 11:51:04.809736,2021-10-26 16:22:00.929926,https://says-api-uploaded-audio.s3.amazonaws.com/saysuseraudio1634212264613.m4a,https://says-api-streamable-audio.s3.amazonaws.com/saysuseraudio1634212264613.mp3,1634212264694-5bpovr,Complete,Transcode job 1634212264694-5bpovr was completed.,6.0,True
78c8bd5d-e27e-4a33-97d6-07e8049c715b,2021-10-19 13:10:30.772919,2021-10-26 16:22:00.933976,https://says-api-uploaded-audio.s3.amazonaws.com/saysuseraudio1634649030613.m4a,https://says-api-streamable-audio.s3.amazonaws.com/saysuseraudio1634649030613.mp3,1634649030701-w2urft,Complete,Transcode job 1634649030701-w2urft was completed.,4.0,False
54796eb2-c874-4dcd-9391-739afbe05ab7,2021-10-14 11:31:26.508116,2021-10-26 16:22:00.865927,https://says-api-uploaded-audio.s3.amazonaws.com/saysuseraudio1634211086344.m4a,https://says-api-streamable-audio.s3.amazonaws.com/saysuseraudio1634211086344.mp3,1634211086431-gmvy1i,Complete,Transcode job 1634211086431-gmvy1i was completed.,14.0,False
25d35707-7c6b-44ea-ad34-73fe579cbea0,2022-03-07 17:53:12.669937,2022-03-07 17:53:42.746611,https://says-api-uploaded-audio.s3.amazonaws.com/saysuseraudio1646675592424.m4a,https://says-api-streamable-audio.s3.amazonaws.com/saysuseraudio1646675592424.mp3,1646675592588-fpklcm,Complete,Transcode job 1646675592588-fpklcm was completed.,55.0,True
a1919ab9-c80b-4d33-ba74-6ed15f5830ba,2021-10-14 10:38:10.837707,2021-10-26 16:22:00.935484,https://says-api-uploaded-audio.s3.amazonaws.com/saysuseraudio1634207890628.m4a,https://says-api-streamable-audio.s3.amazonaws.com/saysuseraudio1634207890628.mp3,1634207890765-1yqjuo,Complete,Transcode job 1634207890765-1yqjuo was completed.,11.0,True
fd162035-807c-464c-b34e-04c94d3cac4b,2021-10-19 12:58:35.261819,2021-10-26 16:22:00.943722,https://says-api-uploaded-audio.s3.amazonaws.com/saysuseraudio1634648315081.m4a,https://says-api-streamable-audio.s3.amazonaws.com/saysuseraudio1634648315081.mp3,1634648315180-cwbolu,Complete,Transcode job 1634648315180-cwbolu was completed.,7.0,False
4995a205-484c-45bc-9518-06daf9beaade,2021-10-14 10:34:37.903455,2021-10-26 16:22:00.942518,https://says-api-uploaded-audio.s3.amazonaws.com/saysuseraudio1634207677663.m4a,https://says-api-streamable-audio.s3.amazonaws.com/saysuseraudio1634207677663.mp3,1634207677806-l1uei0,Complete,Transcode job 1634207677806-l1uei0 was completed.,14.0,True
60b7ebf1-a652-4366-807e-e23885ab3fd8,2021-10-14 11:44:00.913651,2021-10-26 16:22:00.948957,https://says-api-uploaded-audio.s3.amazonaws.com/saysuseraudio1634211840755.m4a,https://says-api-streamable-audio.s3.amazonaws.com/saysuseraudio1634211840755.mp3,1634211840832-1kfxlp,Complete,Transcode job 1634211840832-1kfxlp was completed.,7.0,False
d0afea4c-0a3c-4813-98d3-ab07a4c71193,2021-10-19 15:41:54.200602,2021-10-26 16:22:00.951241,https://says-api-uploaded-audio.s3.amazonaws.com/saysuseraudio1634658114033.m4a,https://says-api-streamable-audio.s3.amazonaws.com/saysuseraudio1634658114033.mp3,1634658114120-9z98z5,Complete,Transcode job 1634658114120-9z98z5 was completed.,6.0,False
638cb482-6c67-4e62-83bb-b61edd71b2ed,2021-10-19 15:56:51.058580,2021-10-26 16:22:00.951632,https://says-api-uploaded-audio.s3.amazonaws.com/saysuseraudio1634659010901.m4a,https://says-api-streamable-audio.s3.amazonaws.com/saysuseraudio1634659010901.mp3,1634659010972-r8lrl1,Complete,Transcode job 1634659010972-r8lrl1 was completed.,6.0,True
0c090383-1897-4ebc-984c-80bd7bad7725,2022-03-07 17:52:58.471646,2022-03-07 17:53:28.524829,https://says-api-uploaded-audio.s3.amazonaws.com/saysuseraudio1646675578080.m4a,https://says-api-streamable-audio.s3.amazonaws.com/saysuseraudio1646675578080.mp3,1646675578360-q7116h,Complete,Transcode job 1646675578360-q7116h was completed.,140.0,True
68d79441-66dd-4076-b74f-1567c1e8cad8,2021-10-25 15:29:58.750239,2021-10-26 16:22:01.254080,https://says-api-uploaded-audio.s3.amazonaws.com/saysuseraudio1635175798534.m4a,https://says-api-streamable-audio.s3.amazonaws.com/saysuseraudio1635175798534.mp3,1635175798672-ay0tji,Complete,Transcode job 1635175798672-ay0tji was completed.,15.0,True
f58cfb14-c352-4ced-bb76-c07f32727af1,2021-11-14 03:37:18.749764,2021-11-14 03:37:48.901577,https://says-api-uploaded-audio.s3.amazonaws.com/saysuseraudio1636861038307.m4a,https://says-api-streamable-audio.s3.amazonaws.com/saysuseraudio1636861038307.mp3,1636861038667-2unw9u,Complete,Transcode job 1636861038667-2unw9u was completed.,101.0,False
1cc95200-79c3-4006-9b85-30343b800979,2021-10-19 14:56:47.019583,2021-10-26 16:22:01.255733,https://says-api-uploaded-audio.s3.amazonaws.com/saysuseraudio1634655406810.m4a,https://says-api-streamable-audio.s3.amazonaws.com/saysuseraudio1634655406810.mp3,1634655406930-yc4zqm,Complete,Transcode job 1634655406930-yc4zqm was completed.,11.0,False
6d3bd6e5-5f63-4e1e-bb2a-4f42528d7ab4,2021-10-19 13:08:42.064751,2021-10-26 16:22:01.260545,https://says-api-uploaded-audio.s3.amazonaws.com/saysuseraudio1634648921911.m4a,https://says-api-streamable-audio.s3.amazonaws.com/saysuseraudio1634648921911.mp3,1634648921994-gv075v,Complete,Transcode job 1634648921994-gv075v was completed.,6.0,False
488140c3-ee4a-4f60-b960-a97a54c7489e,2021-10-19 15:49:09.337147,2021-10-26 16:22:01.262250,https://says-api-uploaded-audio.s3.amazonaws.com/saysuseraudio1634658549186.m4a,https://says-api-streamable-audio.s3.amazonaws.com/saysuseraudio1634658549186.mp3,1634658549257-b26yf8,Complete,Transcode job 1634658549257-b26yf8 was completed.,3.0,True
cfc4a6f3-7448-44ab-bcb7-5ccedcee2248,2021-10-19 13:03:21.761194,2021-10-26 16:22:01.258785,https://says-api-uploaded-audio.s3.amazonaws.com/saysuseraudio1634648601521.m4a,https://says-api-streamable-audio.s3.amazonaws.com/saysuseraudio1634648601521.mp3,1634648601684-9weyl1,Complete,Transcode job 1634648601684-9weyl1 was completed.,7.0,False
6be70a21-a330-48a2-bb32-0a13e2e38891,2022-02-13 06:23:27.525742,2022-02-13 06:23:57.603896,https://says-api-uploaded-audio.s3.amazonaws.com/saysuseraudio1644733407189.m4a,https://says-api-streamable-audio.s3.amazonaws.com/saysuseraudio1644733407189.mp3,1644733407392-xtbnv9,Complete,Transcode job 1644733407392-xtbnv9 was completed.,93.0,False
511a3e19-37a9-43c7-a566-379e1ec3b237,2021-10-25 14:41:08.151486,2021-10-26 16:22:01.312709,https://says-api-uploaded-audio.s3.amazonaws.com/saysuseraudio1635172867917.m4a,https://says-api-streamable-audio.s3.amazonaws.com/saysuseraudio1635172867917.mp3,1635172868045-11qvb9,Complete,Transcode job 1635172868045-11qvb9 was completed.,5.0,True
c8f3879c-e1e1-4fd6-8508-c7d53a7bf6a7,2021-10-20 13:38:59.013164,2021-10-26 16:22:01.245522,https://says-api-uploaded-audio.s3.amazonaws.com/saysuseraudio1634737138716.m4a,https://says-api-streamable-audio.s3.amazonaws.com/saysuseraudio1634737138716.mp3,1634737138917-4bqssr,Complete,Transcode job 1634737138917-4bqssr was completed.,31.0,True
44927b8b-2251-4e91-8ae3-fdf4f9eb1cbd,2021-10-14 12:00:27.851676,2021-10-26 16:22:00.962340,https://says-api-uploaded-audio.s3.amazonaws.com/saysuseraudio1634212827627.m4a,https://says-api-streamable-audio.s3.amazonaws.com/saysuseraudio1634212827627.mp3,1634212827758-d9z8n7,Complete,Transcode job 1634212827758-d9z8n7 was completed.,7.0,False
4bcf2b17-feb4-4bca-b3c1-4e11e81282dc,2021-10-18 12:21:50.918289,2021-10-26 16:22:00.965019,https://says-api-uploaded-audio.s3.amazonaws.com/saysuseraudio1634559710500.m4a,https://says-api-streamable-audio.s3.amazonaws.com/saysuseraudio1634559710500.mp3,1634559710750-938s1y,Complete,Transcode job 1634559710750-938s1y was completed.,140.0,False
c61b536c-f6b8-4db7-bd30-d495c166660d,2021-10-14 11:43:32.013437,2021-10-26 16:22:00.963162,https://says-api-uploaded-audio.s3.amazonaws.com/saysuseraudio1634211811846.m4a,https://says-api-streamable-audio.s3.amazonaws.com/saysuseraudio1634211811846.mp3,1634211811943-jgcgy0,Complete,Transcode job 1634211811943-jgcgy0 was completed.,7.0,False
4a389b30-2cb5-44c2-a78a-7e599b4565ab,2021-10-19 13:42:27.522132,2021-10-26 16:22:00.968099,https://says-api-uploaded-audio.s3.amazonaws.com/saysuseraudio1634650947343.m4a,https://says-api-streamable-audio.s3.amazonaws.com/saysuseraudio1634650947343.mp3,1634650947449-98op85,Complete,Transcode job 1634650947449-98op85 was completed.,11.0,False
eb37d74b-db3a-46a3-be23-4410ca5cbbf1,2022-01-26 00:10:38.774566,2022-01-26 00:11:08.866835,https://says-api-uploaded-audio.s3.amazonaws.com/saysuseraudio1643155838452.m4a,https://says-api-streamable-audio.s3.amazonaws.com/saysuseraudio1643155838452.mp3,1643155838693-dfb6to,Complete,Transcode job 1643155838693-dfb6to was completed.,118.0,True
83a3cb63-6a3e-42cc-a24b-140a1122cacd,2021-10-14 11:49:09.939340,2021-10-26 16:22:00.966445,https://says-api-uploaded-audio.s3.amazonaws.com/saysuseraudio1634212149665.m4a,https://says-api-streamable-audio.s3.amazonaws.com/saysuseraudio1634212149665.mp3,1634212149854-kzu4x3,Complete,Transcode job 1634212149854-kzu4x3 was completed.,8.0,False
9675c775-436b-4b8f-9020-7cb4039b00a6,2021-10-14 11:48:53.003304,2021-10-26 16:22:00.973733,https://says-api-uploaded-audio.s3.amazonaws.com/saysuseraudio1634212132834.m4a,https://says-api-streamable-audio.s3.amazonaws.com/saysuseraudio1634212132834.mp3,1634212132913-h53ekf,Complete,Transcode job 1634212132913-h53ekf was completed.,7.0,False
68149864-84ad-4143-8b7d-fe3a37028625,2021-10-19 13:05:51.812997,2021-10-26 16:22:00.990134,https://says-api-uploaded-audio.s3.amazonaws.com/saysuseraudio1634648751605.m4a,https://says-api-streamable-audio.s3.amazonaws.com/saysuseraudio1634648751605.mp3,1634648751683-l3mfyo,Complete,Transcode job 1634648751683-l3mfyo was completed.,5.0,False
f9525ea7-770d-46f5-9781-077f5169fbe1,2021-10-14 11:57:05.599844,2021-10-26 16:22:01.029218,https://says-api-uploaded-audio.s3.amazonaws.com/saysuseraudio1634212625417.m4a,https://says-api-streamable-audio.s3.amazonaws.com/saysuseraudio1634212625417.mp3,1634212625519-f5hunz,Complete,Transcode job 1634212625519-f5hunz was completed.,3.0,False
1bfa5a56-b310-4e09-8e81-7bd8559590c8,2021-10-19 13:18:53.697603,2021-10-26 16:22:01.031000,https://says-api-uploaded-audio.s3.amazonaws.com/saysuseraudio1634649533537.m4a,https://says-api-streamable-audio.s3.amazonaws.com/saysuseraudio1634649533537.mp3,1634649533624-th1o6o,Complete,Transcode job 1634649533624-th1o6o was completed.,4.0,False
cfa6c98b-1459-47d8-b13b-b10bdfa9299f,2021-10-24 01:17:18.358548,2021-10-26 16:22:00.947128,https://says-api-uploaded-audio.s3.amazonaws.com/saysuseraudio1635038238133.m4a,https://says-api-streamable-audio.s3.amazonaws.com/saysuseraudio1635038238133.mp3,1635038238285-hlgvro,Complete,Transcode job 1635038238285-hlgvro was completed.,36.0,True
86705d09-561b-436f-bbf6-4edf017e38a2,2021-10-14 11:40:28.654906,2021-10-26 16:22:00.990578,https://says-api-uploaded-audio.s3.amazonaws.com/saysuseraudio1634211628485.m4a,https://says-api-streamable-audio.s3.amazonaws.com/saysuseraudio1634211628485.mp3,1634211628567-91hb9k,Complete,Transcode job 1634211628567-91hb9k was completed.,6.0,False
924ac4d4-9e2f-4228-9706-a0d768024870,2021-10-19 15:55:57.937869,2021-10-26 16:22:01.034788,https://says-api-uploaded-audio.s3.amazonaws.com/saysuseraudio1634658957737.m4a,https://says-api-streamable-audio.s3.amazonaws.com/saysuseraudio1634658957737.mp3,1634658957838-j4kt63,Complete,Transcode job 1634658957838-j4kt63 was completed.,3.0,False
d5289873-688d-4b4e-aa94-e3ff9e6ef81e,2021-10-14 12:02:54.225356,2021-10-26 16:22:01.035369,https://says-api-uploaded-audio.s3.amazonaws.com/saysuseraudio1634212974017.m4a,https://says-api-streamable-audio.s3.amazonaws.com/saysuseraudio1634212974017.mp3,1634212974131-b9pnqe,Complete,Transcode job 1634212974131-b9pnqe was completed.,5.0,True
88044b07-9885-4582-9069-ed353f9c0b2f,2021-11-02 04:39:58.265233,2021-11-02 04:40:28.332358,https://says-api-uploaded-audio.s3.amazonaws.com/saysuseraudio1635827998056.m4a,https://says-api-streamable-audio.s3.amazonaws.com/saysuseraudio1635827998056.mp3,1635827998186-934ixc,Complete,Transcode job 1635827998186-934ixc was completed.,6.0,True
2185cd1c-c781-4028-8c98-be677402483d,2021-12-07 09:12:56.092841,2021-12-07 09:13:26.162166,https://says-api-uploaded-audio.s3.amazonaws.com/saysuseraudio1638868375865.m4a,https://says-api-streamable-audio.s3.amazonaws.com/saysuseraudio1638868375865.mp3,1638868375980-bn2bb6,Complete,Transcode job 1638868375980-bn2bb6 was completed.,3.0,False
8c2e5c3c-281b-45fc-8805-e81823f3c6a6,2021-10-14 10:06:18.615902,2021-10-26 16:22:01.032557,https://says-api-uploaded-audio.s3.amazonaws.com/saysuseraudio1634205978318.m4a,https://says-api-streamable-audio.s3.amazonaws.com/saysuseraudio1634205978318.mp3,1634205978499-hvtgox,Complete,Transcode job 1634205978499-hvtgox was completed.,11.0,True
5cbb1ba8-4699-4893-a719-dadc593899fc,2021-12-07 09:13:05.771156,2021-12-07 09:13:35.827680,https://says-api-uploaded-audio.s3.amazonaws.com/saysuseraudio1638868385529.m4a,https://says-api-streamable-audio.s3.amazonaws.com/saysuseraudio1638868385529.mp3,1638868385611-ds8mkd,Complete,Transcode job 1638868385611-ds8mkd was completed.,4.0,False
4f3546b3-c796-4d17-9848-0c876d07515c,2021-10-24 01:15:15.542897,2021-10-26 16:22:01.252413,https://says-api-uploaded-audio.s3.amazonaws.com/saysuseraudio1635038115243.m4a,https://says-api-streamable-audio.s3.amazonaws.com/saysuseraudio1635038115243.mp3,1635038115446-r3goyw,Complete,Transcode job 1635038115446-r3goyw was completed.,58.0,False
47fdbf74-0649-4199-941c-eb06dc494dec,2021-11-21 02:12:53.096115,2021-11-21 02:13:23.167794,https://says-api-uploaded-audio.s3.amazonaws.com/saysuseraudio1637460772704.m4a,https://says-api-streamable-audio.s3.amazonaws.com/saysuseraudio1637460772704.mp3,1637460772934-w1ms8d,Complete,Transcode job 1637460772934-w1ms8d was completed.,140.0,True
cc3f0da2-af18-434f-ab16-5667143a4ce6,2022-01-29 03:20:38.717619,2022-01-29 03:21:08.790143,https://says-api-uploaded-audio.s3.amazonaws.com/saysuseraudio1643426438464.m4a,https://says-api-streamable-audio.s3.amazonaws.com/saysuseraudio1643426438464.mp3,1643426438637-2dafya,Complete,Transcode job 1643426438637-2dafya was completed.,8.0,False
0935c8cd-ec72-4f4e-9a3e-ddfcce7a8723,2021-10-18 12:49:08.673332,2021-10-26 16:22:00.961301,https://says-api-uploaded-audio.s3.amazonaws.com/saysuseraudio1634561348502.m4a,https://says-api-streamable-audio.s3.amazonaws.com/saysuseraudio1634561348502.mp3,1634561348593-kqp4tj,Complete,Transcode job 1634561348593-kqp4tj was completed.,5.0,False
9977a172-39d6-428f-927d-7b52e58e5e71,2021-10-19 12:25:50.498480,2021-10-26 16:22:00.961801,https://says-api-uploaded-audio.s3.amazonaws.com/saysuseraudio1634646350313.m4a,https://says-api-streamable-audio.s3.amazonaws.com/saysuseraudio1634646350313.mp3,1634646350420-p2ajfg,Complete,Transcode job 1634646350420-p2ajfg was completed.,5.0,False
6481358e-57ff-4e6c-b678-dda2311fe696,2021-10-17 18:04:14.033126,2021-10-26 16:22:00.953221,https://says-api-uploaded-audio.s3.amazonaws.com/saysuseraudio1634493853668.m4a,https://says-api-streamable-audio.s3.amazonaws.com/saysuseraudio1634493853668.mp3,1634493853937-8aochu,Complete,Transcode job 1634493853937-8aochu was completed.,140.0,False
a63b2ce1-db99-4fd1-b1bb-1e8ebb5f9b54,2021-11-14 04:03:43.382302,2021-11-14 04:04:13.456631,https://says-api-uploaded-audio.s3.amazonaws.com/saysuseraudio1636862623095.m4a,https://says-api-streamable-audio.s3.amazonaws.com/saysuseraudio1636862623095.mp3,1636862623285-e1p73s,Complete,Transcode job 1636862623285-e1p73s was completed.,58.0,False
f78454ee-48ed-4fc7-8c87-a94b53a8ad72,2021-10-14 10:07:09.367978,2021-10-26 16:22:00.965817,https://says-api-uploaded-audio.s3.amazonaws.com/saysuseraudio1634206029174.m4a,https://says-api-streamable-audio.s3.amazonaws.com/saysuseraudio1634206029174.mp3,1634206029279-egbcw3,Complete,Transcode job 1634206029279-egbcw3 was completed.,18.0,False
cbe520c5-d129-47a3-bb1d-4cf77889e67f,2021-10-19 15:52:11.140481,2021-10-26 16:22:00.967218,https://says-api-uploaded-audio.s3.amazonaws.com/saysuseraudio1634658730987.m4a,https://says-api-streamable-audio.s3.amazonaws.com/saysuseraudio1634658730987.mp3,1634658731070-75p85t,Complete,Transcode job 1634658731070-75p85t was completed.,6.0,False
9ddc0686-a7c5-4173-acc6-41d2dcddcfb6,2021-10-25 14:40:03.843809,2021-10-26 16:22:00.973327,https://says-api-uploaded-audio.s3.amazonaws.com/saysuseraudio1635172803607.m4a,https://says-api-streamable-audio.s3.amazonaws.com/saysuseraudio1635172803607.mp3,1635172803742-7o1z1l,Complete,Transcode job 1635172803742-7o1z1l was completed.,5.0,True
064d8f61-b302-4d5d-8f65-2d1162256925,2021-10-14 11:17:04.971938,2021-10-26 16:22:00.986530,https://says-api-uploaded-audio.s3.amazonaws.com/saysuseraudio1634210224752.m4a,https://says-api-streamable-audio.s3.amazonaws.com/saysuseraudio1634210224752.mp3,1634210224892-n0kun1,Complete,Transcode job 1634210224892-n0kun1 was completed.,16.0,True
4cafe40b-c23b-47f7-89ed-60aee9287f27,2021-10-18 08:29:34.660042,2021-10-26 16:22:00.991416,https://says-api-uploaded-audio.s3.amazonaws.com/saysuseraudio1634545774416.m4a,https://says-api-streamable-audio.s3.amazonaws.com/saysuseraudio1634545774416.mp3,1634545774556-d70ti8,Complete,Transcode job 1634545774556-d70ti8 was completed.,9.0,False
5fbabfc7-ceba-4128-a91c-0a8035c59c94,2021-10-14 11:53:29.030450,2021-10-26 16:22:00.992357,https://says-api-uploaded-audio.s3.amazonaws.com/saysuseraudio1634212408829.m4a,https://says-api-streamable-audio.s3.amazonaws.com/saysuseraudio1634212408829.mp3,1634212408911-vg7my8,Complete,Transcode job 1634212408911-vg7my8 was completed.,3.0,False
1f49ed0d-1c49-402a-a9d0-226bf79edb4d,2021-10-20 00:40:28.450738,2021-10-26 16:22:01.037435,https://says-api-uploaded-audio.s3.amazonaws.com/saysuseraudio1634690427994.m4a,https://says-api-streamable-audio.s3.amazonaws.com/saysuseraudio1634690427994.mp3,1634690428360-b6o5bz,Complete,Transcode job 1634690428360-b6o5bz was completed.,87.0,True
c59946f5-21eb-4039-8aa7-f60b9d32f606,2021-10-18 12:51:08.885438,2021-10-26 16:22:01.030250,https://says-api-uploaded-audio.s3.amazonaws.com/saysuseraudio1634561468642.m4a,https://says-api-streamable-audio.s3.amazonaws.com/saysuseraudio1634561468642.mp3,1634561468774-ifokjc,Complete,Transcode job 1634561468774-ifokjc was completed.,10.0,False
86052630-c709-4ebd-8cef-27670a390b64,2021-10-14 11:37:37.877600,2021-10-26 16:22:01.033377,https://says-api-uploaded-audio.s3.amazonaws.com/saysuseraudio1634211457697.m4a,https://says-api-streamable-audio.s3.amazonaws.com/saysuseraudio1634211457697.mp3,1634211457801-l9srdg,Complete,Transcode job 1634211457801-l9srdg was completed.,4.0,True
27d32827-ee37-405f-9933-98aea8307e8d,2021-10-14 10:36:23.741438,2021-10-26 16:22:01.031701,https://says-api-uploaded-audio.s3.amazonaws.com/saysuseraudio1634207783561.m4a,https://says-api-streamable-audio.s3.amazonaws.com/saysuseraudio1634207783561.mp3,1634207783672-ceajom,Complete,Transcode job 1634207783672-ceajom was completed.,9.0,True
22d8762a-b50a-43b6-9ceb-94093cb6dab7,2022-02-13 06:26:30.480321,2022-02-13 06:27:00.555602,https://says-api-uploaded-audio.s3.amazonaws.com/saysuseraudio1644733590132.m4a,https://says-api-streamable-audio.s3.amazonaws.com/saysuseraudio1644733590132.mp3,1644733590389-vmd46w,Complete,Transcode job 1644733590389-vmd46w was completed.,77.0,False
6f9be632-fc5c-4404-9c67-65c830fbe0de,2021-10-14 11:57:39.046712,2021-10-26 16:22:01.034208,https://says-api-uploaded-audio.s3.amazonaws.com/saysuseraudio1634212658859.m4a,https://says-api-streamable-audio.s3.amazonaws.com/saysuseraudio1634212658859.mp3,1634212658979-qd0xj7,Complete,Transcode job 1634212658979-qd0xj7 was completed.,4.0,False
d7c4a554-8736-46f3-b210-97e0b1968851,2021-10-19 15:47:57.865546,2021-10-26 16:22:01.036854,https://says-api-uploaded-audio.s3.amazonaws.com/saysuseraudio1634658477684.m4a,https://says-api-streamable-audio.s3.amazonaws.com/saysuseraudio1634658477684.mp3,1634658477797-te2amb,Complete,Transcode job 1634658477797-te2amb was completed.,5.0,False
0f1d4aca-23f6-4f8b-a5db-9edfcb777b4c,2021-10-19 13:16:30.801184,2021-10-26 16:22:00.945010,https://says-api-uploaded-audio.s3.amazonaws.com/saysuseraudio1634649390643.m4a,https://says-api-streamable-audio.s3.amazonaws.com/saysuseraudio1634649390643.mp3,1634649390722-s8uug7,Complete,Transcode job 1634649390722-s8uug7 was completed.,6.0,False
ee5703e9-909e-4a70-83b5-5c10d8451366,2021-10-19 13:38:15.460097,2021-10-26 16:22:01.036158,https://says-api-uploaded-audio.s3.amazonaws.com/saysuseraudio1634650695189.m4a,https://says-api-streamable-audio.s3.amazonaws.com/saysuseraudio1634650695189.mp3,1634650695356-ge5pgh,Complete,Transcode job 1634650695356-ge5pgh was completed.,9.0,True
7ec0edf0-7849-496b-a5db-1ec425939a02,2021-11-02 04:40:29.935005,2021-11-02 04:40:59.999864,https://says-api-uploaded-audio.s3.amazonaws.com/saysuseraudio1635828029754.m4a,https://says-api-streamable-audio.s3.amazonaws.com/saysuseraudio1635828029754.mp3,1635828029850-tn8vf8,Complete,Transcode job 1635828029850-tn8vf8 was completed.,7.0,False
e74cfb5b-e1b4-4b5c-ae54-a28da21ca583,2022-01-26 15:05:18.002584,2022-01-26 15:05:48.069866,https://says-api-uploaded-audio.s3.amazonaws.com/saysuseraudio1643209517788.m4a,https://says-api-streamable-audio.s3.amazonaws.com/saysuseraudio1643209517788.mp3,1643209517904-q9j32z,Complete,Transcode job 1643209517904-q9j32z was completed.,4.0,False
0021b5eb-c771-458e-9abf-c931b5b088d8,2021-12-07 10:38:47.821244,2021-12-07 10:39:17.892327,https://says-api-uploaded-audio.s3.amazonaws.com/saysuseraudio1638873527593.m4a,https://says-api-streamable-audio.s3.amazonaws.com/saysuseraudio1638873527593.mp3,1638873527704-wxj9gw,Complete,Transcode job 1638873527704-wxj9gw was completed.,5.0,False
3912e556-964d-4b2c-ad0e-fe0f8a05904a,2022-02-14 22:31:12.088657,2022-02-14 22:31:42.216508,https://says-api-uploaded-audio.s3.amazonaws.com/saysuseraudio1644877871830.m4a,https://says-api-streamable-audio.s3.amazonaws.com/saysuseraudio1644877871830.mp3,1644877871992-s9bu33,Complete,Transcode job 1644877871992-s9bu33 was completed.,5.0,False
7acffd45-b2c1-4c0a-a940-ced59e72bdfb,2022-01-29 03:22:25.913212,2022-01-29 03:22:55.972711,https://says-api-uploaded-audio.s3.amazonaws.com/saysuseraudio1643426545731.m4a,https://says-api-streamable-audio.s3.amazonaws.com/saysuseraudio1643426545731.mp3,1643426545820-ndbsrj,Complete,Transcode job 1643426545820-ndbsrj was completed.,7.0,False
f7ed5f1b-f436-4240-b4d9-753acbb86f48,2021-11-21 02:36:39.068502,2021-11-21 02:37:09.138088,https://says-api-uploaded-audio.s3.amazonaws.com/saysuseraudio1637462198558.m4a,https://says-api-streamable-audio.s3.amazonaws.com/saysuseraudio1637462198558.mp3,1637462198986-gxq2ar,Complete,Transcode job 1637462198986-gxq2ar was completed.,140.0,True
7e04f608-3f2b-451e-943a-9feff147713f,2022-01-26 00:25:52.888199,2022-01-26 00:26:22.956355,https://says-api-uploaded-audio.s3.amazonaws.com/saysuseraudio1643156752268.m4a,https://says-api-streamable-audio.s3.amazonaws.com/saysuseraudio1643156752268.mp3,1643156752798-s7c94c,Complete,Transcode job 1643156752798-s7c94c was completed.,140.0,False
13a3a90e-13b3-488c-b494-b26270d6b4c4,2021-10-19 13:34:43.566501,2021-10-26 16:22:00.946013,https://says-api-uploaded-audio.s3.amazonaws.com/saysuseraudio1634650483401.m4a,https://says-api-streamable-audio.s3.amazonaws.com/saysuseraudio1634650483401.mp3,1634650483482-ozncm9,Complete,Transcode job 1634650483482-ozncm9 was completed.,5.0,False
a8e225d1-1b20-488e-b29d-81244eabd891,2022-04-03 19:50:27.126899,2022-04-03 19:50:57.218791,https://says-api-uploaded-audio.s3.amazonaws.com/saysuseraudio1649015426880.m4a,https://says-api-streamable-audio.s3.amazonaws.com/saysuseraudio1649015426880.mp3,1649015427021-tasebf,Complete,Transcode job 1649015427021-tasebf was completed.,42.0,True
5fe90792-3194-4b07-a9e3-5086df861850,2021-10-19 12:21:36.895689,2021-10-26 16:22:01.125336,https://says-api-uploaded-audio.s3.amazonaws.com/saysuseraudio1634646096713.m4a,https://says-api-streamable-audio.s3.amazonaws.com/saysuseraudio1634646096713.mp3,1634646096812-i680v5,Complete,Transcode job 1634646096812-i680v5 was completed.,5.0,False
6e648d66-26a6-4d48-9808-35af9982d635,2022-03-07 17:56:22.990609,2022-03-07 17:56:53.055132,https://says-api-uploaded-audio.s3.amazonaws.com/saysuseraudio1646675782610.m4a,https://says-api-streamable-audio.s3.amazonaws.com/saysuseraudio1646675782610.mp3,1646675782894-wt2fuu,Complete,Transcode job 1646675782894-wt2fuu was completed.,140.0,True
6d7011c5-8b70-40f8-b62a-d2876a72a039,2021-11-02 04:40:40.635000,2021-11-02 04:41:10.718342,https://says-api-uploaded-audio.s3.amazonaws.com/saysuseraudio1635828040430.m4a,https://says-api-streamable-audio.s3.amazonaws.com/saysuseraudio1635828040430.mp3,1635828040546-3f0rxr,Complete,Transcode job 1635828040546-3f0rxr was completed.,7.0,False
dd661211-ee64-47fc-b24a-7ea1a37e4dc5,2021-11-14 17:07:57.674780,2021-11-14 17:08:27.733886,https://says-api-uploaded-audio.s3.amazonaws.com/saysuseraudio1636909677353.m4a,https://says-api-streamable-audio.s3.amazonaws.com/saysuseraudio1636909677353.mp3,1636909677580-p79lde,Complete,Transcode job 1636909677580-p79lde was completed.,5.0,False
a0c22ed5-da3d-4af2-be94-29208ac8aee3,2021-12-07 12:01:26.507477,2021-12-07 12:01:56.570458,https://says-api-uploaded-audio.s3.amazonaws.com/saysuseraudio1638878486277.m4a,https://says-api-streamable-audio.s3.amazonaws.com/saysuseraudio1638878486277.mp3,1638878486384-u0ppka,Complete,Transcode job 1638878486384-u0ppka was completed.,3.0,True
a1235329-1d7d-49eb-a6db-97153df7820c,2022-03-07 17:59:58.034130,2022-03-07 18:00:42.633019,https://says-api-uploaded-audio.s3.amazonaws.com/saysuseraudio1646675997614.m4a,https://says-api-streamable-audio.s3.amazonaws.com/saysuseraudio1646675997614.mp3,1646675997867-saqvag,Complete,Transcode job 1646675997867-saqvag was completed.,58.0,True
1e9c2c6b-ab4b-4d79-b985-6897902341be,2021-10-26 04:33:44.446280,2021-10-26 16:22:00.964069,https://says-api-uploaded-audio.s3.amazonaws.com/saysuseraudio1635222824133.m4a,https://says-api-streamable-audio.s3.amazonaws.com/saysuseraudio1635222824133.mp3,1635222824358-36esnc,Complete,Transcode job 1635222824358-36esnc was completed.,140.0,True
31d9329d-a35f-4555-b35b-f3d5d012e5db,2022-01-29 03:24:55.730884,2022-01-29 03:25:25.808014,https://says-api-uploaded-audio.s3.amazonaws.com/saysuseraudio1643426695321.m4a,https://says-api-streamable-audio.s3.amazonaws.com/saysuseraudio1643426695321.mp3,1643426695652-0m24k9,Complete,Transcode job 1643426695652-0m24k9 was completed.,7.0,True
b3662a65-a92a-44ed-a2ba-ec1c0b314a3b,2022-02-14 22:32:52.738531,2022-02-14 22:33:22.802251,https://says-api-uploaded-audio.s3.amazonaws.com/saysuseraudio1644877972553.m4a,https://says-api-streamable-audio.s3.amazonaws.com/saysuseraudio1644877972553.mp3,1644877972670-inf2z9,Complete,Transcode job 1644877972670-inf2z9 was completed.,11.0,False
7a51d5ef-976a-44a3-bf79-e6d0735352ad,2022-04-29 16:52:31.170807,2022-04-29 16:52:36.245639,https://says-api-uploaded-audio-dev.s3.amazonaws.com/saysuseraudio1651251146832.m4a,https://says-api-streamable-audio-dev.s3.amazonaws.com/saysuseraudio1651251146832.mp3,1651251150584-v4fdmw,Complete,Transcode job 1651251150584-v4fdmw was completed.,9.0,True
4e131724-048d-4303-bff3-76caf1136f83,2022-03-07 18:22:35.751999,2022-03-07 18:23:05.831656,https://says-api-uploaded-audio.s3.amazonaws.com/saysuseraudio1646677355476.m4a,https://says-api-streamable-audio.s3.amazonaws.com/saysuseraudio1646677355476.mp3,1646677355634-egg792,Complete,Transcode job 1646677355634-egg792 was completed.,39.0,True
cf34f1be-5981-4525-9969-6b17bb5e3a53,2022-07-01 04:15:44.333236,2022-07-01 04:15:49.454431,https://says-api-uploaded-audio.s3.amazonaws.com/saysuseraudio1656648944035.m4a,https://says-api-streamable-audio.s3.amazonaws.com/saysuseraudio1656648944035.mp3,1656648944226-91f5mn,Complete,Transcode job 1656648944226-91f5mn was completed.,31.0,True
12dde4d4-342c-4c52-b20e-c4cca101039f,2021-11-21 03:03:19.303443,2021-11-21 03:03:49.373168,https://says-api-uploaded-audio.s3.amazonaws.com/saysuseraudio1637463799039.m4a,https://says-api-streamable-audio.s3.amazonaws.com/saysuseraudio1637463799039.mp3,1637463799214-0m90qq,Complete,Transcode job 1637463799214-0m90qq was completed.,140.0,True
b09b5463-a6ee-41c0-bded-c1b706f26367,2021-11-14 04:14:37.528753,2021-11-14 04:15:07.605824,https://says-api-uploaded-audio.s3.amazonaws.com/saysuseraudio1636863277214.m4a,https://says-api-streamable-audio.s3.amazonaws.com/saysuseraudio1636863277214.mp3,1636863277409-vct9lh,Complete,Transcode job 1636863277409-vct9lh was completed.,140.0,True
7401c182-f69b-49b0-92bc-40c2d3c4397b,2022-07-01 16:08:28.527566,2022-07-01 16:08:33.693044,https://says-api-uploaded-audio.s3.amazonaws.com/saysuseraudio1656691708339.m4a,https://says-api-streamable-audio.s3.amazonaws.com/saysuseraudio1656691708339.mp3,1656691708433-suhe77,Complete,Transcode job 1656691708433-suhe77 was completed.,40.0,True
f19c31b3-daa8-403d-a484-7c09ffb708c4,2022-01-28 00:04:43.909357,2022-01-28 00:05:13.971238,https://says-api-uploaded-audio.s3.amazonaws.com/saysuseraudio1643328283511.m4a,https://says-api-streamable-audio.s3.amazonaws.com/saysuseraudio1643328283511.mp3,1643328283802-z7bree,Complete,Transcode job 1643328283802-z7bree was completed.,98.0,False
2f2b9119-c1f5-412d-9307-10606f86b696,2021-10-18 02:05:28.288488,2021-10-26 16:22:01.130763,https://says-api-uploaded-audio.s3.amazonaws.com/saysuseraudio1634522727930.m4a,https://says-api-streamable-audio.s3.amazonaws.com/saysuseraudio1634522727930.mp3,1634522728209-bi4dam,Complete,Transcode job 1634522728209-bi4dam was completed.,140.0,False
d46e39fa-ddf5-4050-a0be-268ec87b6dfd,2022-07-02 01:30:03.573639,2022-07-02 01:30:13.787849,https://says-api-uploaded-audio.s3.amazonaws.com/saysuseraudio1656725403104.m4a,https://says-api-streamable-audio.s3.amazonaws.com/saysuseraudio1656725403104.mp3,1656725403407-bflk1k,Complete,Transcode job 1656725403407-bflk1k was completed.,48.0,True
5157b1eb-3e8d-44a9-902b-91676933f0c8,2021-11-21 03:11:07.540292,2021-11-21 03:11:37.609112,https://says-api-uploaded-audio.s3.amazonaws.com/saysuseraudio1637464267232.m4a,https://says-api-streamable-audio.s3.amazonaws.com/saysuseraudio1637464267232.mp3,1637464267444-50lw10,Complete,Transcode job 1637464267444-50lw10 was completed.,140.0,True
3c6a5afd-e2b2-49ca-8708-1f8683422475,2022-07-01 20:23:02.634744,2022-07-01 20:23:12.824759,https://says-api-uploaded-audio.s3.amazonaws.com/saysuseraudio1656706982249.m4a,https://says-api-streamable-audio.s3.amazonaws.com/saysuseraudio1656706982249.mp3,1656706982552-12nyvd,Complete,Transcode job 1656706982552-12nyvd was completed.,67.0,True
a98fa472-bdef-4c47-ad84-b32da0b79666,2022-07-02 02:31:54.182256,2022-07-02 02:31:59.349105,https://says-api-uploaded-audio.s3.amazonaws.com/saysuseraudio1656729113888.m4a,https://says-api-streamable-audio.s3.amazonaws.com/saysuseraudio1656729113888.mp3,1656729114067-d4mmrb,Complete,Transcode job 1656729114067-d4mmrb was completed.,45.0,True
c400c610-c0b2-44d9-b45d-0e286db11266,2022-04-03 23:42:07.075387,2022-04-03 23:42:37.142671,https://says-api-uploaded-audio.s3.amazonaws.com/saysuseraudio1649029326673.m4a,https://says-api-streamable-audio.s3.amazonaws.com/saysuseraudio1649029326673.mp3,1649029326968-e4t3rr,Complete,Transcode job 1649029326968-e4t3rr was completed.,140.0,True
109ec4fb-37e9-4499-b730-5ae0ced9b93d,2022-07-02 06:28:14.363612,2022-07-02 06:28:19.534725,https://says-api-uploaded-audio.s3.amazonaws.com/saysuseraudio1656743294119.m4a,https://says-api-streamable-audio.s3.amazonaws.com/saysuseraudio1656743294119.mp3,1656743294261-2ijlk2,Complete,Transcode job 1656743294261-2ijlk2 was completed.,13.0,True
ab1f0a35-806a-4cc0-aaad-567e8dbcbcd1,2022-07-02 13:59:16.799273,2022-07-02 13:59:21.955316,https://says-api-uploaded-audio.s3.amazonaws.com/saysuseraudio1656770356555.m4a,https://says-api-streamable-audio.s3.amazonaws.com/saysuseraudio1656770356555.mp3,1656770356729-x09wn7,Complete,Transcode job 1656770356729-x09wn7 was completed.,13.0,True
92ab71c4-41c1-4ab7-8c8f-d36a455825f7,2021-11-02 04:41:04.036068,2021-11-02 04:41:34.106058,https://says-api-uploaded-audio.s3.amazonaws.com/saysuseraudio1635828063875.m4a,https://says-api-streamable-audio.s3.amazonaws.com/saysuseraudio1635828063875.mp3,1635828063959-ukd3zh,Complete,Transcode job 1635828063959-ukd3zh was completed.,7.0,False
b1d36428-3229-4f1e-8f54-a594d9598b4b,2022-07-02 15:50:50.148197,2022-07-02 15:50:55.290134,https://says-api-uploaded-audio.s3.amazonaws.com/saysuseraudio1656777049884.m4a,https://says-api-streamable-audio.s3.amazonaws.com/saysuseraudio1656777049884.mp3,1656777049998-j5hvkh,Complete,Transcode job 1656777049998-j5hvkh was completed.,23.0,True
b9360d89-f816-45c1-b044-7031c5dd30fe,2021-11-14 17:08:15.120225,2021-11-14 17:08:45.213136,https://says-api-uploaded-audio.s3.amazonaws.com/saysuseraudio1636909694916.m4a,https://says-api-streamable-audio.s3.amazonaws.com/saysuseraudio1636909694916.mp3,1636909695033-73bxyo,Complete,Transcode job 1636909695033-73bxyo was completed.,6.0,False
f4632d19-d8b6-48ce-8693-1228fead9df0,2021-12-07 13:13:13.303577,2021-12-07 13:13:43.386020,https://says-api-uploaded-audio.s3.amazonaws.com/saysuseraudio1638882793061.m4a,https://says-api-streamable-audio.s3.amazonaws.com/saysuseraudio1638882793061.mp3,1638882793202-xk20gc,Complete,Transcode job 1638882793202-xk20gc was completed.,3.0,False
b41c2238-932c-488a-a2a7-5c13e3dfa4ef,2022-07-01 23:41:48.324643,2022-07-01 23:41:58.554432,https://says-api-uploaded-audio.s3.amazonaws.com/saysuseraudio1656718907950.m4a,https://says-api-streamable-audio.s3.amazonaws.com/saysuseraudio1656718907950.mp3,1656718908175-euudca,Complete,Transcode job 1656718908175-euudca was completed.,96.0,True
56ce54ac-6cc5-4d0c-97f9-f917f6d92572,2021-10-24 01:32:10.583241,2021-10-26 16:22:00.958149,https://says-api-uploaded-audio.s3.amazonaws.com/saysuseraudio1635039130333.m4a,https://says-api-streamable-audio.s3.amazonaws.com/saysuseraudio1635039130333.mp3,1635039130487-j3b6mj,Complete,Transcode job 1635039130487-j3b6mj was completed.,37.0,True
c3b54ce5-0a09-4c3b-8990-76d9eef6b0ed,2022-07-01 19:26:53.683398,2022-07-01 19:27:03.925914,https://says-api-uploaded-audio.s3.amazonaws.com/saysuseraudio1656703613335.m4a,https://says-api-streamable-audio.s3.amazonaws.com/saysuseraudio1656703613335.mp3,1656703613600-b7t12b,Complete,Transcode job 1656703613600-b7t12b was completed.,134.0,True
a0359890-4746-4420-9a82-c629121a8f45,2022-07-02 04:27:41.306874,2022-07-02 04:27:46.464219,https://says-api-uploaded-audio.s3.amazonaws.com/saysuseraudio1656736061071.m4a,https://says-api-streamable-audio.s3.amazonaws.com/saysuseraudio1656736061071.mp3,1656736061206-prlwd2,Complete,Transcode job 1656736061206-prlwd2 was completed.,62.0,True
5d3ca1ab-f9e3-4d2b-827e-104c39c0f9c5,2022-02-14 22:33:16.379767,2022-02-14 22:33:46.649302,https://says-api-uploaded-audio.s3.amazonaws.com/saysuseraudio1644877996120.m4a,https://says-api-streamable-audio.s3.amazonaws.com/saysuseraudio1644877996120.mp3,1644877996284-p94ggw,Complete,Transcode job 1644877996284-p94ggw was completed.,12.0,False
5e35c9c9-88ab-4afd-b0a0-7516d7d6741d,2022-07-02 03:37:40.068659,2022-07-02 03:37:50.309096,https://says-api-uploaded-audio.s3.amazonaws.com/saysuseraudio1656733059506.m4a,https://says-api-streamable-audio.s3.amazonaws.com/saysuseraudio1656733059506.mp3,1656733059976-37z22e,Complete,Transcode job 1656733059976-37z22e was completed.,91.0,True
6c05a90f-1127-434e-b5e9-507610361992,2022-07-01 19:27:24.209507,2022-07-01 19:27:29.344760,https://says-api-uploaded-audio.s3.amazonaws.com/saysuseraudio1656703643965.m4a,https://says-api-streamable-audio.s3.amazonaws.com/saysuseraudio1656703643965.mp3,1656703644080-22472e,Complete,Transcode job 1656703644080-22472e was completed.,15.0,True
aee547a7-4ca5-4a24-94aa-a598474fd80f,2021-10-18 12:18:46.109953,2021-10-26 16:22:01.122408,https://says-api-uploaded-audio.s3.amazonaws.com/saysuseraudio1634559525719.m4a,https://says-api-streamable-audio.s3.amazonaws.com/saysuseraudio1634559525719.mp3,1634559526014-p4348o,Complete,Transcode job 1634559526014-p4348o was completed.,96.0,False
ae0811cb-6ee9-4851-bdd8-2345cdd12a5e,2022-07-01 16:11:18.218319,2022-07-01 16:11:23.358965,https://says-api-uploaded-audio.s3.amazonaws.com/saysuseraudio1656691877979.m4a,https://says-api-streamable-audio.s3.amazonaws.com/saysuseraudio1656691877979.mp3,1656691878112-1h74dt,Complete,Transcode job 1656691878112-1h74dt was completed.,53.0,True
3d15e474-5a60-4ebe-9fb3-d2ea4c3b8ebc,2022-07-02 02:00:00.992089,2022-07-02 02:00:11.223649,https://says-api-uploaded-audio.s3.amazonaws.com/saysuseraudio1656727200755.m4a,https://says-api-streamable-audio.s3.amazonaws.com/saysuseraudio1656727200755.mp3,1656727200894-dhfjvw,Complete,Transcode job 1656727200894-dhfjvw was completed.,18.0,True
ecbb3abe-0ce2-472a-9f61-7c64d43568d8,2022-03-07 18:26:00.022771,2022-03-07 18:26:30.099236,https://says-api-uploaded-audio.s3.amazonaws.com/saysuseraudio1646677559635.m4a,https://says-api-streamable-audio.s3.amazonaws.com/saysuseraudio1646677559635.mp3,1646677559910-62yktz,Complete,Transcode job 1646677559910-62yktz was completed.,88.0,True
f7f0c00f-b20c-48c7-9c87-c9cb959799c0,2022-07-02 14:00:40.746218,2022-07-02 14:00:45.918496,https://says-api-uploaded-audio.s3.amazonaws.com/saysuseraudio1656770440498.m4a,https://says-api-streamable-audio.s3.amazonaws.com/saysuseraudio1656770440498.mp3,1656770440655-unqb4b,Complete,Transcode job 1656770440655-unqb4b was completed.,29.0,True
1be0d182-cfbc-48ae-94ba-35b81ef1e119,2022-01-29 04:50:42.300472,2022-01-29 04:51:12.385298,https://says-api-uploaded-audio.s3.amazonaws.com/saysuseraudio1643431841942.m4a,https://says-api-streamable-audio.s3.amazonaws.com/saysuseraudio1643431841942.mp3,1643431842203-em7qmb,Complete,Transcode job 1643431842203-em7qmb was completed.,117.0,False
9adc5df9-d6d8-405e-9499-06e4ad0d97dc,2022-04-05 18:15:11.365022,2022-04-05 18:15:41.439589,https://says-api-uploaded-audio.s3.amazonaws.com/saysuseraudio1649182511076.m4a,https://says-api-streamable-audio.s3.amazonaws.com/saysuseraudio1649182511076.mp3,1649182511248-uagc1b,Complete,Transcode job 1649182511248-uagc1b was completed.,97.0,True
4653724e-694f-4013-8c12-0bd82b16f454,2022-07-01 23:43:39.148832,2022-07-01 23:43:44.307391,https://says-api-uploaded-audio.s3.amazonaws.com/saysuseraudio1656719018853.m4a,https://says-api-streamable-audio.s3.amazonaws.com/saysuseraudio1656719018853.mp3,1656719019051-u23r04,Complete,Transcode job 1656719019051-u23r04 was completed.,56.0,True
5b903a74-c62f-4f05-ba6d-c42bee7da2f2,2022-07-02 16:09:38.271371,2022-07-02 16:09:43.440674,https://says-api-uploaded-audio.s3.amazonaws.com/saysuseraudio1656778177981.m4a,https://says-api-streamable-audio.s3.amazonaws.com/saysuseraudio1656778177981.mp3,1656778178103-uxtiv3,Complete,Transcode job 1656778178103-uxtiv3 was completed.,16.0,True
6eced948-a4ca-44eb-8e44-70596c9734d8,2022-01-28 16:32:57.160767,2022-01-28 16:33:27.235712,https://says-api-uploaded-audio.s3.amazonaws.com/saysuseraudio1643387576874.m4a,https://says-api-streamable-audio.s3.amazonaws.com/saysuseraudio1643387576874.mp3,1643387577078-m6vti4,Complete,Transcode job 1643387577078-m6vti4 was completed.,132.0,False
1115ba32-d2e0-4fd3-82cb-b61c5d17d14f,2021-11-21 03:29:26.795898,2021-11-21 03:29:56.858660,https://says-api-uploaded-audio.s3.amazonaws.com/saysuseraudio1637465366513.m4a,https://says-api-streamable-audio.s3.amazonaws.com/saysuseraudio1637465366513.mp3,1637465366717-v6usmo,Complete,Transcode job 1637465366717-v6usmo was completed.,140.0,True
82f9566e-cf3b-49ff-927b-af9b7e573811,2022-08-17 13:36:54.493453,2022-08-17 13:36:59.653485,https://says-api-uploaded-audio.s3.amazonaws.com/saysuseraudio1660743414316.m4a,https://says-api-streamable-audio.s3.amazonaws.com/saysuseraudio1660743414316.mp3,1660743414412-wgf1u1,Complete,Transcode job 1660743414412-wgf1u1 was completed.,14.0,False
4405dabe-574f-4b11-83cd-b5a3ba9320e7,2021-11-02 04:42:52.241643,2021-11-02 04:43:22.310700,https://says-api-uploaded-audio.s3.amazonaws.com/saysuseraudio1635828171996.m4a,https://says-api-streamable-audio.s3.amazonaws.com/saysuseraudio1635828171996.mp3,1635828172163-q01h9g,Complete,Transcode job 1635828172163-q01h9g was completed.,5.0,True
c6e50eb8-ae55-4dbc-9fd9-47d95c5ebc03,2021-11-14 17:08:41.746305,2021-11-14 17:09:11.819026,https://says-api-uploaded-audio.s3.amazonaws.com/saysuseraudio1636909721584.m4a,https://says-api-streamable-audio.s3.amazonaws.com/saysuseraudio1636909721584.mp3,1636909721667-isdn7s,Complete,Transcode job 1636909721667-isdn7s was completed.,4.0,False
8f31ecaf-3543-4e34-bb76-461d02da1e23,2022-08-14 23:01:58.905324,2022-08-14 23:02:04.067317,https://says-api-uploaded-audio.s3.amazonaws.com/saysuseraudio1660518118665.m4a,https://says-api-streamable-audio.s3.amazonaws.com/saysuseraudio1660518118665.mp3,1660518118833-5mwm6s,Complete,Transcode job 1660518118833-5mwm6s was completed.,30.0,False
6be3603e-e9bc-4bea-8bee-d4e845380e16,2021-12-07 14:39:22.206598,2021-12-07 14:39:52.277502,https://says-api-uploaded-audio.s3.amazonaws.com/saysuseraudio1638887961997.m4a,https://says-api-streamable-audio.s3.amazonaws.com/saysuseraudio1638887961997.mp3,1638887962096-7rftmk,Complete,Transcode job 1638887962096-7rftmk was completed.,4.0,False
d608c0d8-db9a-4cf0-a622-a9be642bb702,2022-08-26 02:01:44.633028,2022-08-26 02:01:49.766252,https://says-api-uploaded-audio.s3.amazonaws.com/saysuseraudio1661479304367.m4a,https://says-api-streamable-audio.s3.amazonaws.com/saysuseraudio1661479304367.mp3,1661479304526-h2h1sr,Complete,Transcode job 1661479304526-h2h1sr was completed.,43.0,True
8a9b5682-19d2-4e5d-ac12-f62a3496a805,2022-08-24 22:36:26.619479,2022-08-24 22:36:31.768962,https://says-api-uploaded-audio.s3.amazonaws.com/saysuseraudio1661380586384.m4a,https://says-api-streamable-audio.s3.amazonaws.com/saysuseraudio1661380586384.mp3,1661380586534-lg0lcy,Complete,Transcode job 1661380586534-lg0lcy was completed.,44.0,True
0c963b67-28d7-4e3c-a69c-14f36ee940d9,2022-08-26 17:29:28.760252,2022-08-26 17:29:33.894861,https://says-api-uploaded-audio.s3.amazonaws.com/saysuseraudio1661534968537.m4a,https://says-api-streamable-audio.s3.amazonaws.com/saysuseraudio1661534968537.mp3,1661534968665-o61exj,Complete,Transcode job 1661534968665-o61exj was completed.,38.0,True
fad8fc72-0715-468f-a88d-197faed2b545,2021-10-15 21:40:20.220773,2021-10-26 16:22:00.959484,https://says-api-uploaded-audio.s3.amazonaws.com/saysuseraudio1634334019960.m4a,https://says-api-streamable-audio.s3.amazonaws.com/saysuseraudio1634334019960.mp3,1634334020118-k43b46,Complete,Transcode job 1634334020118-k43b46 was completed.,35.0,True
56b6509a-6a41-4c94-84fd-232ce5ae37eb,2022-02-14 22:34:12.507787,2022-02-14 22:34:42.582165,https://says-api-uploaded-audio.s3.amazonaws.com/saysuseraudio1644878052240.m4a,https://says-api-streamable-audio.s3.amazonaws.com/saysuseraudio1644878052240.mp3,1644878052415-5dsjav,Complete,Transcode job 1644878052415-5dsjav was completed.,8.0,False
45d3f3ae-c6b4-411d-bb4e-90ccf9098b78,2022-03-07 18:44:18.713628,2022-03-07 18:44:48.795322,https://says-api-uploaded-audio.s3.amazonaws.com/saysuseraudio1646678658455.m4a,https://says-api-streamable-audio.s3.amazonaws.com/saysuseraudio1646678658455.mp3,1646678658591-oi5b7l,Complete,Transcode job 1646678658591-oi5b7l was completed.,16.0,True
55fa3584-f883-43db-834c-e1cad532fd9e,2022-07-02 02:39:19.614209,2022-07-02 02:39:29.876920,https://says-api-uploaded-audio.s3.amazonaws.com/saysuseraudio1656729559282.m4a,https://says-api-streamable-audio.s3.amazonaws.com/saysuseraudio1656729559282.mp3,1656729559473-1va61s,Complete,Transcode job 1656729559473-1va61s was completed.,111.0,True
b5660fdc-fd6e-4d9b-9d9d-fddfad3e8364,2022-07-01 19:39:28.543403,2022-07-01 19:39:38.773489,https://says-api-uploaded-audio.s3.amazonaws.com/saysuseraudio1656704368312.m4a,https://says-api-streamable-audio.s3.amazonaws.com/saysuseraudio1656704368312.mp3,1656704368464-6d4y01,Complete,Transcode job 1656704368464-6d4y01 was completed.,33.0,True
d599815c-03db-4e79-b514-3344a05816d1,2022-07-02 14:03:28.807975,2022-07-02 14:03:33.964639,https://says-api-uploaded-audio.s3.amazonaws.com/saysuseraudio1656770608521.m4a,https://says-api-streamable-audio.s3.amazonaws.com/saysuseraudio1656770608521.mp3,1656770608699-7zdd83,Complete,Transcode job 1656770608699-7zdd83 was completed.,20.0,True
76a69cc4-a3b9-4ee0-9225-6feb584eabc7,2022-07-02 19:20:59.868116,2022-07-02 19:21:05.028992,https://says-api-uploaded-audio.s3.amazonaws.com/saysuseraudio1656789659669.m4a,https://says-api-streamable-audio.s3.amazonaws.com/saysuseraudio1656789659669.mp3,1656789659782-obz9vi,Complete,Transcode job 1656789659782-obz9vi was completed.,12.0,True
684c2eaf-17c0-42f9-90c7-9096d9ca74db,2022-08-24 06:55:39.255618,2022-08-24 06:55:44.404071,https://says-api-uploaded-audio.s3.amazonaws.com/saysuseraudio1661324138878.m4a,https://says-api-streamable-audio.s3.amazonaws.com/saysuseraudio1661324138878.mp3,1661324139145-d8cl92,Complete,Transcode job 1661324139145-d8cl92 was completed.,106.0,True
3e7258c8-cb90-4ec0-b740-2d92e4b56506,2022-07-02 02:40:39.208848,2022-07-02 02:40:44.364340,https://says-api-uploaded-audio.s3.amazonaws.com/saysuseraudio1656729638988.m4a,https://says-api-streamable-audio.s3.amazonaws.com/saysuseraudio1656729638988.mp3,1656729639140-x6baqb,Complete,Transcode job 1656729639140-x6baqb was completed.,59.0,True
a0b7dacf-fb87-41bb-9b5c-d5bc8989df41,2022-07-01 16:12:14.832355,2022-07-01 16:12:25.078755,https://says-api-uploaded-audio.s3.amazonaws.com/saysuseraudio1656691934531.m4a,https://says-api-streamable-audio.s3.amazonaws.com/saysuseraudio1656691934531.mp3,1656691934750-qxgbxa,Complete,Transcode job 1656691934750-qxgbxa was completed.,82.0,True
e031c4e5-ee2c-4f82-a6a7-e02f43190974,2022-07-03 15:22:10.553002,2022-07-03 15:22:15.708700,https://says-api-uploaded-audio.s3.amazonaws.com/saysuseraudio1656861730228.m4a,https://says-api-streamable-audio.s3.amazonaws.com/saysuseraudio1656861730228.mp3,1656861730454-cwa032,Complete,Transcode job 1656861730454-cwa032 was completed.,43.0,True
00d3914c-c452-40e4-9c59-a7038871e5a1,2022-01-29 04:54:35.770237,2022-01-29 04:55:05.868716,https://says-api-uploaded-audio.s3.amazonaws.com/saysuseraudio1643432075462.m4a,https://says-api-streamable-audio.s3.amazonaws.com/saysuseraudio1643432075462.mp3,1643432075698-szix1j,Complete,Transcode job 1643432075698-szix1j was completed.,114.0,False
7a6c8d0e-3482-4274-8085-b09e6da0f15f,2022-07-02 17:13:12.206194,2022-07-02 17:13:17.362705,https://says-api-uploaded-audio.s3.amazonaws.com/saysuseraudio1656781991844.m4a,https://says-api-streamable-audio.s3.amazonaws.com/saysuseraudio1656781991844.mp3,1656781992092-vogexw,Complete,Transcode job 1656781992092-vogexw was completed.,68.0,True
aa9356d2-ae78-477b-a481-33c8c448b405,2022-07-03 15:46:58.006546,2022-07-03 15:47:03.189437,https://says-api-uploaded-audio.s3.amazonaws.com/saysuseraudio1656863217750.m4a,https://says-api-streamable-audio.s3.amazonaws.com/saysuseraudio1656863217750.mp3,1656863217919-wnsynb,Complete,Transcode job 1656863217919-wnsynb was completed.,49.0,True
9e5167fc-878a-4a8e-be95-4a2210996c04,2021-11-21 03:32:04.776330,2021-11-21 03:32:34.847654,https://says-api-uploaded-audio.s3.amazonaws.com/saysuseraudio1637465524490.m4a,https://says-api-streamable-audio.s3.amazonaws.com/saysuseraudio1637465524490.mp3,1637465524684-g3htrq,Complete,Transcode job 1637465524684-g3htrq was completed.,140.0,True
aee19df7-7816-4b6a-9368-25001c6830be,2022-04-06 22:19:22.038771,2022-04-06 22:19:52.115452,https://says-api-uploaded-audio.s3.amazonaws.com/saysuseraudio1649283561685.m4a,https://says-api-streamable-audio.s3.amazonaws.com/saysuseraudio1649283561685.mp3,1649283561935-lk0qrl,Complete,Transcode job 1649283561935-lk0qrl was completed.,117.0,True
fd4ab862-2dba-46ea-a3bc-caf8371e548d,2021-10-14 11:38:40.973710,2021-10-26 16:22:00.960896,https://says-api-uploaded-audio.s3.amazonaws.com/saysuseraudio1634211520817.m4a,https://says-api-streamable-audio.s3.amazonaws.com/saysuseraudio1634211520817.mp3,1634211520899-k90m2x,Complete,Transcode job 1634211520899-k90m2x was completed.,6.0,False
3cee8068-f99f-4e9b-a4d9-70b68924e2bd,2021-11-14 17:26:17.207770,2021-11-14 17:26:47.277137,https://says-api-uploaded-audio.s3.amazonaws.com/saysuseraudio1636910776941.m4a,https://says-api-streamable-audio.s3.amazonaws.com/saysuseraudio1636910776941.mp3,1636910777120-pyz3e3,Complete,Transcode job 1636910777120-pyz3e3 was completed.,12.0,False
f7d01e78-7ad7-4348-9324-ca7a31fc63ff,2022-08-26 22:00:08.910153,2022-08-26 22:00:14.088520,https://says-api-uploaded-audio.s3.amazonaws.com/saysuseraudio1661551208473.m4a,https://says-api-streamable-audio.s3.amazonaws.com/saysuseraudio1661551208473.mp3,1661551208795-aeen63,Complete,Transcode job 1661551208795-aeen63 was completed.,26.0,False
a6c7a33a-09b9-4687-b0a4-60e2e36f87d3,2021-12-07 14:40:58.633079,2021-12-07 14:41:28.699595,https://says-api-uploaded-audio.s3.amazonaws.com/saysuseraudio1638888058457.m4a,https://says-api-streamable-audio.s3.amazonaws.com/saysuseraudio1638888058457.mp3,1638888058538-q0b2k0,Complete,Transcode job 1638888058538-q0b2k0 was completed.,2.0,False
9263b5fa-19fa-439c-a6de-7c22c1d1a74e,2022-07-03 16:27:36.578394,2022-07-03 16:27:41.753518,https://says-api-uploaded-audio.s3.amazonaws.com/saysuseraudio1656865656232.m4a,https://says-api-streamable-audio.s3.amazonaws.com/saysuseraudio1656865656232.mp3,1656865656489-dbb75i,Complete,Transcode job 1656865656489-dbb75i was completed.,66.0,True
d5c4e627-db2c-4364-8461-57c185c660aa,2022-02-14 22:35:22.508087,2022-02-14 22:36:52.570244,https://says-api-uploaded-audio.s3.amazonaws.com/saysuseraudio1644878122225.m4a,https://says-api-streamable-audio.s3.amazonaws.com/saysuseraudio1644878122225.mp3,1644878122428-z3o5lr,Complete,Transcode job 1644878122428-z3o5lr was completed.,13.0,True
441f48f4-d813-4a24-abc3-d06378cd1353,2022-07-03 21:00:21.478539,2022-07-03 21:00:26.616513,https://says-api-uploaded-audio.s3.amazonaws.com/saysuseraudio1656882021081.m4a,https://says-api-streamable-audio.s3.amazonaws.com/saysuseraudio1656882021081.mp3,1656882021365-iqiyqw,Complete,Transcode job 1656882021365-iqiyqw was completed.,56.0,False
707e8355-a6db-4f19-afee-19ab3def3753,2021-11-02 20:28:18.552454,2021-11-02 20:28:48.622285,https://says-api-uploaded-audio.s3.amazonaws.com/saysuseraudio1635884897713.m4a,https://says-api-streamable-audio.s3.amazonaws.com/saysuseraudio1635884897713.mp3,1635884898153-7z7pdn,Complete,Transcode job 1635884898153-7z7pdn was completed.,53.0,True
9afe8874-c552-4d6f-a0a1-355881d2ff57,2022-04-06 23:54:07.241223,2022-04-06 23:54:37.370154,https://says-api-uploaded-audio.s3.amazonaws.com/saysuseraudio1649289247017.m4a,https://says-api-streamable-audio.s3.amazonaws.com/saysuseraudio1649289247017.mp3,1649289247152-05uslm,Complete,Transcode job 1649289247152-05uslm was completed.,17.0,True
eca01a53-606c-4e9c-b309-c4c8786b7cdb,2022-04-29 17:21:52.061273,2022-04-29 17:21:57.318828,https://says-api-uploaded-audio.s3.amazonaws.com/saysuseraudio1651252911819.m4a,https://says-api-streamable-audio.s3.amazonaws.com/saysuseraudio1651252911819.mp3,1651252911965-m5zt8j,Complete,Transcode job 1651252911965-m5zt8j was completed.,3.0,True
2286b0f9-8794-4b86-a6c9-6f1d66413863,2022-04-29 17:41:12.539748,2022-04-29 17:41:17.704280,https://says-api-uploaded-audio.s3.amazonaws.com/saysuseraudio1651254072235.m4a,https://says-api-streamable-audio.s3.amazonaws.com/saysuseraudio1651254072235.mp3,1651254072381-k4vhcu,Complete,Transcode job 1651254072381-k4vhcu was completed.,9.0,True
1ded95c4-838a-4085-b342-f244f78832ea,2022-04-29 18:07:59.246537,2022-04-29 18:08:04.415094,https://says-api-uploaded-audio.s3.amazonaws.com/saysuseraudio1651255679038.m4a,https://says-api-streamable-audio.s3.amazonaws.com/saysuseraudio1651255679038.mp3,1651255679162-a19j88,Complete,Transcode job 1651255679162-a19j88 was completed.,15.0,True
4f6d251f-cb80-4f48-98d8-4e4b7380b552,2022-04-29 18:21:47.228698,2022-04-29 18:21:52.383080,https://says-api-uploaded-audio.s3.amazonaws.com/saysuseraudio1651256507043.m4a,https://says-api-streamable-audio.s3.amazonaws.com/saysuseraudio1651256507043.mp3,1651256507146-d4zlwv,Complete,Transcode job 1651256507146-d4zlwv was completed.,15.0,True
ca0848f0-976d-48d2-a9ef-14a551af5aaf,2022-03-07 18:47:35.485950,2022-03-07 18:48:05.605060,https://says-api-uploaded-audio.s3.amazonaws.com/saysuseraudio1646678855220.m4a,https://says-api-streamable-audio.s3.amazonaws.com/saysuseraudio1646678855220.mp3,1646678855403-ud8bkz,Complete,Transcode job 1646678855403-ud8bkz was completed.,61.0,False
698ee151-159d-4ff3-9451-7d03070e1a3d,2022-04-29 21:47:28.452206,2022-04-29 21:47:33.765514,https://says-api-uploaded-audio.s3.amazonaws.com/saysuseraudio1651268848255.m4a,https://says-api-streamable-audio.s3.amazonaws.com/saysuseraudio1651268848255.mp3,1651268848350-g2aolx,Complete,Transcode job 1651268848350-g2aolx was completed.,33.0,False
bbc63037-87fe-4fd3-95ad-7a6aec74a29d,2022-04-30 01:13:13.120459,2022-04-30 01:13:18.295951,https://says-api-uploaded-audio.s3.amazonaws.com/saysuseraudio1651281192743.m4a,https://says-api-streamable-audio.s3.amazonaws.com/saysuseraudio1651281192743.mp3,1651281192960-5sc2f6,Complete,Transcode job 1651281192960-5sc2f6 was completed.,8.0,False
4e3a06a7-6d89-418b-ba44-fa19f233d501,2022-07-03 19:02:15.902087,2022-07-03 19:02:26.130647,https://says-api-uploaded-audio.s3.amazonaws.com/saysuseraudio1656874935520.m4a,https://says-api-streamable-audio.s3.amazonaws.com/saysuseraudio1656874935520.mp3,1656874935813-zkcbdd,Complete,Transcode job 1656874935813-zkcbdd was completed.,139.0,True
92534561-63ff-4289-ba5d-c56f4c24c550,2022-04-30 05:10:15.293021,2022-04-30 05:10:20.448130,https://says-api-uploaded-audio.s3.amazonaws.com/saysuseraudio1651295415007.m4a,https://says-api-streamable-audio.s3.amazonaws.com/saysuseraudio1651295415007.mp3,1651295415193-zrlxep,Complete,Transcode job 1651295415193-zrlxep was completed.,8.0,True
04d2bc8d-8f95-41e5-bc3f-081bf2712692,2022-04-30 11:35:59.566857,2022-04-30 11:36:04.721262,https://says-api-uploaded-audio.s3.amazonaws.com/saysuseraudio1651318559344.m4a,https://says-api-streamable-audio.s3.amazonaws.com/saysuseraudio1651318559344.mp3,1651318559456-2y50i3,Complete,Transcode job 1651318559456-2y50i3 was completed.,5.0,True
4fd8f14f-bbca-4fc9-b530-fd4ae1a1c90f,2022-01-29 04:57:24.527483,2022-01-29 04:57:54.596722,https://says-api-uploaded-audio.s3.amazonaws.com/saysuseraudio1643432244191.m4a,https://says-api-streamable-audio.s3.amazonaws.com/saysuseraudio1643432244191.mp3,1643432244430-v3cr9e,Complete,Transcode job 1643432244430-v3cr9e was completed.,104.0,False
e8d40ebb-7ba9-4f9e-9602-3e04218ff1e0,2022-07-03 19:22:15.498228,2022-07-03 19:22:25.764822,https://says-api-uploaded-audio.s3.amazonaws.com/saysuseraudio1656876135233.m4a,https://says-api-streamable-audio.s3.amazonaws.com/saysuseraudio1656876135233.mp3,1656876135396-kbp2py,Complete,Transcode job 1656876135396-kbp2py was completed.,140.0,False
e703821f-a40f-46a3-9acb-4566f0076223,2022-07-03 23:24:38.442249,2022-07-03 23:24:48.681095,https://says-api-uploaded-audio.s3.amazonaws.com/saysuseraudio1656890678206.m4a,https://says-api-streamable-audio.s3.amazonaws.com/saysuseraudio1656890678206.mp3,1656890678349-t0x8tb,Complete,Transcode job 1656890678349-t0x8tb was completed.,139.0,True
6728045f-79db-4f16-a24d-a23fbbdc6f43,2022-04-30 00:45:15.647407,2022-04-30 00:45:20.773341,https://says-api-uploaded-audio.s3.amazonaws.com/saysuseraudio1651279515302.m4a,https://says-api-streamable-audio.s3.amazonaws.com/saysuseraudio1651279515302.mp3,1651279515545-dq5r01,Complete,Transcode job 1651279515545-dq5r01 was completed.,55.0,True
547a5e78-0755-4cda-97c5-bbf4be0f3dea,2022-04-30 21:15:48.058670,2022-04-30 21:15:53.210509,https://says-api-uploaded-audio.s3.amazonaws.com/saysuseraudio1651353347895.m4a,https://says-api-streamable-audio.s3.amazonaws.com/saysuseraudio1651353347895.mp3,1651353347981-lr8g04,Complete,Transcode job 1651353347981-lr8g04 was completed.,31.0,True
b1e1f77b-d961-45b5-911a-ce7470b0dbc5,2022-04-30 22:36:18.806928,2022-04-30 22:36:23.960343,https://says-api-uploaded-audio.s3.amazonaws.com/saysuseraudio1651358178508.m4a,https://says-api-streamable-audio.s3.amazonaws.com/saysuseraudio1651358178508.mp3,1651358178692-7fgtob,Complete,Transcode job 1651358178692-7fgtob was completed.,31.0,True
4c26f36b-276c-4ffe-bd18-1017fba2be2b,2022-04-30 20:47:40.564094,2022-04-30 20:47:45.718055,https://says-api-uploaded-audio.s3.amazonaws.com/saysuseraudio1651351660291.m4a,https://says-api-streamable-audio.s3.amazonaws.com/saysuseraudio1651351660291.mp3,1651351660459-pho4sg,Complete,Transcode job 1651351660459-pho4sg was completed.,39.0,True
f33c1398-fde4-47be-9f43-1ae42671c0bf,2021-11-21 04:09:50.774076,2021-11-21 04:10:20.851078,https://says-api-uploaded-audio.s3.amazonaws.com/saysuseraudio1637467790510.m4a,https://says-api-streamable-audio.s3.amazonaws.com/saysuseraudio1637467790510.mp3,1637467790678-v5gc3c,Complete,Transcode job 1637467790678-v5gc3c was completed.,140.0,True
06913cce-8e6e-470a-ba45-f06cf069c4c5,2021-11-15 23:11:41.900327,2021-11-15 23:12:11.972727,https://says-api-uploaded-audio.s3.amazonaws.com/saysuseraudio1637017901677.m4a,https://says-api-streamable-audio.s3.amazonaws.com/saysuseraudio1637017901677.mp3,1637017901807-84cc42,Complete,Transcode job 1637017901807-84cc42 was completed.,4.0,False
f193ffe9-1cfc-4bf2-898c-b55dd305d074,2021-10-26 16:28:11.713283,2021-10-26 16:28:41.788707,https://says-api-uploaded-audio.s3.amazonaws.com/saysuseraudio1635265691211.m4a,https://says-api-streamable-audio.s3.amazonaws.com/saysuseraudio1635265691211.mp3,1635265691626-y5gnrc,Complete,Transcode job 1635265691626-y5gnrc was completed.,7.0,True
05017ce9-91d4-4d54-83c4-382ac4c4e042,2021-12-07 15:41:21.251580,2021-12-14 22:43:28.280466,https://says-api-uploaded-audio.s3.amazonaws.com/saysuseraudio1638891681045.m4a,https://says-api-streamable-audio.s3.amazonaws.com/saysuseraudio1638891681045.mp3,1638891681172-uc5a8y,Complete,Transcode job 1638891681172-uc5a8y was completed.,4.0,True
e02d3783-dee7-4c5e-8a38-6197053b9e31,2022-02-14 22:35:55.594806,2022-02-14 22:36:25.673340,https://says-api-uploaded-audio.s3.amazonaws.com/saysuseraudio1644878155261.m4a,https://says-api-streamable-audio.s3.amazonaws.com/saysuseraudio1644878155261.mp3,1644878155389-z2mprv,Complete,Transcode job 1644878155389-z2mprv was completed.,13.0,True
99a56909-51c7-4569-b717-ba4b4162282c,2022-04-30 23:48:08.180028,2022-04-30 23:48:13.328696,https://says-api-uploaded-audio.s3.amazonaws.com/saysuseraudio1651362487932.m4a,https://says-api-streamable-audio.s3.amazonaws.com/saysuseraudio1651362487932.mp3,1651362488082-klvtkn,Complete,Transcode job 1651362488082-klvtkn was completed.,57.0,True
0a575c85-cd8b-4561-8d80-67da1e70d297,2021-11-03 02:48:02.565918,2021-11-03 02:48:32.618600,https://says-api-uploaded-audio.s3.amazonaws.com/saysuseraudio1635907682250.m4a,https://says-api-streamable-audio.s3.amazonaws.com/saysuseraudio1635907682250.mp3,1635907682452-bx61tc,Complete,Transcode job 1635907682452-bx61tc was completed.,33.0,True
8432fb17-90e6-4590-a384-0f764f66bd89,2022-04-29 16:47:41.910426,2022-04-29 16:47:46.953754,https://says-api-uploaded-audio-dev.s3.amazonaws.com/saysuseraudio1651250858889.m4a,https://says-api-streamable-audio-dev.s3.amazonaws.com/saysuseraudio1651250858889.mp3,1651250861262-jxldzd,Complete,Transcode job 1651250861262-jxldzd was completed.,9.0,True
6ad0051e-8523-4708-b46e-8b2ec263fa92,2022-04-29 17:22:59.799819,2022-04-29 17:23:04.944975,https://says-api-uploaded-audio.s3.amazonaws.com/saysuseraudio1651252979626.m4a,https://says-api-streamable-audio.s3.amazonaws.com/saysuseraudio1651252979626.mp3,1651252979700-ns75vz,Complete,Transcode job 1651252979700-ns75vz was completed.,4.0,True
2b62925b-832a-4e77-8440-919ec0a3b247,2022-03-07 21:00:03.960265,2022-03-07 21:01:01.718094,https://says-api-uploaded-audio.s3.amazonaws.com/saysuseraudio1646686803677.m4a,https://says-api-streamable-audio.s3.amazonaws.com/saysuseraudio1646686803677.mp3,1646686803827-ked332,Complete,Transcode job 1646686803827-ked332 was completed.,32.0,True
8f9e2444-c2dd-4c44-aacf-6db44a2abb87,2022-04-29 21:50:05.194544,2022-04-29 21:50:10.323862,https://says-api-uploaded-audio.s3.amazonaws.com/saysuseraudio1651269004830.m4a,https://says-api-streamable-audio.s3.amazonaws.com/saysuseraudio1651269004830.mp3,1651269004994-6ikwua,Complete,Transcode job 1651269004994-6ikwua was completed.,9.0,False
9eb56a01-e855-42ab-8522-b9c7cc1efd63,2022-04-30 03:14:20.211492,2022-04-30 03:14:30.455781,https://says-api-uploaded-audio.s3.amazonaws.com/saysuseraudio1651288459896.m4a,https://says-api-streamable-audio.s3.amazonaws.com/saysuseraudio1651288459896.mp3,1651288460110-wtgjsu,Complete,Transcode job 1651288460110-wtgjsu was completed.,114.0,True
d2983836-7635-414d-ab97-b61ddddae618,2022-04-30 01:15:31.688402,2022-04-30 01:15:36.840272,https://says-api-uploaded-audio.s3.amazonaws.com/saysuseraudio1651281331516.m4a,https://says-api-streamable-audio.s3.amazonaws.com/saysuseraudio1651281331516.mp3,1651281331576-zucd25,Complete,Transcode job 1651281331576-zucd25 was completed.,5.0,False
4902dc85-2fcd-4996-be40-dbf724fc0df2,2022-04-29 18:22:20.142624,2022-04-29 18:22:25.296024,https://says-api-uploaded-audio.s3.amazonaws.com/saysuseraudio1651256539869.m4a,https://says-api-streamable-audio.s3.amazonaws.com/saysuseraudio1651256539869.mp3,1651256540034-za6zbt,Complete,Transcode job 1651256540034-za6zbt was completed.,21.0,True
d40bdf04-4f8a-4fa4-90a8-a87657edddbe,2022-07-04 04:57:14.481589,2022-07-04 04:57:24.742273,https://says-api-uploaded-audio.s3.amazonaws.com/saysuseraudio1656910634044.m4a,https://says-api-streamable-audio.s3.amazonaws.com/saysuseraudio1656910634044.mp3,1656910634368-sfwinp,Complete,Transcode job 1656910634368-sfwinp was completed.,95.0,True
d414ee2c-bcf9-4637-b5ca-4660a678eb47,2022-05-01 16:17:28.591291,2022-05-01 16:17:33.718318,https://says-api-uploaded-audio.s3.amazonaws.com/saysuseraudio1651421848387.m4a,https://says-api-streamable-audio.s3.amazonaws.com/saysuseraudio1651421848387.mp3,1651421848487-ax2hnx,Complete,Transcode job 1651421848487-ax2hnx was completed.,3.0,True
23274e25-e33c-4f38-899c-5b0577523787,2022-04-07 15:08:35.260472,2022-04-07 15:09:05.349432,https://says-api-uploaded-audio.s3.amazonaws.com/saysuseraudio1649344114884.m4a,https://says-api-streamable-audio.s3.amazonaws.com/saysuseraudio1649344114884.mp3,1649344115074-qse1kd,Complete,Transcode job 1649344115074-qse1kd was completed.,56.0,True
641b84ec-d8e9-48a3-b5f3-4ce7ec8e7d1a,2022-04-30 02:12:23.694656,2022-04-30 02:12:33.883429,https://says-api-uploaded-audio.s3.amazonaws.com/saysuseraudio1651284743367.m4a,https://says-api-streamable-audio.s3.amazonaws.com/saysuseraudio1651284743367.mp3,1651284743601-z5q2yb,Complete,Transcode job 1651284743601-z5q2yb was completed.,140.0,True
c24fe1e3-b21c-476f-bc28-d6d6d430dd73,2022-04-30 23:48:58.472851,2022-04-30 23:49:03.626708,https://says-api-uploaded-audio.s3.amazonaws.com/saysuseraudio1651362538273.m4a,https://says-api-streamable-audio.s3.amazonaws.com/saysuseraudio1651362538273.mp3,1651362538396-cr7sbz,Complete,Transcode job 1651362538396-cr7sbz was completed.,30.0,True
e389cbf6-5d89-4f54-babc-5d95cfe004ea,2022-05-01 01:47:04.454009,2022-05-01 01:47:09.601179,https://says-api-uploaded-audio.s3.amazonaws.com/saysuseraudio1651369624124.m4a,https://says-api-streamable-audio.s3.amazonaws.com/saysuseraudio1651369624124.mp3,1651369624355-jikdl2,Complete,Transcode job 1651369624355-jikdl2 was completed.,28.0,True
ad0fdc68-cfaf-4040-9916-63faa2037003,2022-05-01 01:01:29.375912,2022-05-01 01:01:34.597295,https://says-api-uploaded-audio.s3.amazonaws.com/saysuseraudio1651366889052.m4a,https://says-api-streamable-audio.s3.amazonaws.com/saysuseraudio1651366889052.mp3,1651366889203-efammb,Complete,Transcode job 1651366889203-efammb was completed.,37.0,True
479d2187-0759-4330-affa-edeed6e9d141,2022-05-02 04:48:11.514114,2022-05-02 04:48:16.665944,https://says-api-uploaded-audio.s3.amazonaws.com/saysuseraudio1651466891327.m4a,https://says-api-streamable-audio.s3.amazonaws.com/saysuseraudio1651466891327.mp3,1651466891405-u93fx4,Complete,Transcode job 1651466891405-u93fx4 was completed.,7.0,True
24740703-d216-4fd9-ac36-5ece3b6c3d62,2022-05-01 22:00:50.274781,2022-05-01 22:00:55.437652,https://says-api-uploaded-audio.s3.amazonaws.com/saysuseraudio1651442450088.m4a,https://says-api-streamable-audio.s3.amazonaws.com/saysuseraudio1651442450088.mp3,1651442450188-6wbilr,Complete,Transcode job 1651442450188-6wbilr was completed.,19.0,True
6562a809-8b4d-4375-92fd-8732495d2ce5,2022-05-02 00:11:27.355368,2022-05-02 00:11:32.517470,https://says-api-uploaded-audio.s3.amazonaws.com/saysuseraudio1651450287145.m4a,https://says-api-streamable-audio.s3.amazonaws.com/saysuseraudio1651450287145.mp3,1651450287253-m2eb8y,Complete,Transcode job 1651450287253-m2eb8y was completed.,23.0,False
a108e6d9-83c2-4b06-8791-82ce29eb82a4,2022-05-02 21:55:49.470615,2022-05-02 21:55:54.634493,https://says-api-uploaded-audio.s3.amazonaws.com/saysuseraudio1651528549202.m4a,https://says-api-streamable-audio.s3.amazonaws.com/saysuseraudio1651528549202.mp3,1651528549359-q8n8bo,Complete,Transcode job 1651528549359-q8n8bo was completed.,11.0,False
126c082a-8458-4d18-9fbb-643780dac7cc,2021-10-26 16:35:53.718464,2021-10-26 16:36:23.945668,https://says-api-uploaded-audio.s3.amazonaws.com/saysuseraudio1635266153501.m4a,https://says-api-streamable-audio.s3.amazonaws.com/saysuseraudio1635266153501.mp3,1635266153607-ccklm9,Complete,Transcode job 1635266153607-ccklm9 was completed.,4.0,True
1e941c41-e7e3-4372-b3ca-b4a8ddbeec19,2021-11-04 10:53:32.364405,2021-11-04 10:54:02.453636,https://says-api-uploaded-audio.s3.amazonaws.com/saysuseraudio1636023212153.m4a,https://says-api-streamable-audio.s3.amazonaws.com/saysuseraudio1636023212153.mp3,1636023212258-7vq9cg,Complete,Transcode job 1636023212258-7vq9cg was completed.,4.0,False
f5e2e6ed-da9d-47d4-8282-3f53f5e85461,2021-11-15 23:43:28.384151,2021-11-15 23:43:58.452170,https://says-api-uploaded-audio.s3.amazonaws.com/saysuseraudio1637019808068.m4a,https://says-api-streamable-audio.s3.amazonaws.com/saysuseraudio1637019808068.mp3,1637019808298-pgnbt4,Complete,Transcode job 1637019808298-pgnbt4 was completed.,4.0,False
c734b33b-3cdc-4142-8d25-e871ff5ff1ed,2021-12-07 15:43:10.906088,2021-12-14 22:43:29.770592,https://says-api-uploaded-audio.s3.amazonaws.com/saysuseraudio1638891789649.m4a,https://says-api-streamable-audio.s3.amazonaws.com/saysuseraudio1638891789649.mp3,1638891789754-ucssd7,Complete,Transcode job 1638891789754-ucssd7 was completed.,2.0,False
cffba9e9-c609-4b08-bdc6-915d05ac1c91,2022-05-02 03:02:06.184714,2022-05-02 03:02:11.393314,https://says-api-uploaded-audio.s3.amazonaws.com/saysuseraudio1651460525959.m4a,https://says-api-streamable-audio.s3.amazonaws.com/saysuseraudio1651460525959.mp3,1651460526087-9vkr2s,Complete,Transcode job 1651460526087-9vkr2s was completed.,32.0,True
8950591f-d7f2-409f-9c6e-13f48e33ed80,2022-02-14 22:36:17.765767,2022-02-14 22:36:47.831903,https://says-api-uploaded-audio.s3.amazonaws.com/saysuseraudio1644878177490.m4a,https://says-api-streamable-audio.s3.amazonaws.com/saysuseraudio1644878177490.mp3,1644878177630-cgbn1m,Complete,Transcode job 1644878177630-cgbn1m was completed.,4.0,True
77cfdd86-f7ed-4f9b-b07f-6c2532c00499,2022-05-01 21:22:43.492074,2022-05-01 21:22:53.701191,https://says-api-uploaded-audio.s3.amazonaws.com/saysuseraudio1651440163151.m4a,https://says-api-streamable-audio.s3.amazonaws.com/saysuseraudio1651440163151.mp3,1651440163401-kjeljy,Complete,Transcode job 1651440163401-kjeljy was completed.,58.0,True
39f52ce4-6e73-487e-8c3d-d3101b692848,2021-11-21 04:12:18.627878,2021-11-21 04:12:48.694796,https://says-api-uploaded-audio.s3.amazonaws.com/saysuseraudio1637467938369.m4a,https://says-api-streamable-audio.s3.amazonaws.com/saysuseraudio1637467938369.mp3,1637467938532-ba32ao,Complete,Transcode job 1637467938532-ba32ao was completed.,140.0,True
52c2db2a-5ee9-4e50-9578-fab382edbe73,2022-01-29 05:26:01.387924,2022-01-29 05:26:31.471086,https://says-api-uploaded-audio.s3.amazonaws.com/saysuseraudio1643433961007.m4a,https://says-api-streamable-audio.s3.amazonaws.com/saysuseraudio1643433961007.mp3,1643433961310-rci7fm,Complete,Transcode job 1643433961310-rci7fm was completed.,140.0,False
9a9415c6-a8a3-4806-bf69-5a834e772bca,2022-05-01 23:12:21.292978,2022-05-01 23:12:26.438350,https://says-api-uploaded-audio.s3.amazonaws.com/saysuseraudio1651446741005.m4a,https://says-api-streamable-audio.s3.amazonaws.com/saysuseraudio1651446741005.mp3,1651446741221-xtn0qv,Complete,Transcode job 1651446741221-xtn0qv was completed.,58.0,True
6c669618-e196-41c6-9a8f-fb2f3aadc2ab,2022-04-29 17:23:47.275030,2022-04-29 17:23:52.426173,https://says-api-uploaded-audio.s3.amazonaws.com/saysuseraudio1651253026909.m4a,https://says-api-streamable-audio.s3.amazonaws.com/saysuseraudio1651253026909.mp3,1651253027182-k4s9i9,Complete,Transcode job 1651253027182-k4s9i9 was completed.,8.0,True
9995c51e-ed7b-463a-aaf6-2b5c420abe92,2022-04-29 18:22:53.487529,2022-04-29 18:22:58.650129,https://says-api-uploaded-audio.s3.amazonaws.com/saysuseraudio1651256573293.m4a,https://says-api-streamable-audio.s3.amazonaws.com/saysuseraudio1651256573293.mp3,1651256573400-jyv30u,Complete,Transcode job 1651256573400-jyv30u was completed.,7.0,True
096135db-2961-4477-a385-13da7f3ff0d9,2022-04-30 01:16:15.024402,2022-04-30 01:16:20.171798,https://says-api-uploaded-audio.s3.amazonaws.com/saysuseraudio1651281374799.m4a,https://says-api-streamable-audio.s3.amazonaws.com/saysuseraudio1651281374799.mp3,1651281374929-d1bo6r,Complete,Transcode job 1651281374929-d1bo6r was completed.,7.0,False
4501098d-7efc-49f4-83a0-b20a02d7f0d5,2022-04-29 21:52:35.474926,2022-04-29 21:52:40.591282,https://says-api-uploaded-audio.s3.amazonaws.com/saysuseraudio1651269155234.m4a,https://says-api-streamable-audio.s3.amazonaws.com/saysuseraudio1651269155234.mp3,1651269155377-278k7d,Complete,Transcode job 1651269155377-278k7d was completed.,17.0,False
632596ca-ede7-40fe-bc26-59d500b773ff,2022-05-01 01:03:06.147261,2022-05-01 01:03:11.316580,https://says-api-uploaded-audio.s3.amazonaws.com/saysuseraudio1651366985924.m4a,https://says-api-streamable-audio.s3.amazonaws.com/saysuseraudio1651366985924.mp3,1651366986041-lq4i0s,Complete,Transcode job 1651366986041-lq4i0s was completed.,16.0,True
5620966f-3c97-411b-a397-ad19957f984b,2022-05-01 22:14:44.020430,2022-05-01 22:14:49.153419,https://says-api-uploaded-audio.s3.amazonaws.com/saysuseraudio1651443283769.m4a,https://says-api-streamable-audio.s3.amazonaws.com/saysuseraudio1651443283769.mp3,1651443283933-c3y16q,Complete,Transcode job 1651443283933-c3y16q was completed.,23.0,True
5225a102-7474-4f16-a36a-1ceccf2b71e1,2022-05-02 17:59:35.979374,2022-05-02 17:59:46.194932,https://says-api-uploaded-audio.s3.amazonaws.com/saysuseraudio1651514375596.m4a,https://says-api-streamable-audio.s3.amazonaws.com/saysuseraudio1651514375596.mp3,1651514375879-iqks7t,Complete,Transcode job 1651514375879-iqks7t was completed.,72.0,True
bcdbcd1c-08ec-404a-a36b-348063d7d480,2022-07-01 16:13:12.783062,2022-07-01 16:13:17.951609,https://says-api-uploaded-audio.s3.amazonaws.com/saysuseraudio1656691992592.m4a,https://says-api-streamable-audio.s3.amazonaws.com/saysuseraudio1656691992592.mp3,1656691992700-fk9sk7,Complete,Transcode job 1656691992700-fk9sk7 was completed.,16.0,True
21c81f5f-16f1-4ad4-9b76-b7fb037a65d6,2022-05-02 22:00:57.857806,2022-05-02 22:01:03.029350,https://says-api-uploaded-audio.s3.amazonaws.com/saysuseraudio1651528857624.m4a,https://says-api-streamable-audio.s3.amazonaws.com/saysuseraudio1651528857624.mp3,1651528857768-61svlo,Complete,Transcode job 1651528857768-61svlo was completed.,31.0,True
d1672112-340e-4303-b123-2171216e1d54,2022-04-07 15:58:07.785988,2022-04-07 15:58:37.860399,https://says-api-uploaded-audio.s3.amazonaws.com/saysuseraudio1649347087521.m4a,https://says-api-streamable-audio.s3.amazonaws.com/saysuseraudio1649347087521.mp3,1649347087718-ajdyzp,Complete,Transcode job 1649347087718-ajdyzp was completed.,73.0,True
3f372c67-3b5e-4988-9d47-738703d09567,2022-05-03 03:02:58.431416,2022-05-03 03:03:03.635735,https://says-api-uploaded-audio.s3.amazonaws.com/saysuseraudio1651546978161.m4a,https://says-api-streamable-audio.s3.amazonaws.com/saysuseraudio1651546978161.mp3,1651546978287-mtri1w,Complete,Transcode job 1651546978287-mtri1w was completed.,42.0,False
3a76717c-bff6-445c-bbac-8d4296545383,2022-05-02 03:03:20.226607,2022-05-02 03:03:25.362799,https://says-api-uploaded-audio.s3.amazonaws.com/saysuseraudio1651460599994.m4a,https://says-api-streamable-audio.s3.amazonaws.com/saysuseraudio1651460599994.mp3,1651460600160-vwkosn,Complete,Transcode job 1651460600160-vwkosn was completed.,60.0,True
7eacdc06-a1b0-4d45-9192-1f407865cf6a,2022-07-02 14:05:22.912363,2022-07-02 14:05:28.051799,https://says-api-uploaded-audio.s3.amazonaws.com/saysuseraudio1656770722721.m4a,https://says-api-streamable-audio.s3.amazonaws.com/saysuseraudio1656770722721.mp3,1656770722840-6064hs,Complete,Transcode job 1656770722840-6064hs was completed.,32.0,True
b60042d7-8b1c-4e6f-b1d1-40993fde8fc2,2022-01-29 05:46:33.253471,2022-01-29 05:47:03.338414,https://says-api-uploaded-audio.s3.amazonaws.com/saysuseraudio1643435192979.m4a,https://says-api-streamable-audio.s3.amazonaws.com/saysuseraudio1643435192979.mp3,1643435193143-t219hi,Complete,Transcode job 1643435193143-t219hi was completed.,111.0,False
d4e5e5a6-577c-4190-a361-0451d6117b17,2022-07-04 05:32:34.494838,2022-07-04 05:32:39.650386,https://says-api-uploaded-audio.s3.amazonaws.com/saysuseraudio1656912754189.m4a,https://says-api-streamable-audio.s3.amazonaws.com/saysuseraudio1656912754189.mp3,1656912754385-47xg4b,Complete,Transcode job 1656912754385-47xg4b was completed.,31.0,True
b2e76dbe-9314-4098-bb72-6f95f490521c,2022-03-07 21:07:03.382275,2022-03-07 21:07:33.467759,https://says-api-uploaded-audio.s3.amazonaws.com/saysuseraudio1646687223069.m4a,https://says-api-streamable-audio.s3.amazonaws.com/saysuseraudio1646687223069.mp3,1646687223304-rf4hpo,Complete,Transcode job 1646687223304-rf4hpo was completed.,129.0,True
397d4506-27df-46e8-ae32-3539f52f6f19,2021-11-04 10:55:12.310247,2021-11-04 10:55:42.375494,https://says-api-uploaded-audio.s3.amazonaws.com/saysuseraudio1636023312125.m4a,https://says-api-streamable-audio.s3.amazonaws.com/saysuseraudio1636023312125.mp3,1636023312223-l6egw8,Complete,Transcode job 1636023312223-l6egw8 was completed.,4.0,False
3be69cc4-6f77-416e-8fbb-26fcc6240a31,2022-08-14 23:03:01.625330,2022-08-14 23:04:11.831171,https://says-api-uploaded-audio.s3.amazonaws.com/saysuseraudio1660518181276.m4a,https://says-api-streamable-audio.s3.amazonaws.com/saysuseraudio1660518181276.mp3,1660518181487-ry5nv5,Complete,Transcode job 1660518181487-ry5nv5 was completed.,30.0,False
7113f24a-27ad-490d-8e3c-183749acead9,2021-11-21 04:15:02.513256,2021-11-21 04:15:32.652179,https://says-api-uploaded-audio.s3.amazonaws.com/saysuseraudio1637468102182.m4a,https://says-api-streamable-audio.s3.amazonaws.com/saysuseraudio1637468102182.mp3,1637468102400-z0m9wt,Complete,Transcode job 1637468102400-z0m9wt was completed.,140.0,True
fa21dad1-2181-4363-bfc3-9894e5eae661,2021-12-07 15:46:38.479308,2021-12-14 22:43:25.862587,https://says-api-uploaded-audio.s3.amazonaws.com/saysuseraudio1638891998325.m4a,https://says-api-streamable-audio.s3.amazonaws.com/saysuseraudio1638891998325.mp3,1638891998400-tdcgco,Complete,Transcode job 1638891998400-tdcgco was completed.,3.0,False
aae9d49b-74b0-473d-a60d-3299987d824c,2022-07-01 19:46:55.754049,2022-07-01 19:47:00.911447,https://says-api-uploaded-audio.s3.amazonaws.com/saysuseraudio1656704815392.m4a,https://says-api-streamable-audio.s3.amazonaws.com/saysuseraudio1656704815392.mp3,1656704815660-bxjzfp,Complete,Transcode job 1656704815660-bxjzfp was completed.,75.0,True
edc183a7-3e78-4b79-9175-c0c51ba57f25,2022-02-14 22:37:54.757777,2022-02-14 22:38:24.813232,https://says-api-uploaded-audio.s3.amazonaws.com/saysuseraudio1644878274531.m4a,https://says-api-streamable-audio.s3.amazonaws.com/saysuseraudio1644878274531.mp3,1644878274677-sp1tmz,Complete,Transcode job 1644878274677-sp1tmz was completed.,7.0,True
cbb80348-cee1-42ab-909f-79b3629041b8,2022-03-08 01:32:47.717035,2022-03-08 01:33:17.794139,https://says-api-uploaded-audio.s3.amazonaws.com/saysuseraudio1646703167429.m4a,https://says-api-streamable-audio.s3.amazonaws.com/saysuseraudio1646703167429.mp3,1646703167597-fgrihx,Complete,Transcode job 1646703167597-fgrihx was completed.,19.0,False
872cd452-76b8-4993-9b43-da2fb1a9206c,2022-07-03 19:24:33.905825,2022-07-03 19:24:44.190020,https://says-api-uploaded-audio.s3.amazonaws.com/saysuseraudio1656876273496.m4a,https://says-api-streamable-audio.s3.amazonaws.com/saysuseraudio1656876273496.mp3,1656876273789-bi0wx8,Complete,Transcode job 1656876273789-bi0wx8 was completed.,105.0,False
b7be8604-c6cb-45e3-87ea-979269d6b2fd,2022-04-29 17:24:16.816648,2022-04-29 17:24:21.956472,https://says-api-uploaded-audio.s3.amazonaws.com/saysuseraudio1651253056630.m4a,https://says-api-streamable-audio.s3.amazonaws.com/saysuseraudio1651253056630.mp3,1651253056731-f4gmko,Complete,Transcode job 1651253056731-f4gmko was completed.,9.0,True
aca25a35-2773-4cf1-a9a8-5ad936306705,2021-11-16 02:06:54.841764,2021-11-16 02:07:24.946493,https://says-api-uploaded-audio.s3.amazonaws.com/saysuseraudio1637028414514.m4a,https://says-api-streamable-audio.s3.amazonaws.com/saysuseraudio1637028414514.mp3,1637028414746-l9na1f,Complete,Transcode job 1637028414746-l9na1f was completed.,66.0,True
0e2dc05e-9263-4e26-8df8-c2e76bd472fe,2022-04-10 05:40:55.725436,2022-04-10 05:41:25.809198,https://says-api-uploaded-audio.s3.amazonaws.com/saysuseraudio1649569255471.m4a,https://says-api-streamable-audio.s3.amazonaws.com/saysuseraudio1649569255471.mp3,1649569255631-e7ej3s,Complete,Transcode job 1649569255631-e7ej3s was completed.,33.0,False
d0aa1e86-40a2-4778-8f0f-878c107ba096,2022-05-01 01:04:57.308666,2022-05-01 01:05:02.834850,https://says-api-uploaded-audio.s3.amazonaws.com/saysuseraudio1651367097145.m4a,https://says-api-streamable-audio.s3.amazonaws.com/saysuseraudio1651367097145.mp3,1651367097229-dwc0f2,Complete,Transcode job 1651367097229-dwc0f2 was completed.,4.0,True
437608c5-8317-4821-a06a-4d896b2ecd63,2021-11-21 22:46:43.605668,2021-11-21 22:47:13.682919,https://says-api-uploaded-audio.s3.amazonaws.com/saysuseraudio1637534803364.m4a,https://says-api-streamable-audio.s3.amazonaws.com/saysuseraudio1637534803364.mp3,1637534803503-i4sphp,Complete,Transcode job 1637534803503-i4sphp was completed.,83.0,False
1a7e7e7d-3cbb-4682-897f-efd5a9369452,2022-04-30 01:28:36.304280,2022-04-30 01:28:41.480023,https://says-api-uploaded-audio.s3.amazonaws.com/saysuseraudio1651282116097.m4a,https://says-api-streamable-audio.s3.amazonaws.com/saysuseraudio1651282116097.mp3,1651282116209-ptzqft,Complete,Transcode job 1651282116209-ptzqft was completed.,20.0,True
57596d5f-1835-4f7e-998d-ef9af24bd394,2022-07-04 05:00:14.765074,2022-07-04 05:00:25.033586,https://says-api-uploaded-audio.s3.amazonaws.com/saysuseraudio1656910814487.m4a,https://says-api-streamable-audio.s3.amazonaws.com/saysuseraudio1656910814487.mp3,1656910814661-4o9e68,Complete,Transcode job 1656910814661-4o9e68 was completed.,129.0,False
a72c2dcf-527e-443e-bc48-ecd25c65f0af,2022-05-03 19:02:43.327321,2022-05-03 19:02:48.467020,https://says-api-uploaded-audio.s3.amazonaws.com/saysuseraudio1651604563081.m4a,https://says-api-streamable-audio.s3.amazonaws.com/saysuseraudio1651604563081.mp3,1651604563218-3897iq,Complete,Transcode job 1651604563218-3897iq was completed.,10.0,True
1145d7d1-0f4f-477a-bfad-ab0dd73aa485,2022-04-29 18:24:30.453188,2022-04-29 18:24:35.639229,https://says-api-uploaded-audio.s3.amazonaws.com/saysuseraudio1651256670243.m4a,https://says-api-streamable-audio.s3.amazonaws.com/saysuseraudio1651256670243.mp3,1651256670369-scfynj,Complete,Transcode job 1651256670369-scfynj was completed.,34.0,True
797e7e6c-df4c-4cca-92a0-401a7fa84568,2021-10-27 03:03:04.144532,2021-10-27 03:03:20.263968,https://says-api-uploaded-audio.s3.amazonaws.com/saysuseraudio1635303783774.m4a,https://says-api-streamable-audio.s3.amazonaws.com/saysuseraudio1635303783774.mp3,1635303784040-042h26,Complete,Transcode job 1635303784040-042h26 was completed.,123.0,False
f44ed9e8-ec47-4894-9921-53f96c231ed4,2022-05-04 20:53:03.653951,2022-05-04 20:53:13.878199,https://says-api-uploaded-audio.s3.amazonaws.com/saysuseraudio1651697582959.m4a,https://says-api-streamable-audio.s3.amazonaws.com/saysuseraudio1651697582959.mp3,1651697583555-r8nzrt,Complete,Transcode job 1651697583555-r8nzrt was completed.,101.0,False
6ba15130-55d4-4bf9-9526-0aeaf17d64e3,2022-01-29 06:12:35.112832,2022-01-29 06:13:05.204190,https://says-api-uploaded-audio.s3.amazonaws.com/saysuseraudio1643436754806.m4a,https://says-api-streamable-audio.s3.amazonaws.com/saysuseraudio1643436754806.mp3,1643436755043-07uiso,Complete,Transcode job 1643436755043-07uiso was completed.,113.0,False
d0e607e0-87fd-4c0c-be8b-c13f787d0c26,2022-01-29 06:12:39.686438,2022-01-29 06:13:09.742528,https://says-api-uploaded-audio.s3.amazonaws.com/saysuseraudio1643436759316.m4a,https://says-api-streamable-audio.s3.amazonaws.com/saysuseraudio1643436759316.mp3,1643436759597-fe6m48,Complete,Transcode job 1643436759597-fe6m48 was completed.,113.0,False
0eaf3fb0-e5e7-4961-863b-69930a98bc4c,2022-05-05 05:17:16.319356,2022-05-05 05:17:21.467983,https://says-api-uploaded-audio.s3.amazonaws.com/saysuseraudio1651727836121.m4a,https://says-api-streamable-audio.s3.amazonaws.com/saysuseraudio1651727836121.mp3,1651727836217-1ycrsp,Complete,Transcode job 1651727836217-1ycrsp was completed.,4.0,False
7286295d-88a4-49cc-a1b2-983324e6cbf0,2022-05-05 04:25:31.163086,2022-05-05 04:25:36.346293,https://says-api-uploaded-audio.s3.amazonaws.com/saysuseraudio1651724730930.m4a,https://says-api-streamable-audio.s3.amazonaws.com/saysuseraudio1651724730930.mp3,1651724731037-25hk7f,Complete,Transcode job 1651724731037-25hk7f was completed.,5.0,False
cf149902-a4bc-42e5-a4c6-80d989d5113e,2022-05-05 22:11:12.445017,2022-05-05 22:11:17.618833,https://says-api-uploaded-audio.s3.amazonaws.com/saysuseraudio1651788672148.m4a,https://says-api-streamable-audio.s3.amazonaws.com/saysuseraudio1651788672148.mp3,1651788672331-zfanga,Complete,Transcode job 1651788672331-zfanga was completed.,62.0,False
19bd48e1-7a86-4029-9a5f-c8df08f9b03c,2022-08-17 13:37:35.735900,2022-08-17 13:37:40.900238,https://says-api-uploaded-audio.s3.amazonaws.com/saysuseraudio1660743455555.m4a,https://says-api-streamable-audio.s3.amazonaws.com/saysuseraudio1660743455555.mp3,1660743455668-9th990,Complete,Transcode job 1660743455668-9th990 was completed.,1.0,False
41991db4-0d4c-4f71-9fde-63665966b3fb,2022-05-01 22:17:40.006401,2022-05-01 22:17:45.199850,https://says-api-uploaded-audio.s3.amazonaws.com/saysuseraudio1651443459740.m4a,https://says-api-streamable-audio.s3.amazonaws.com/saysuseraudio1651443459740.mp3,1651443459909-w2ezms,Complete,Transcode job 1651443459909-w2ezms was completed.,53.0,True
e3570213-972e-4728-b6bc-f8661b443dde,2021-10-27 13:10:38.362605,2021-10-27 13:11:08.437515,https://says-api-uploaded-audio.s3.amazonaws.com/saysuseraudio1635340238105.m4a,https://says-api-streamable-audio.s3.amazonaws.com/saysuseraudio1635340238105.mp3,1635340238231-nl5tm8,Complete,Transcode job 1635340238231-nl5tm8 was completed.,6.0,True
88435d2e-cd16-4924-af21-e0696620b827,2021-11-04 10:56:37.271909,2021-11-04 10:57:07.325863,https://says-api-uploaded-audio.s3.amazonaws.com/saysuseraudio1636023397078.m4a,https://says-api-streamable-audio.s3.amazonaws.com/saysuseraudio1636023397078.mp3,1636023397193-sgkb7f,Complete,Transcode job 1636023397193-sgkb7f was completed.,7.0,False
e48796ed-fb9c-492a-af1e-f2a71aa216a5,2021-12-07 15:49:34.185506,2021-12-14 22:43:25.854249,https://says-api-uploaded-audio.s3.amazonaws.com/saysuseraudio1638892173985.m4a,https://says-api-streamable-audio.s3.amazonaws.com/saysuseraudio1638892173985.mp3,1638892174083-pv7q4a,Complete,Transcode job 1638892174083-pv7q4a was completed.,3.0,False
dce8be8d-d0c3-4a88-bab7-12faf8719ab4,2021-11-24 20:28:31.149767,2021-11-24 20:29:01.224350,https://says-api-uploaded-audio.s3.amazonaws.com/saysuseraudio1637785710943.m4a,https://says-api-streamable-audio.s3.amazonaws.com/saysuseraudio1637785710943.mp3,1637785711053-4b2528,Complete,Transcode job 1637785711053-4b2528 was completed.,7.0,True
efa34d1d-97ca-40d3-9bc9-e3f92c06dc6a,2022-05-04 22:51:31.807455,2022-05-04 22:51:36.964589,https://says-api-uploaded-audio.s3.amazonaws.com/saysuseraudio1651704691626.m4a,https://says-api-streamable-audio.s3.amazonaws.com/saysuseraudio1651704691626.mp3,1651704691707-892n7b,Complete,Transcode job 1651704691707-892n7b was completed.,36.0,True
9b9f0d55-1853-4b1c-a366-5d4116dd0296,2022-02-14 22:38:28.260858,2022-02-14 22:38:58.338528,https://says-api-uploaded-audio.s3.amazonaws.com/saysuseraudio1644878308007.m4a,https://says-api-streamable-audio.s3.amazonaws.com/saysuseraudio1644878308007.mp3,1644878308121-y2v3m7,Complete,Transcode job 1644878308121-y2v3m7 was completed.,8.0,True
625c7e3e-cb55-42d9-b271-942eb17ba133,2022-05-03 22:51:23.956619,2022-05-03 22:51:29.112827,https://says-api-uploaded-audio.s3.amazonaws.com/saysuseraudio1651618283706.m4a,https://says-api-streamable-audio.s3.amazonaws.com/saysuseraudio1651618283706.mp3,1651618283847-b0o2fs,Complete,Transcode job 1651618283847-b0o2fs was completed.,56.0,True
7b8510a3-447f-4ff0-abf7-9a67ebf3ca29,2022-03-08 01:34:07.988849,2022-03-08 01:34:38.057841,https://says-api-uploaded-audio.s3.amazonaws.com/saysuseraudio1646703247737.m4a,https://says-api-streamable-audio.s3.amazonaws.com/saysuseraudio1646703247737.mp3,1646703247900-3ec18y,Complete,Transcode job 1646703247900-3ec18y was completed.,20.0,False
37a752d4-9456-45f5-a77a-9353fe9f68a8,2022-05-04 23:08:08.350956,2022-05-04 23:08:18.568767,https://says-api-uploaded-audio.s3.amazonaws.com/saysuseraudio1651705688044.m4a,https://says-api-streamable-audio.s3.amazonaws.com/saysuseraudio1651705688044.mp3,1651705688248-4cn66b,Complete,Transcode job 1651705688248-4cn66b was completed.,138.0,True
6fbcf2c2-8197-4db7-a92a-a9781b1f86ab,2022-05-03 22:59:27.581704,2022-05-03 22:59:32.739437,https://says-api-uploaded-audio.s3.amazonaws.com/saysuseraudio1651618767396.m4a,https://says-api-streamable-audio.s3.amazonaws.com/saysuseraudio1651618767396.mp3,1651618767513-3d0f3x,Complete,Transcode job 1651618767513-3d0f3x was completed.,2.0,False
6d7cb1a7-83ea-4457-8d58-4091602d6dd8,2022-04-29 18:25:46.911383,2022-04-29 18:25:52.182146,https://says-api-uploaded-audio.s3.amazonaws.com/saysuseraudio1651256746660.m4a,https://says-api-streamable-audio.s3.amazonaws.com/saysuseraudio1651256746660.mp3,1651256746836-1u7hzu,Complete,Transcode job 1651256746836-1u7hzu was completed.,22.0,True
d0d1640a-7fd6-4c64-a900-84bb9b914438,2022-05-05 05:17:29.469325,2022-05-05 05:17:34.619076,https://says-api-uploaded-audio.s3.amazonaws.com/saysuseraudio1651727849307.m4a,https://says-api-streamable-audio.s3.amazonaws.com/saysuseraudio1651727849307.mp3,1651727849385-f88m9p,Complete,Transcode job 1651727849385-f88m9p was completed.,6.0,False
87f9e2f5-ce2b-4432-a488-3e0442b8f3d8,2022-05-04 06:38:44.309611,2022-05-04 06:38:49.488889,https://says-api-uploaded-audio.s3.amazonaws.com/saysuseraudio1651646323993.m4a,https://says-api-streamable-audio.s3.amazonaws.com/saysuseraudio1651646323993.mp3,1651646324208-jl3h0g,Complete,Transcode job 1651646324208-jl3h0g was completed.,71.0,True
a273a8d6-9b8f-4b6f-a202-7d0a978e5c77,2022-04-29 17:24:45.033513,2022-04-29 17:24:50.179622,https://says-api-uploaded-audio.s3.amazonaws.com/saysuseraudio1651253084850.m4a,https://says-api-streamable-audio.s3.amazonaws.com/saysuseraudio1651253084850.mp3,1651253084956-cponk5,Complete,Transcode job 1651253084956-cponk5 was completed.,27.0,True
4081e462-1962-49f0-881f-89faca5400ce,2022-05-04 15:29:37.629284,2022-05-04 15:29:47.867936,https://says-api-uploaded-audio.s3.amazonaws.com/saysuseraudio1651678177257.m4a,https://says-api-streamable-audio.s3.amazonaws.com/saysuseraudio1651678177257.mp3,1651678177527-yoo9g1,Complete,Transcode job 1651678177527-yoo9g1 was completed.,139.0,True
0e1f8bcd-e461-43a0-a8f4-c2647fe595c2,2022-05-06 04:07:10.371121,2022-05-06 04:07:15.513605,https://says-api-uploaded-audio.s3.amazonaws.com/saysuseraudio1651810030116.m4a,https://says-api-streamable-audio.s3.amazonaws.com/saysuseraudio1651810030116.mp3,1651810030276-o4e60z,Complete,Transcode job 1651810030276-o4e60z was completed.,35.0,True
aff0c2d9-ff7a-4140-a06b-2a416dc5219f,2022-05-06 04:47:21.527151,2022-05-06 04:47:26.738328,https://says-api-uploaded-audio.s3.amazonaws.com/saysuseraudio1651812441280.m4a,https://says-api-streamable-audio.s3.amazonaws.com/saysuseraudio1651812441280.mp3,1651812441440-ja1gmm,Complete,Transcode job 1651812441440-ja1gmm was completed.,41.0,True
4fcf5316-fd47-42a3-ad9f-bc38825c2070,2022-05-01 01:10:22.183018,2022-05-01 01:10:27.386385,https://says-api-uploaded-audio.s3.amazonaws.com/saysuseraudio1651367421944.m4a,https://says-api-streamable-audio.s3.amazonaws.com/saysuseraudio1651367421944.mp3,1651367422092-2k08n5,Complete,Transcode job 1651367422092-2k08n5 was completed.,58.0,False
af39425c-4b19-4ed5-9a19-658e42063a7a,2022-05-06 23:22:05.464129,2022-05-06 23:22:10.647968,https://says-api-uploaded-audio.s3.amazonaws.com/saysuseraudio1651879325146.m4a,https://says-api-streamable-audio.s3.amazonaws.com/saysuseraudio1651879325146.mp3,1651879325314-3s6bxm,Complete,Transcode job 1651879325314-3s6bxm was completed.,47.0,True
167ac80a-03af-4655-8f42-b03d73e42834,2022-05-06 03:01:00.290039,2022-05-06 03:01:10.554909,https://says-api-uploaded-audio.s3.amazonaws.com/saysuseraudio1651806059978.m4a,https://says-api-streamable-audio.s3.amazonaws.com/saysuseraudio1651806059978.mp3,1651806060199-ga4eze,Complete,Transcode job 1651806060199-ga4eze was completed.,63.0,False
0eea2d14-a651-44be-a630-af79b50df5e8,2022-01-29 07:51:21.748834,2022-01-29 07:51:51.829096,https://says-api-uploaded-audio.s3.amazonaws.com/saysuseraudio1643442681424.m4a,https://says-api-streamable-audio.s3.amazonaws.com/saysuseraudio1643442681424.mp3,1643442681669-xf8s29,Complete,Transcode job 1643442681669-xf8s29 was completed.,130.0,False
4502f7ac-c46d-4b04-8a45-913104612620,2022-04-12 23:56:36.933952,2022-04-12 23:57:07.010298,https://says-api-uploaded-audio.s3.amazonaws.com/saysuseraudio1649807796565.m4a,https://says-api-streamable-audio.s3.amazonaws.com/saysuseraudio1649807796565.mp3,1649807796829-eumxu4,Complete,Transcode job 1649807796829-eumxu4 was completed.,137.0,True
